Workbook

Sheet Dashboard
G1: DASHBOARD · INDICADORES OPERACIONAIS
B3: CLIENTE ▸ | D3: Todos | L3: PERÍODO ▸ | Q3: 46296 | T3: até | V3: 46326
B4: ="Período "&TEXT(calculos!$F$7,"dd/mm")&"/"&YEAR(calculos!$F$7)&" a "&TEXT(calculos!$G$7,"dd/mm")&"/"&YEAR(calculos!$G$7)&" · ▲▼ comparado a "&TEXT(calculos!$F$8,"dd/mm")&"–"&TEXT(calculos!$G$8,"dd/mm")&" (mesmo número de dias) · gráficos diários: "&calculos!$B$7 -> Período 01/10/2026 a 31/10/2026 · ▲▼ comparado a 31/08–30/09 (mesmo número de dias) · gráficos diários: Outubro/2026
C6: =Config!$D$60&"" -> RECEBIMENTO (IN) | H6: =Config!$D$62&"" -> EXPEDIÇÃO (OUT) | M6: =Config!$D$64&"" -> NC OPERACIONAL | R6: =Config!$D$69&"" -> ÍNDICE DE OCUPAÇÃO (P.P) | W6: =Config!$D$75&"" -> GENTE
B7: =IF(calculos!$AX$366="Não se aplica","—",calculos!$B$330) -> 0 | G7: =IF(calculos!$AY$366="Não se aplica","—",calculos!$B$333) -> 0 | L7: =calculos!$B$336 -> 0 | Q7: =IF(calculos!$AZ$366="Só ocupadas","CONTRATO",IF(OR(calculos!$AZ$366="Completo",calculos!$AZ$366=""),calculos!$BA$366&"","")) -> ARMAZÉM | S7: =IF(calculos!$AZ$366="Só ocupadas",IF(calculos!$BC$366="","—",UPPER(calculos!$BC$366)),IF(OR(calculos!$AZ$366="Completo",calculos!$AZ$366=""),calculos!$B$341,"")) | V7: =Config!$D$76&"" -> EFETIVO | X7: =calculos!$B$344
Q8: =IF(calculos!$AZ$366="Não se aplica","",Config!$D$72&"") -> OCUPADA | S8: =IF(calculos!$AZ$366="Não se aplica","",calculos!$B$340) | V8: =Config!$D$77&"" -> ABSENTEÍSMO (H/H) | X8: =calculos!$B$347 -> 0
L9: =Config!$D$65&"" -> incidentes no período | Q9: =IF(OR(calculos!$AZ$366="Completo",calculos!$AZ$366=""),Config!$D$73&"","") -> TX OCUPAÇÃO | S9: =IF(OR(calculos!$AZ$366="Completo",calculos!$AZ$366=""),calculos!$B$342,"") | V9: =Config!$D$78&"" -> FÉRIAS | X9: =calculos!$B$350 -> 0
B10: =IF(calculos!$AX$366="Não se aplica","não se aplica a este cliente",Config!$D$61&"") -> veículos recebidos | G10: =IF(calculos!$AY$366="Não se aplica","não se aplica a este cliente",Config!$D$63&"") -> veículos expedidos | L10: =Config!$D$66&"" -> NO SHOW | N10: =calculos!$B$337 -> 0 | Q10: =IF(OR(calculos!$AZ$366="Completo",calculos!$AZ$366=""),Config!$D$74&"","") -> OCIOSIDADE | S10: =IF(OR(calculos!$AZ$366="Completo",calculos!$AZ$366=""),calculos!$B$343,"") | V10: =Config!$D$79&"" -> TURNOVER | X10: =calculos!$B$352
B11: =IF(calculos!$AX$366="Não se aplica","",calculos!$B$364) -> 0 pallets movimentados | G11: =IF(calculos!$AY$366="Não se aplica","",calculos!$F$364) -> 0 pallets movimentados | L11: =Config!$D$67&"" -> BACKLOG INTRALOG | N11: =calculos!$B$338 | Q11: =IF(calculos!$AZ$366="Não se aplica","não se aplica a este cliente",IF(calculos!$AZ$366="Só ocupadas","posições ocupadas · contrato "&IF(calculos!$BC$366="","não informado",calculos!$BC$366),IF(ISNUMBER(calculos!$B$342),"taxa de ocupação · "&IF(calculos!$B$342>1,"excede o contratado",IF(calculos!$B$342>=calculos!$B$6,"ocupação alta",IF(calculos!$B$342>=calculos!$B$5,"ocupação média","ociosidade alta"))),""))) | V11: =Config!$D$80&"" -> DESVIOS COMPORTAM. | X11: =calculos!$B$353 -> 0
B12: =IF(calculos!$AX$366="Não se aplica","",calculos!$D$364) -> 0,0 t movimentadas | G12: =IF(calculos!$AY$366="Não se aplica","",calculos!$H$364) -> 0,0 t movimentadas | L12: =Config!$D$68&"" -> BACKLOG CLIENTE | N12: =calculos!$B$339 | V12: =Config!$D$81&"" -> ACIDENTES (CAF/SAF) | X12: =N(calculos!$B$354)&" / "&N(calculos!$B$355) -> 0 / 0
B13: =IF(calculos!$AX$366="Não se aplica","",calculos!$D$330) | G13: =IF(calculos!$AY$366="Não se aplica","",calculos!$D$333) | L13: =calculos!$D$336 | Q13: =IF(AND(calculos!$AZ$366<>"Completo",calculos!$AZ$366<>""),"",calculos!$D$342) | V13: =calculos!$D$344
B65: Cards: período digitado (dia inicial e final). Gráficos: mês do dia inicial. Absenteísmo (H/H) = horas de ausência lançadas na BD (soma do período) · Turnover = desligamentos ÷ efetivo · CAF/SAF = acidentes com / sem afastamento. Metas: aba BD.

Sheet Monitoramento
G1: MONITORAMENTO DIÁRIO DE PERFORMANCE | AE1: OUTUBRO · 2026
A2: CLIENTE | B2: INDICADORES | D2: META | F2: REALIZADO P/DIA | AK2: MÊS
F3: =IF(ISNUMBER($AE$1),DATE(YEAR($AE$1),MONTH($AE$1),1),IFERROR(DATE(VALUE(RIGHT(TRIM($AE$1),4)),MATCH(TRIM(LEFT($AE$1,FIND("·",$AE$1)-1)),{"JANEIRO","FEVEREIRO","MARÇO","ABRIL","MAIO","JUNHO","JULHO","AGOSTO","SETEMBRO","OUTUBRO","NOVEMBRO","DEZEMBRO"},0),1),DATE(2026,10,1))) -> 46296 | G3: =IF(F3="","",IF(MONTH(F3+1)=MONTH($F$3),F3+1,"")) -> 46297 | H3: =IF(G3="","",IF(MONTH(G3+1)=MONTH($F$3),G3+1,"")) -> 46298 | I3: =IF(H3="","",IF(MONTH(H3+1)=MONTH($F$3),H3+1,"")) -> 46299 | J3: =IF(I3="","",IF(MONTH(I3+1)=MONTH($F$3),I3+1,"")) -> 46300 | K3: =IF(J3="","",IF(MONTH(J3+1)=MONTH($F$3),J3+1,"")) -> 46301 | L3: =IF(K3="","",IF(MONTH(K3+1)=MONTH($F$3),K3+1,"")) -> 46302 | M3: =IF(L3="","",IF(MONTH(L3+1)=MONTH($F$3),L3+1,"")) -> 46303 | N3: =IF(M3="","",IF(MONTH(M3+1)=MONTH($F$3),M3+1,"")) -> 46304 | ... AJ3: =IF(AI3="","",IF(MONTH(AI3+1)=MONTH($F$3),AI3+1,"")) -> 46326
A5: Barry Callebaut | B5: IN | C5: Veículos Recebidos | D5: =IFERROR(1/(1/INDEX(BD!$AF$23:$AZ$23,MATCH($A$5,BD!$AF$22:$AZ$22,0))),"") | F5: =IF(F$3="","",IF(COUNTIFS(BD!$A$3:$A$5001,F$3,BD!$B$3:$B$5001,$A$5,BD!$C$3:$C$5001,"<>")=0,"",SUMIFS(BD!$C$3:$C$5001,BD!$A$3:$A$5001,F$3,BD!$B$3:$B$5001,$A$5))) | G5: =IF(G$3="","",IF(COUNTIFS(BD!$A$3:$A$5001,G$3,BD!$B$3:$B$5001,$A$5,BD!$C$3:$C$5001,"<>")=0,"",SUMIFS(BD!$C$3:$C$5001,BD!$A$3:$A$5001,G$3,BD!$B$3:$B$5001,$A$5))) | H5: =IF(H$3="","",IF(COUNTIFS(BD!$A$3:$A$5001,H$3,BD!$B$3:$B$5001,$A$5,BD!$C$3:$C$5001,"<>")=0,"",SUMIFS(BD!$C$3:$C$5001,BD!$A$3:$A$5001,H$3,BD!$B$3:$B$5001,$A$5))) | I5: =IF(I$3="","",IF(COUNTIFS(BD!$A$3:$A$5001,I$3,BD!$B$3:$B$5001,$A$5,BD!$C$3:$C$5001,"<>")=0,"",SUMIFS(BD!$C$3:$C$5001,BD!$A$3:$A$5001,I$3,BD!$B$3:$B$5001,$A$5))) | J5: =IF(J$3="","",IF(COUNTIFS(BD!$A$3:$A$5001,J$3,BD!$B$3:$B$5001,$A$5,BD!$C$3:$C$5001,"<>")=0,"",SUMIFS(BD!$C$3:$C$5001,BD!$A$3:$A$5001,J$3,BD!$B$3:$B$5001,$A$5))) | K5: =IF(K$3="","",IF(COUNTIFS(BD!$A$3:$A$5001,K$3,BD!$B$3:$B$5001,$A$5,BD!$C$3:$C$5001,"<>")=0,"",SUMIFS(BD!$C$3:$C$5001,BD!$A$3:$A$5001,K$3,BD!$B$3:$B$5001,$A$5))) | L5: =IF(L$3="","",IF(COUNTIFS(BD!$A$3:$A$5001,L$3,BD!$B$3:$B$5001,$A$5,BD!$C$3:$C$5001,"<>")=0,"",SUMIFS(BD!$C$3:$C$5001,BD!$A$3:$A$5001,L$3,BD!$B$3:$B$5001,$A$5))) | M5: =IF(M$3="","",IF(COUNTIFS(BD!$A$3:$A$5001,M$3,BD!$B$3:$B$5001,$A$5,BD!$C$3:$C$5001,"<>")=0,"",SUMIFS(BD!$C$3:$C$5001,BD!$A$3:$A$5001,M$3,BD!$B$3:$B$5001,$A$5))) | ... AJ5: =IF(AJ$3="","",IF(COUNTIFS(BD!$A$3:$A$5001,AJ$3,BD!$B$3:$B$5001,$A$5,BD!$C$3:$C$5001,"<>")=0,"",SUMIFS(BD!$C$3:$C$5001,BD!$A$3:$A$5001,AJ$3,BD!$B$3:$B$5001,$A$5))) | AK5: =IF(COUNT(F5:AJ5)=0,"",SUM(F5:AJ5))
C6: Pallets Movimentados | D6: =IFERROR(1/(1/INDEX(BD!$AF$24:$AZ$24,MATCH($A$5,BD!$AF$22:$AZ$22,0))),"") | F6: =IF(F$3="","",IF(COUNTIFS(BD!$A$3:$A$5001,F$3,BD!$B$3:$B$5001,$A$5,BD!$D$3:$D$5001,"<>")=0,"",SUMIFS(BD!$D$3:$D$5001,BD!$A$3:$A$5001,F$3,BD!$B$3:$B$5001,$A$5))) | G6: =IF(G$3="","",IF(COUNTIFS(BD!$A$3:$A$5001,G$3,BD!$B$3:$B$5001,$A$5,BD!$D$3:$D$5001,"<>")=0,"",SUMIFS(BD!$D$3:$D$5001,BD!$A$3:$A$5001,G$3,BD!$B$3:$B$5001,$A$5))) | H6: =IF(H$3="","",IF(COUNTIFS(BD!$A$3:$A$5001,H$3,BD!$B$3:$B$5001,$A$5,BD!$D$3:$D$5001,"<>")=0,"",SUMIFS(BD!$D$3:$D$5001,BD!$A$3:$A$5001,H$3,BD!$B$3:$B$5001,$A$5))) | I6: =IF(I$3="","",IF(COUNTIFS(BD!$A$3:$A$5001,I$3,BD!$B$3:$B$5001,$A$5,BD!$D$3:$D$5001,"<>")=0,"",SUMIFS(BD!$D$3:$D$5001,BD!$A$3:$A$5001,I$3,BD!$B$3:$B$5001,$A$5))) | J6: =IF(J$3="","",IF(COUNTIFS(BD!$A$3:$A$5001,J$3,BD!$B$3:$B$5001,$A$5,BD!$D$3:$D$5001,"<>")=0,"",SUMIFS(BD!$D$3:$D$5001,BD!$A$3:$A$5001,J$3,BD!$B$3:$B$5001,$A$5))) | K6: =IF(K$3="","",IF(COUNTIFS(BD!$A$3:$A$5001,K$3,BD!$B$3:$B$5001,$A$5,BD!$D$3:$D$5001,"<>")=0,"",SUMIFS(BD!$D$3:$D$5001,BD!$A$3:$A$5001,K$3,BD!$B$3:$B$5001,$A$5))) | L6: =IF(L$3="","",IF(COUNTIFS(BD!$A$3:$A$5001,L$3,BD!$B$3:$B$5001,$A$5,BD!$D$3:$D$5001,"<>")=0,"",SUMIFS(BD!$D$3:$D$5001,BD!$A$3:$A$5001,L$3,BD!$B$3:$B$5001,$A$5))) | M6: =IF(M$3="","",IF(COUNTIFS(BD!$A$3:$A$5001,M$3,BD!$B$3:$B$5001,$A$5,BD!$D$3:$D$5001,"<>")=0,"",SUMIFS(BD!$D$3:$D$5001,BD!$A$3:$A$5001,M$3,BD!$B$3:$B$5001,$A$5))) | ... AJ6: =IF(AJ$3="","",IF(COUNTIFS(BD!$A$3:$A$5001,AJ$3,BD!$B$3:$B$5001,$A$5,BD!$D$3:$D$5001,"<>")=0,"",SUMIFS(BD!$D$3:$D$5001,BD!$A$3:$A$5001,AJ$3,BD!$B$3:$B$5001,$A$5))) | AK6: =IF(COUNT(F6:AJ6)=0,"",SUM(F6:AJ6))
C7: Toneladas Movimentadas | D7: =IFERROR(1/(1/INDEX(BD!$AF$25:$AZ$25,MATCH($A$5,BD!$AF$22:$AZ$22,0))),"") | F7: =IF(F$3="","",IF(COUNTIFS(BD!$A$3:$A$5001,F$3,BD!$B$3:$B$5001,$A$5,BD!$E$3:$E$5001,"<>")=0,"",SUMIFS(BD!$E$3:$E$5001,BD!$A$3:$A$5001,F$3,BD!$B$3:$B$5001,$A$5))) | G7: =IF(G$3="","",IF(COUNTIFS(BD!$A$3:$A$5001,G$3,BD!$B$3:$B$5001,$A$5,BD!$E$3:$E$5001,"<>")=0,"",SUMIFS(BD!$E$3:$E$5001,BD!$A$3:$A$5001,G$3,BD!$B$3:$B$5001,$A$5))) | H7: =IF(H$3="","",IF(COUNTIFS(BD!$A$3:$A$5001,H$3,BD!$B$3:$B$5001,$A$5,BD!$E$3:$E$5001,"<>")=0,"",SUMIFS(BD!$E$3:$E$5001,BD!$A$3:$A$5001,H$3,BD!$B$3:$B$5001,$A$5))) | I7: =IF(I$3="","",IF(COUNTIFS(BD!$A$3:$A$5001,I$3,BD!$B$3:$B$5001,$A$5,BD!$E$3:$E$5001,"<>")=0,"",SUMIFS(BD!$E$3:$E$5001,BD!$A$3:$A$5001,I$3,BD!$B$3:$B$5001,$A$5))) | J7: =IF(J$3="","",IF(COUNTIFS(BD!$A$3:$A$5001,J$3,BD!$B$3:$B$5001,$A$5,BD!$E$3:$E$5001,"<>")=0,"",SUMIFS(BD!$E$3:$E$5001,BD!$A$3:$A$5001,J$3,BD!$B$3:$B$5001,$A$5))) | K7: =IF(K$3="","",IF(COUNTIFS(BD!$A$3:$A$5001,K$3,BD!$B$3:$B$5001,$A$5,BD!$E$3:$E$5001,"<>")=0,"",SUMIFS(BD!$E$3:$E$5001,BD!$A$3:$A$5001,K$3,BD!$B$3:$B$5001,$A$5))) | L7: =IF(L$3="","",IF(COUNTIFS(BD!$A$3:$A$5001,L$3,BD!$B$3:$B$5001,$A$5,BD!$E$3:$E$5001,"<>")=0,"",SUMIFS(BD!$E$3:$E$5001,BD!$A$3:$A$5001,L$3,BD!$B$3:$B$5001,$A$5))) | M7: =IF(M$3="","",IF(COUNTIFS(BD!$A$3:$A$5001,M$3,BD!$B$3:$B$5001,$A$5,BD!$E$3:$E$5001,"<>")=0,"",SUMIFS(BD!$E$3:$E$5001,BD!$A$3:$A$5001,M$3,BD!$B$3:$B$5001,$A$5))) | ... AJ7: =IF(AJ$3="","",IF(COUNTIFS(BD!$A$3:$A$5001,AJ$3,BD!$B$3:$B$5001,$A$5,BD!$E$3:$E$5001,"<>")=0,"",SUMIFS(BD!$E$3:$E$5001,BD!$A$3:$A$5001,AJ$3,BD!$B$3:$B$5001,$A$5))) | AK7: =IF(COUNT(F7:AJ7)=0,"",SUM(F7:AJ7))
C8: Caixas Recebidas | D8: =IFERROR(1/(1/INDEX(BD!$AF$26:$AZ$26,MATCH($A$5,BD!$AF$22:$AZ$22,0))),"") | F8: =IF(F$3="","",IF(COUNTIFS(BD!$A$3:$A$5001,F$3,BD!$B$3:$B$5001,$A$5,BD!$F$3:$F$5001,"<>")=0,"",SUMIFS(BD!$F$3:$F$5001,BD!$A$3:$A$5001,F$3,BD!$B$3:$B$5001,$A$5))) | G8: =IF(G$3="","",IF(COUNTIFS(BD!$A$3:$A$5001,G$3,BD!$B$3:$B$5001,$A$5,BD!$F$3:$F$5001,"<>")=0,"",SUMIFS(BD!$F$3:$F$5001,BD!$A$3:$A$5001,G$3,BD!$B$3:$B$5001,$A$5))) | H8: =IF(H$3="","",IF(COUNTIFS(BD!$A$3:$A$5001,H$3,BD!$B$3:$B$5001,$A$5,BD!$F$3:$F$5001,"<>")=0,"",SUMIFS(BD!$F$3:$F$5001,BD!$A$3:$A$5001,H$3,BD!$B$3:$B$5001,$A$5))) | I8: =IF(I$3="","",IF(COUNTIFS(BD!$A$3:$A$5001,I$3,BD!$B$3:$B$5001,$A$5,BD!$F$3:$F$5001,"<>")=0,"",SUMIFS(BD!$F$3:$F$5001,BD!$A$3:$A$5001,I$3,BD!$B$3:$B$5001,$A$5))) | J8: =IF(J$3="","",IF(COUNTIFS(BD!$A$3:$A$5001,J$3,BD!$B$3:$B$5001,$A$5,BD!$F$3:$F$5001,"<>")=0,"",SUMIFS(BD!$F$3:$F$5001,BD!$A$3:$A$5001,J$3,BD!$B$3:$B$5001,$A$5))) | K8: =IF(K$3="","",IF(COUNTIFS(BD!$A$3:$A$5001,K$3,BD!$B$3:$B$5001,$A$5,BD!$F$3:$F$5001,"<>")=0,"",SUMIFS(BD!$F$3:$F$5001,BD!$A$3:$A$5001,K$3,BD!$B$3:$B$5001,$A$5))) | L8: =IF(L$3="","",IF(COUNTIFS(BD!$A$3:$A$5001,L$3,BD!$B$3:$B$5001,$A$5,BD!$F$3:$F$5001,"<>")=0,"",SUMIFS(BD!$F$3:$F$5001,BD!$A$3:$A$5001,L$3,BD!$B$3:$B$5001,$A$5))) | M8: =IF(M$3="","",IF(COUNTIFS(BD!$A$3:$A$5001,M$3,BD!$B$3:$B$5001,$A$5,BD!$F$3:$F$5001,"<>")=0,"",SUMIFS(BD!$F$3:$F$5001,BD!$A$3:$A$5001,M$3,BD!$B$3:$B$5001,$A$5))) | ... AJ8: =IF(AJ$3="","",IF(COUNTIFS(BD!$A$3:$A$5001,AJ$3,BD!$B$3:$B$5001,$A$5,BD!$F$3:$F$5001,"<>")=0,"",SUMIFS(BD!$F$3:$F$5001,BD!$A$3:$A$5001,AJ$3,BD!$B$3:$B$5001,$A$5))) | AK8: =IF(COUNT(F8:AJ8)=0,"",SUM(F8:AJ8))
C9: Bags Recebidos | D9: =IFERROR(1/(1/INDEX(BD!$AF$27:$AZ$27,MATCH($A$5,BD!$AF$22:$AZ$22,0))),"") | F9: =IF(F$3="","",IF(COUNTIFS(BD!$A$3:$A$5001,F$3,BD!$B$3:$B$5001,$A$5,BD!$G$3:$G$5001,"<>")=0,"",SUMIFS(BD!$G$3:$G$5001,BD!$A$3:$A$5001,F$3,BD!$B$3:$B$5001,$A$5))) | G9: =IF(G$3="","",IF(COUNTIFS(BD!$A$3:$A$5001,G$3,BD!$B$3:$B$5001,$A$5,BD!$G$3:$G$5001,"<>")=0,"",SUMIFS(BD!$G$3:$G$5001,BD!$A$3:$A$5001,G$3,BD!$B$3:$B$5001,$A$5))) | H9: =IF(H$3="","",IF(COUNTIFS(BD!$A$3:$A$5001,H$3,BD!$B$3:$B$5001,$A$5,BD!$G$3:$G$5001,"<>")=0,"",SUMIFS(BD!$G$3:$G$5001,BD!$A$3:$A$5001,H$3,BD!$B$3:$B$5001,$A$5))) | I9: =IF(I$3="","",IF(COUNTIFS(BD!$A$3:$A$5001,I$3,BD!$B$3:$B$5001,$A$5,BD!$G$3:$G$5001,"<>")=0,"",SUMIFS(BD!$G$3:$G$5001,BD!$A$3:$A$5001,I$3,BD!$B$3:$B$5001,$A$5))) | J9: =IF(J$3="","",IF(COUNTIFS(BD!$A$3:$A$5001,J$3,BD!$B$3:$B$5001,$A$5,BD!$G$3:$G$5001,"<>")=0,"",SUMIFS(BD!$G$3:$G$5001,BD!$A$3:$A$5001,J$3,BD!$B$3:$B$5001,$A$5))) | K9: =IF(K$3="","",IF(COUNTIFS(BD!$A$3:$A$5001,K$3,BD!$B$3:$B$5001,$A$5,BD!$G$3:$G$5001,"<>")=0,"",SUMIFS(BD!$G$3:$G$5001,BD!$A$3:$A$5001,K$3,BD!$B$3:$B$5001,$A$5))) | L9: =IF(L$3="","",IF(COUNTIFS(BD!$A$3:$A$5001,L$3,BD!$B$3:$B$5001,$A$5,BD!$G$3:$G$5001,"<>")=0,"",SUMIFS(BD!$G$3:$G$5001,BD!$A$3:$A$5001,L$3,BD!$B$3:$B$5001,$A$5))) | M9: =IF(M$3="","",IF(COUNTIFS(BD!$A$3:$A$5001,M$3,BD!$B$3:$B$5001,$A$5,BD!$G$3:$G$5001,"<>")=0,"",SUMIFS(BD!$G$3:$G$5001,BD!$A$3:$A$5001,M$3,BD!$B$3:$B$5001,$A$5))) | ... AJ9: =IF(AJ$3="","",IF(COUNTIFS(BD!$A$3:$A$5001,AJ$3,BD!$B$3:$B$5001,$A$5,BD!$G$3:$G$5001,"<>")=0,"",SUMIFS(BD!$G$3:$G$5001,BD!$A$3:$A$5001,AJ$3,BD!$B$3:$B$5001,$A$5))) | AK9: =IF(COUNT(F9:AJ9)=0,"",SUM(F9:AJ9))
B10: OUT | C10: Veículos Expedidos | D10: =IFERROR(1/(1/INDEX(BD!$AF$28:$AZ$28,MATCH($A$5,BD!$AF$22:$AZ$22,0))),"") | F10: =IF(F$3="","",IF(COUNTIFS(BD!$A$3:$A$5001,F$3,BD!$B$3:$B$5001,$A$5,BD!$H$3:$H$5001,"<>")=0,"",SUMIFS(BD!$H$3:$H$5001,BD!$A$3:$A$5001,F$3,BD!$B$3:$B$5001,$A$5))) | G10: =IF(G$3="","",IF(COUNTIFS(BD!$A$3:$A$5001,G$3,BD!$B$3:$B$5001,$A$5,BD!$H$3:$H$5001,"<>")=0,"",SUMIFS(BD!$H$3:$H$5001,BD!$A$3:$A$5001,G$3,BD!$B$3:$B$5001,$A$5))) | H10: =IF(H$3="","",IF(COUNTIFS(BD!$A$3:$A$5001,H$3,BD!$B$3:$B$5001,$A$5,BD!$H$3:$H$5001,"<>")=0,"",SUMIFS(BD!$H$3:$H$5001,BD!$A$3:$A$5001,H$3,BD!$B$3:$B$5001,$A$5))) | I10: =IF(I$3="","",IF(COUNTIFS(BD!$A$3:$A$5001,I$3,BD!$B$3:$B$5001,$A$5,BD!$H$3:$H$5001,"<>")=0,"",SUMIFS(BD!$H$3:$H$5001,BD!$A$3:$A$5001,I$3,BD!$B$3:$B$5001,$A$5))) | J10: =IF(J$3="","",IF(COUNTIFS(BD!$A$3:$A$5001,J$3,BD!$B$3:$B$5001,$A$5,BD!$H$3:$H$5001,"<>")=0,"",SUMIFS(BD!$H$3:$H$5001,BD!$A$3:$A$5001,J$3,BD!$B$3:$B$5001,$A$5))) | K10: =IF(K$3="","",IF(COUNTIFS(BD!$A$3:$A$5001,K$3,BD!$B$3:$B$5001,$A$5,BD!$H$3:$H$5001,"<>")=0,"",SUMIFS(BD!$H$3:$H$5001,BD!$A$3:$A$5001,K$3,BD!$B$3:$B$5001,$A$5))) | L10: =IF(L$3="","",IF(COUNTIFS(BD!$A$3:$A$5001,L$3,BD!$B$3:$B$5001,$A$5,BD!$H$3:$H$5001,"<>")=0,"",SUMIFS(BD!$H$3:$H$5001,BD!$A$3:$A$5001,L$3,BD!$B$3:$B$5001,$A$5))) | M10: =IF(M$3="","",IF(COUNTIFS(BD!$A$3:$A$5001,M$3,BD!$B$3:$B$5001,$A$5,BD!$H$3:$H$5001,"<>")=0,"",SUMIFS(BD!$H$3:$H$5001,BD!$A$3:$A$5001,M$3,BD!$B$3:$B$5001,$A$5))) | ... AJ10: =IF(AJ$3="","",IF(COUNTIFS(BD!$A$3:$A$5001,AJ$3,BD!$B$3:$B$5001,$A$5,BD!$H$3:$H$5001,"<>")=0,"",SUMIFS(BD!$H$3:$H$5001,BD!$A$3:$A$5001,AJ$3,BD!$B$3:$B$5001,$A$5))) | AK10: =IF(COUNT(F10:AJ10)=0,"",SUM(F10:AJ10))
C11: Pallets Movimentados | D11: =IFERROR(1/(1/INDEX(BD!$AF$29:$AZ$29,MATCH($A$5,BD!$AF$22:$AZ$22,0))),"") | F11: =IF(F$3="","",IF(COUNTIFS(BD!$A$3:$A$5001,F$3,BD!$B$3:$B$5001,$A$5,BD!$I$3:$I$5001,"<>")=0,"",SUMIFS(BD!$I$3:$I$5001,BD!$A$3:$A$5001,F$3,BD!$B$3:$B$5001,$A$5))) | G11: =IF(G$3="","",IF(COUNTIFS(BD!$A$3:$A$5001,G$3,BD!$B$3:$B$5001,$A$5,BD!$I$3:$I$5001,"<>")=0,"",SUMIFS(BD!$I$3:$I$5001,BD!$A$3:$A$5001,G$3,BD!$B$3:$B$5001,$A$5))) | H11: =IF(H$3="","",IF(COUNTIFS(BD!$A$3:$A$5001,H$3,BD!$B$3:$B$5001,$A$5,BD!$I$3:$I$5001,"<>")=0,"",SUMIFS(BD!$I$3:$I$5001,BD!$A$3:$A$5001,H$3,BD!$B$3:$B$5001,$A$5))) | I11: =IF(I$3="","",IF(COUNTIFS(BD!$A$3:$A$5001,I$3,BD!$B$3:$B$5001,$A$5,BD!$I$3:$I$5001,"<>")=0,"",SUMIFS(BD!$I$3:$I$5001,BD!$A$3:$A$5001,I$3,BD!$B$3:$B$5001,$A$5))) | J11: =IF(J$3="","",IF(COUNTIFS(BD!$A$3:$A$5001,J$3,BD!$B$3:$B$5001,$A$5,BD!$I$3:$I$5001,"<>")=0,"",SUMIFS(BD!$I$3:$I$5001,BD!$A$3:$A$5001,J$3,BD!$B$3:$B$5001,$A$5))) | K11: =IF(K$3="","",IF(COUNTIFS(BD!$A$3:$A$5001,K$3,BD!$B$3:$B$5001,$A$5,BD!$I$3:$I$5001,"<>")=0,"",SUMIFS(BD!$I$3:$I$5001,BD!$A$3:$A$5001,K$3,BD!$B$3:$B$5001,$A$5))) | L11: =IF(L$3="","",IF(COUNTIFS(BD!$A$3:$A$5001,L$3,BD!$B$3:$B$5001,$A$5,BD!$I$3:$I$5001,"<>")=0,"",SUMIFS(BD!$I$3:$I$5001,BD!$A$3:$A$5001,L$3,BD!$B$3:$B$5001,$A$5))) | M11: =IF(M$3="","",IF(COUNTIFS(BD!$A$3:$A$5001,M$3,BD!$B$3:$B$5001,$A$5,BD!$I$3:$I$5001,"<>")=0,"",SUMIFS(BD!$I$3:$I$5001,BD!$A$3:$A$5001,M$3,BD!$B$3:$B$5001,$A$5))) | ... AJ11: =IF(AJ$3="","",IF(COUNTIFS(BD!$A$3:$A$5001,AJ$3,BD!$B$3:$B$5001,$A$5,BD!$I$3:$I$5001,"<>")=0,"",SUMIFS(BD!$I$3:$I$5001,BD!$A$3:$A$5001,AJ$3,BD!$B$3:$B$5001,$A$5))) | AK11: =IF(COUNT(F11:AJ11)=0,"",SUM(F11:AJ11))
C12: Toneladas Movimentadas | D12: =IFERROR(1/(1/INDEX(BD!$AF$30:$AZ$30,MATCH($A$5,BD!$AF$22:$AZ$22,0))),"") | F12: =IF(F$3="","",IF(COUNTIFS(BD!$A$3:$A$5001,F$3,BD!$B$3:$B$5001,$A$5,BD!$J$3:$J$5001,"<>")=0,"",SUMIFS(BD!$J$3:$J$5001,BD!$A$3:$A$5001,F$3,BD!$B$3:$B$5001,$A$5))) | G12: =IF(G$3="","",IF(COUNTIFS(BD!$A$3:$A$5001,G$3,BD!$B$3:$B$5001,$A$5,BD!$J$3:$J$5001,"<>")=0,"",SUMIFS(BD!$J$3:$J$5001,BD!$A$3:$A$5001,G$3,BD!$B$3:$B$5001,$A$5))) | H12: =IF(H$3="","",IF(COUNTIFS(BD!$A$3:$A$5001,H$3,BD!$B$3:$B$5001,$A$5,BD!$J$3:$J$5001,"<>")=0,"",SUMIFS(BD!$J$3:$J$5001,BD!$A$3:$A$5001,H$3,BD!$B$3:$B$5001,$A$5))) | I12: =IF(I$3="","",IF(COUNTIFS(BD!$A$3:$A$5001,I$3,BD!$B$3:$B$5001,$A$5,BD!$J$3:$J$5001,"<>")=0,"",SUMIFS(BD!$J$3:$J$5001,BD!$A$3:$A$5001,I$3,BD!$B$3:$B$5001,$A$5))) | J12: =IF(J$3="","",IF(COUNTIFS(BD!$A$3:$A$5001,J$3,BD!$B$3:$B$5001,$A$5,BD!$J$3:$J$5001,"<>")=0,"",SUMIFS(BD!$J$3:$J$5001,BD!$A$3:$A$5001,J$3,BD!$B$3:$B$5001,$A$5))) | K12: =IF(K$3="","",IF(COUNTIFS(BD!$A$3:$A$5001,K$3,BD!$B$3:$B$5001,$A$5,BD!$J$3:$J$5001,"<>")=0,"",SUMIFS(BD!$J$3:$J$5001,BD!$A$3:$A$5001,K$3,BD!$B$3:$B$5001,$A$5))) | L12: =IF(L$3="","",IF(COUNTIFS(BD!$A$3:$A$5001,L$3,BD!$B$3:$B$5001,$A$5,BD!$J$3:$J$5001,"<>")=0,"",SUMIFS(BD!$J$3:$J$5001,BD!$A$3:$A$5001,L$3,BD!$B$3:$B$5001,$A$5))) | M12: =IF(M$3="","",IF(COUNTIFS(BD!$A$3:$A$5001,M$3,BD!$B$3:$B$5001,$A$5,BD!$J$3:$J$5001,"<>")=0,"",SUMIFS(BD!$J$3:$J$5001,BD!$A$3:$A$5001,M$3,BD!$B$3:$B$5001,$A$5))) | ... AJ12: =IF(AJ$3="","",IF(COUNTIFS(BD!$A$3:$A$5001,AJ$3,BD!$B$3:$B$5001,$A$5,BD!$J$3:$J$5001,"<>")=0,"",SUMIFS(BD!$J$3:$J$5001,BD!$A$3:$A$5001,AJ$3,BD!$B$3:$B$5001,$A$5))) | AK12: =IF(COUNT(F12:AJ12)=0,"",SUM(F12:AJ12))
C13: Caixas Expedidas | D13: =IFERROR(1/(1/INDEX(BD!$AF$31:$AZ$31,MATCH($A$5,BD!$AF$22:$AZ$22,0))),"") | F13: =IF(F$3="","",IF(COUNTIFS(BD!$A$3:$A$5001,F$3,BD!$B$3:$B$5001,$A$5,BD!$K$3:$K$5001,"<>")=0,"",SUMIFS(BD!$K$3:$K$5001,BD!$A$3:$A$5001,F$3,BD!$B$3:$B$5001,$A$5))) | G13: =IF(G$3="","",IF(COUNTIFS(BD!$A$3:$A$5001,G$3,BD!$B$3:$B$5001,$A$5,BD!$K$3:$K$5001,"<>")=0,"",SUMIFS(BD!$K$3:$K$5001,BD!$A$3:$A$5001,G$3,BD!$B$3:$B$5001,$A$5))) | H13: =IF(H$3="","",IF(COUNTIFS(BD!$A$3:$A$5001,H$3,BD!$B$3:$B$5001,$A$5,BD!$K$3:$K$5001,"<>")=0,"",SUMIFS(BD!$K$3:$K$5001,BD!$A$3:$A$5001,H$3,BD!$B$3:$B$5001,$A$5))) | I13: =IF(I$3="","",IF(COUNTIFS(BD!$A$3:$A$5001,I$3,BD!$B$3:$B$5001,$A$5,BD!$K$3:$K$5001,"<>")=0,"",SUMIFS(BD!$K$3:$K$5001,BD!$A$3:$A$5001,I$3,BD!$B$3:$B$5001,$A$5))) | J13: =IF(J$3="","",IF(COUNTIFS(BD!$A$3:$A$5001,J$3,BD!$B$3:$B$5001,$A$5,BD!$K$3:$K$5001,"<>")=0,"",SUMIFS(BD!$K$3:$K$5001,BD!$A$3:$A$5001,J$3,BD!$B$3:$B$5001,$A$5))) | K13: =IF(K$3="","",IF(COUNTIFS(BD!$A$3:$A$5001,K$3,BD!$B$3:$B$5001,$A$5,BD!$K$3:$K$5001,"<>")=0,"",SUMIFS(BD!$K$3:$K$5001,BD!$A$3:$A$5001,K$3,BD!$B$3:$B$5001,$A$5))) | L13: =IF(L$3="","",IF(COUNTIFS(BD!$A$3:$A$5001,L$3,BD!$B$3:$B$5001,$A$5,BD!$K$3:$K$5001,"<>")=0,"",SUMIFS(BD!$K$3:$K$5001,BD!$A$3:$A$5001,L$3,BD!$B$3:$B$5001,$A$5))) | M13: =IF(M$3="","",IF(COUNTIFS(BD!$A$3:$A$5001,M$3,BD!$B$3:$B$5001,$A$5,BD!$K$3:$K$5001,"<>")=0,"",SUMIFS(BD!$K$3:$K$5001,BD!$A$3:$A$5001,M$3,BD!$B$3:$B$5001,$A$5))) | ... AJ13: =IF(AJ$3="","",IF(COUNTIFS(BD!$A$3:$A$5001,AJ$3,BD!$B$3:$B$5001,$A$5,BD!$K$3:$K$5001,"<>")=0,"",SUMIFS(BD!$K$3:$K$5001,BD!$A$3:$A$5001,AJ$3,BD!$B$3:$B$5001,$A$5))) | AK13: =IF(COUNT(F13:AJ13)=0,"",SUM(F13:AJ13))
C14: Pedidos Faturados | D14: =IFERROR(1/(1/INDEX(BD!$AF$32:$AZ$32,MATCH($A$5,BD!$AF$22:$AZ$22,0))),"") | F14: =IF(F$3="","",IF(COUNTIFS(BD!$A$3:$A$5001,F$3,BD!$B$3:$B$5001,$A$5,BD!$L$3:$L$5001,"<>")=0,"",SUMIFS(BD!$L$3:$L$5001,BD!$A$3:$A$5001,F$3,BD!$B$3:$B$5001,$A$5))) | G14: =IF(G$3="","",IF(COUNTIFS(BD!$A$3:$A$5001,G$3,BD!$B$3:$B$5001,$A$5,BD!$L$3:$L$5001,"<>")=0,"",SUMIFS(BD!$L$3:$L$5001,BD!$A$3:$A$5001,G$3,BD!$B$3:$B$5001,$A$5))) | H14: =IF(H$3="","",IF(COUNTIFS(BD!$A$3:$A$5001,H$3,BD!$B$3:$B$5001,$A$5,BD!$L$3:$L$5001,"<>")=0,"",SUMIFS(BD!$L$3:$L$5001,BD!$A$3:$A$5001,H$3,BD!$B$3:$B$5001,$A$5))) | I14: =IF(I$3="","",IF(COUNTIFS(BD!$A$3:$A$5001,I$3,BD!$B$3:$B$5001,$A$5,BD!$L$3:$L$5001,"<>")=0,"",SUMIFS(BD!$L$3:$L$5001,BD!$A$3:$A$5001,I$3,BD!$B$3:$B$5001,$A$5))) | J14: =IF(J$3="","",IF(COUNTIFS(BD!$A$3:$A$5001,J$3,BD!$B$3:$B$5001,$A$5,BD!$L$3:$L$5001,"<>")=0,"",SUMIFS(BD!$L$3:$L$5001,BD!$A$3:$A$5001,J$3,BD!$B$3:$B$5001,$A$5))) | K14: =IF(K$3="","",IF(COUNTIFS(BD!$A$3:$A$5001,K$3,BD!$B$3:$B$5001,$A$5,BD!$L$3:$L$5001,"<>")=0,"",SUMIFS(BD!$L$3:$L$5001,BD!$A$3:$A$5001,K$3,BD!$B$3:$B$5001,$A$5))) | L14: =IF(L$3="","",IF(COUNTIFS(BD!$A$3:$A$5001,L$3,BD!$B$3:$B$5001,$A$5,BD!$L$3:$L$5001,"<>")=0,"",SUMIFS(BD!$L$3:$L$5001,BD!$A$3:$A$5001,L$3,BD!$B$3:$B$5001,$A$5))) | M14: =IF(M$3="","",IF(COUNTIFS(BD!$A$3:$A$5001,M$3,BD!$B$3:$B$5001,$A$5,BD!$L$3:$L$5001,"<>")=0,"",SUMIFS(BD!$L$3:$L$5001,BD!$A$3:$A$5001,M$3,BD!$B$3:$B$5001,$A$5))) | ... AJ14: =IF(AJ$3="","",IF(COUNTIFS(BD!$A$3:$A$5001,AJ$3,BD!$B$3:$B$5001,$A$5,BD!$L$3:$L$5001,"<>")=0,"",SUMIFS(BD!$L$3:$L$5001,BD!$A$3:$A$5001,AJ$3,BD!$B$3:$B$5001,$A$5))) | AK14: =IF(COUNT(F14:AJ14)=0,"",SUM(F14:AJ14))
C15: Bags Expedidos | D15: =IFERROR(1/(1/INDEX(BD!$AF$33:$AZ$33,MATCH($A$5,BD!$AF$22:$AZ$22,0))),"") | F15: =IF(F$3="","",IF(COUNTIFS(BD!$A$3:$A$5001,F$3,BD!$B$3:$B$5001,$A$5,BD!$M$3:$M$5001,"<>")=0,"",SUMIFS(BD!$M$3:$M$5001,BD!$A$3:$A$5001,F$3,BD!$B$3:$B$5001,$A$5))) | G15: =IF(G$3="","",IF(COUNTIFS(BD!$A$3:$A$5001,G$3,BD!$B$3:$B$5001,$A$5,BD!$M$3:$M$5001,"<>")=0,"",SUMIFS(BD!$M$3:$M$5001,BD!$A$3:$A$5001,G$3,BD!$B$3:$B$5001,$A$5))) | H15: =IF(H$3="","",IF(COUNTIFS(BD!$A$3:$A$5001,H$3,BD!$B$3:$B$5001,$A$5,BD!$M$3:$M$5001,"<>")=0,"",SUMIFS(BD!$M$3:$M$5001,BD!$A$3:$A$5001,H$3,BD!$B$3:$B$5001,$A$5))) | I15: =IF(I$3="","",IF(COUNTIFS(BD!$A$3:$A$5001,I$3,BD!$B$3:$B$5001,$A$5,BD!$M$3:$M$5001,"<>")=0,"",SUMIFS(BD!$M$3:$M$5001,BD!$A$3:$A$5001,I$3,BD!$B$3:$B$5001,$A$5))) | J15: =IF(J$3="","",IF(COUNTIFS(BD!$A$3:$A$5001,J$3,BD!$B$3:$B$5001,$A$5,BD!$M$3:$M$5001,"<>")=0,"",SUMIFS(BD!$M$3:$M$5001,BD!$A$3:$A$5001,J$3,BD!$B$3:$B$5001,$A$5))) | K15: =IF(K$3="","",IF(COUNTIFS(BD!$A$3:$A$5001,K$3,BD!$B$3:$B$5001,$A$5,BD!$M$3:$M$5001,"<>")=0,"",SUMIFS(BD!$M$3:$M$5001,BD!$A$3:$A$5001,K$3,BD!$B$3:$B$5001,$A$5))) | L15: =IF(L$3="","",IF(COUNTIFS(BD!$A$3:$A$5001,L$3,BD!$B$3:$B$5001,$A$5,BD!$M$3:$M$5001,"<>")=0,"",SUMIFS(BD!$M$3:$M$5001,BD!$A$3:$A$5001,L$3,BD!$B$3:$B$5001,$A$5))) | M15: =IF(M$3="","",IF(COUNTIFS(BD!$A$3:$A$5001,M$3,BD!$B$3:$B$5001,$A$5,BD!$M$3:$M$5001,"<>")=0,"",SUMIFS(BD!$M$3:$M$5001,BD!$A$3:$A$5001,M$3,BD!$B$3:$B$5001,$A$5))) | ... AJ15: =IF(AJ$3="","",IF(COUNTIFS(BD!$A$3:$A$5001,AJ$3,BD!$B$3:$B$5001,$A$5,BD!$M$3:$M$5001,"<>")=0,"",SUMIFS(BD!$M$3:$M$5001,BD!$A$3:$A$5001,AJ$3,BD!$B$3:$B$5001,$A$5))) | AK15: =IF(COUNT(F15:AJ15)=0,"",SUM(F15:AJ15))
B16: NC | C16: Incidentes | D16: =IFERROR(1/(1/INDEX(BD!$AF$34:$AZ$34,MATCH($A$5,BD!$AF$22:$AZ$22,0))),"") | F16: =IF(F$3="","",IF(COUNTIFS(BD!$A$3:$A$5001,F$3,BD!$B$3:$B$5001,$A$5,BD!$N$3:$N$5001,"<>")=0,"",SUMIFS(BD!$N$3:$N$5001,BD!$A$3:$A$5001,F$3,BD!$B$3:$B$5001,$A$5))) | G16: =IF(G$3="","",IF(COUNTIFS(BD!$A$3:$A$5001,G$3,BD!$B$3:$B$5001,$A$5,BD!$N$3:$N$5001,"<>")=0,"",SUMIFS(BD!$N$3:$N$5001,BD!$A$3:$A$5001,G$3,BD!$B$3:$B$5001,$A$5))) | H16: =IF(H$3="","",IF(COUNTIFS(BD!$A$3:$A$5001,H$3,BD!$B$3:$B$5001,$A$5,BD!$N$3:$N$5001,"<>")=0,"",SUMIFS(BD!$N$3:$N$5001,BD!$A$3:$A$5001,H$3,BD!$B$3:$B$5001,$A$5))) | I16: =IF(I$3="","",IF(COUNTIFS(BD!$A$3:$A$5001,I$3,BD!$B$3:$B$5001,$A$5,BD!$N$3:$N$5001,"<>")=0,"",SUMIFS(BD!$N$3:$N$5001,BD!$A$3:$A$5001,I$3,BD!$B$3:$B$5001,$A$5))) | J16: =IF(J$3="","",IF(COUNTIFS(BD!$A$3:$A$5001,J$3,BD!$B$3:$B$5001,$A$5,BD!$N$3:$N$5001,"<>")=0,"",SUMIFS(BD!$N$3:$N$5001,BD!$A$3:$A$5001,J$3,BD!$B$3:$B$5001,$A$5))) | K16: =IF(K$3="","",IF(COUNTIFS(BD!$A$3:$A$5001,K$3,BD!$B$3:$B$5001,$A$5,BD!$N$3:$N$5001,"<>")=0,"",SUMIFS(BD!$N$3:$N$5001,BD!$A$3:$A$5001,K$3,BD!$B$3:$B$5001,$A$5))) | L16: =IF(L$3="","",IF(COUNTIFS(BD!$A$3:$A$5001,L$3,BD!$B$3:$B$5001,$A$5,BD!$N$3:$N$5001,"<>")=0,"",SUMIFS(BD!$N$3:$N$5001,BD!$A$3:$A$5001,L$3,BD!$B$3:$B$5001,$A$5))) | M16: =IF(M$3="","",IF(COUNTIFS(BD!$A$3:$A$5001,M$3,BD!$B$3:$B$5001,$A$5,BD!$N$3:$N$5001,"<>")=0,"",SUMIFS(BD!$N$3:$N$5001,BD!$A$3:$A$5001,M$3,BD!$B$3:$B$5001,$A$5))) | ... AJ16: =IF(AJ$3="","",IF(COUNTIFS(BD!$A$3:$A$5001,AJ$3,BD!$B$3:$B$5001,$A$5,BD!$N$3:$N$5001,"<>")=0,"",SUMIFS(BD!$N$3:$N$5001,BD!$A$3:$A$5001,AJ$3,BD!$B$3:$B$5001,$A$5))) | AK16: =IF(COUNT(F16:AJ16)=0,"",SUM(F16:AJ16))
C17: No show | D17: =IFERROR(1/(1/INDEX(BD!$AF$35:$AZ$35,MATCH($A$5,BD!$AF$22:$AZ$22,0))),"") | F17: =IF(F$3="","",IF(COUNTIFS(BD!$A$3:$A$5001,F$3,BD!$B$3:$B$5001,$A$5,BD!$O$3:$O$5001,"<>")=0,"",SUMIFS(BD!$O$3:$O$5001,BD!$A$3:$A$5001,F$3,BD!$B$3:$B$5001,$A$5))) | G17: =IF(G$3="","",IF(COUNTIFS(BD!$A$3:$A$5001,G$3,BD!$B$3:$B$5001,$A$5,BD!$O$3:$O$5001,"<>")=0,"",SUMIFS(BD!$O$3:$O$5001,BD!$A$3:$A$5001,G$3,BD!$B$3:$B$5001,$A$5))) | H17: =IF(H$3="","",IF(COUNTIFS(BD!$A$3:$A$5001,H$3,BD!$B$3:$B$5001,$A$5,BD!$O$3:$O$5001,"<>")=0,"",SUMIFS(BD!$O$3:$O$5001,BD!$A$3:$A$5001,H$3,BD!$B$3:$B$5001,$A$5))) | I17: =IF(I$3="","",IF(COUNTIFS(BD!$A$3:$A$5001,I$3,BD!$B$3:$B$5001,$A$5,BD!$O$3:$O$5001,"<>")=0,"",SUMIFS(BD!$O$3:$O$5001,BD!$A$3:$A$5001,I$3,BD!$B$3:$B$5001,$A$5))) | J17: =IF(J$3="","",IF(COUNTIFS(BD!$A$3:$A$5001,J$3,BD!$B$3:$B$5001,$A$5,BD!$O$3:$O$5001,"<>")=0,"",SUMIFS(BD!$O$3:$O$5001,BD!$A$3:$A$5001,J$3,BD!$B$3:$B$5001,$A$5))) | K17: =IF(K$3="","",IF(COUNTIFS(BD!$A$3:$A$5001,K$3,BD!$B$3:$B$5001,$A$5,BD!$O$3:$O$5001,"<>")=0,"",SUMIFS(BD!$O$3:$O$5001,BD!$A$3:$A$5001,K$3,BD!$B$3:$B$5001,$A$5))) | L17: =IF(L$3="","",IF(COUNTIFS(BD!$A$3:$A$5001,L$3,BD!$B$3:$B$5001,$A$5,BD!$O$3:$O$5001,"<>")=0,"",SUMIFS(BD!$O$3:$O$5001,BD!$A$3:$A$5001,L$3,BD!$B$3:$B$5001,$A$5))) | M17: =IF(M$3="","",IF(COUNTIFS(BD!$A$3:$A$5001,M$3,BD!$B$3:$B$5001,$A$5,BD!$O$3:$O$5001,"<>")=0,"",SUMIFS(BD!$O$3:$O$5001,BD!$A$3:$A$5001,M$3,BD!$B$3:$B$5001,$A$5))) | ... AJ17: =IF(AJ$3="","",IF(COUNTIFS(BD!$A$3:$A$5001,AJ$3,BD!$B$3:$B$5001,$A$5,BD!$O$3:$O$5001,"<>")=0,"",SUMIFS(BD!$O$3:$O$5001,BD!$A$3:$A$5001,AJ$3,BD!$B$3:$B$5001,$A$5))) | AK17: =IF(COUNT(F17:AJ17)=0,"",SUM(F17:AJ17))
C18: Backlog Intralog | D18: =IFERROR(1/(1/INDEX(BD!$AF$36:$AZ$36,MATCH($A$5,BD!$AF$22:$AZ$22,0))),"") | F18: =IF(F$3="","",IF(COUNTIFS(BD!$A$3:$A$5001,F$3,BD!$B$3:$B$5001,$A$5,BD!$P$3:$P$5001,"<>")=0,"",SUMIFS(BD!$P$3:$P$5001,BD!$A$3:$A$5001,F$3,BD!$B$3:$B$5001,$A$5))) | G18: =IF(G$3="","",IF(COUNTIFS(BD!$A$3:$A$5001,G$3,BD!$B$3:$B$5001,$A$5,BD!$P$3:$P$5001,"<>")=0,"",SUMIFS(BD!$P$3:$P$5001,BD!$A$3:$A$5001,G$3,BD!$B$3:$B$5001,$A$5))) | H18: =IF(H$3="","",IF(COUNTIFS(BD!$A$3:$A$5001,H$3,BD!$B$3:$B$5001,$A$5,BD!$P$3:$P$5001,"<>")=0,"",SUMIFS(BD!$P$3:$P$5001,BD!$A$3:$A$5001,H$3,BD!$B$3:$B$5001,$A$5))) | I18: =IF(I$3="","",IF(COUNTIFS(BD!$A$3:$A$5001,I$3,BD!$B$3:$B$5001,$A$5,BD!$P$3:$P$5001,"<>")=0,"",SUMIFS(BD!$P$3:$P$5001,BD!$A$3:$A$5001,I$3,BD!$B$3:$B$5001,$A$5))) | J18: =IF(J$3="","",IF(COUNTIFS(BD!$A$3:$A$5001,J$3,BD!$B$3:$B$5001,$A$5,BD!$P$3:$P$5001,"<>")=0,"",SUMIFS(BD!$P$3:$P$5001,BD!$A$3:$A$5001,J$3,BD!$B$3:$B$5001,$A$5))) | K18: =IF(K$3="","",IF(COUNTIFS(BD!$A$3:$A$5001,K$3,BD!$B$3:$B$5001,$A$5,BD!$P$3:$P$5001,"<>")=0,"",SUMIFS(BD!$P$3:$P$5001,BD!$A$3:$A$5001,K$3,BD!$B$3:$B$5001,$A$5))) | L18: =IF(L$3="","",IF(COUNTIFS(BD!$A$3:$A$5001,L$3,BD!$B$3:$B$5001,$A$5,BD!$P$3:$P$5001,"<>")=0,"",SUMIFS(BD!$P$3:$P$5001,BD!$A$3:$A$5001,L$3,BD!$B$3:$B$5001,$A$5))) | M18: =IF(M$3="","",IF(COUNTIFS(BD!$A$3:$A$5001,M$3,BD!$B$3:$B$5001,$A$5,BD!$P$3:$P$5001,"<>")=0,"",SUMIFS(BD!$P$3:$P$5001,BD!$A$3:$A$5001,M$3,BD!$B$3:$B$5001,$A$5))) | ... AJ18: =IF(AJ$3="","",IF(COUNTIFS(BD!$A$3:$A$5001,AJ$3,BD!$B$3:$B$5001,$A$5,BD!$P$3:$P$5001,"<>")=0,"",SUMIFS(BD!$P$3:$P$5001,BD!$A$3:$A$5001,AJ$3,BD!$B$3:$B$5001,$A$5))) | AK18: =IFERROR(LOOKUP(9.99E+307,F18:AJ18),"")
C19: Backlog Cliente | D19: =IFERROR(1/(1/INDEX(BD!$AF$37:$AZ$37,MATCH($A$5,BD!$AF$22:$AZ$22,0))),"") | F19: =IF(F$3="","",IF(COUNTIFS(BD!$A$3:$A$5001,F$3,BD!$B$3:$B$5001,$A$5,BD!$Q$3:$Q$5001,"<>")=0,"",SUMIFS(BD!$Q$3:$Q$5001,BD!$A$3:$A$5001,F$3,BD!$B$3:$B$5001,$A$5))) | G19: =IF(G$3="","",IF(COUNTIFS(BD!$A$3:$A$5001,G$3,BD!$B$3:$B$5001,$A$5,BD!$Q$3:$Q$5001,"<>")=0,"",SUMIFS(BD!$Q$3:$Q$5001,BD!$A$3:$A$5001,G$3,BD!$B$3:$B$5001,$A$5))) | H19: =IF(H$3="","",IF(COUNTIFS(BD!$A$3:$A$5001,H$3,BD!$B$3:$B$5001,$A$5,BD!$Q$3:$Q$5001,"<>")=0,"",SUMIFS(BD!$Q$3:$Q$5001,BD!$A$3:$A$5001,H$3,BD!$B$3:$B$5001,$A$5))) | I19: =IF(I$3="","",IF(COUNTIFS(BD!$A$3:$A$5001,I$3,BD!$B$3:$B$5001,$A$5,BD!$Q$3:$Q$5001,"<>")=0,"",SUMIFS(BD!$Q$3:$Q$5001,BD!$A$3:$A$5001,I$3,BD!$B$3:$B$5001,$A$5))) | J19: =IF(J$3="","",IF(COUNTIFS(BD!$A$3:$A$5001,J$3,BD!$B$3:$B$5001,$A$5,BD!$Q$3:$Q$5001,"<>")=0,"",SUMIFS(BD!$Q$3:$Q$5001,BD!$A$3:$A$5001,J$3,BD!$B$3:$B$5001,$A$5))) | K19: =IF(K$3="","",IF(COUNTIFS(BD!$A$3:$A$5001,K$3,BD!$B$3:$B$5001,$A$5,BD!$Q$3:$Q$5001,"<>")=0,"",SUMIFS(BD!$Q$3:$Q$5001,BD!$A$3:$A$5001,K$3,BD!$B$3:$B$5001,$A$5))) | L19: =IF(L$3="","",IF(COUNTIFS(BD!$A$3:$A$5001,L$3,BD!$B$3:$B$5001,$A$5,BD!$Q$3:$Q$5001,"<>")=0,"",SUMIFS(BD!$Q$3:$Q$5001,BD!$A$3:$A$5001,L$3,BD!$B$3:$B$5001,$A$5))) | M19: =IF(M$3="","",IF(COUNTIFS(BD!$A$3:$A$5001,M$3,BD!$B$3:$B$5001,$A$5,BD!$Q$3:$Q$5001,"<>")=0,"",SUMIFS(BD!$Q$3:$Q$5001,BD!$A$3:$A$5001,M$3,BD!$B$3:$B$5001,$A$5))) | ... AJ19: =IF(AJ$3="","",IF(COUNTIFS(BD!$A$3:$A$5001,AJ$3,BD!$B$3:$B$5001,$A$5,BD!$Q$3:$Q$5001,"<>")=0,"",SUMIFS(BD!$Q$3:$Q$5001,BD!$A$3:$A$5001,AJ$3,BD!$B$3:$B$5001,$A$5))) | AK19: =IFERROR(LOOKUP(9.99E+307,F19:AJ19),"")
B20: OCUPAÇÃO (P.P) | C20: Posições Disponíveis | D20: =IFERROR(1/(1/INDEX(BD!$AF$38:$AZ$38,MATCH($A$5,BD!$AF$22:$AZ$22,0))),"") | F20: =IF(F$3="","",IF(COUNTIFS(BD!$A$3:$A$5001,F$3,BD!$B$3:$B$5001,$A$5,BD!$R$3:$R$5001,"<>")=0,"",SUMIFS(BD!$R$3:$R$5001,BD!$A$3:$A$5001,F$3,BD!$B$3:$B$5001,$A$5))) | G20: =IF(G$3="","",IF(COUNTIFS(BD!$A$3:$A$5001,G$3,BD!$B$3:$B$5001,$A$5,BD!$R$3:$R$5001,"<>")=0,"",SUMIFS(BD!$R$3:$R$5001,BD!$A$3:$A$5001,G$3,BD!$B$3:$B$5001,$A$5))) | H20: =IF(H$3="","",IF(COUNTIFS(BD!$A$3:$A$5001,H$3,BD!$B$3:$B$5001,$A$5,BD!$R$3:$R$5001,"<>")=0,"",SUMIFS(BD!$R$3:$R$5001,BD!$A$3:$A$5001,H$3,BD!$B$3:$B$5001,$A$5))) | I20: =IF(I$3="","",IF(COUNTIFS(BD!$A$3:$A$5001,I$3,BD!$B$3:$B$5001,$A$5,BD!$R$3:$R$5001,"<>")=0,"",SUMIFS(BD!$R$3:$R$5001,BD!$A$3:$A$5001,I$3,BD!$B$3:$B$5001,$A$5))) | J20: =IF(J$3="","",IF(COUNTIFS(BD!$A$3:$A$5001,J$3,BD!$B$3:$B$5001,$A$5,BD!$R$3:$R$5001,"<>")=0,"",SUMIFS(BD!$R$3:$R$5001,BD!$A$3:$A$5001,J$3,BD!$B$3:$B$5001,$A$5))) | K20: =IF(K$3="","",IF(COUNTIFS(BD!$A$3:$A$5001,K$3,BD!$B$3:$B$5001,$A$5,BD!$R$3:$R$5001,"<>")=0,"",SUMIFS(BD!$R$3:$R$5001,BD!$A$3:$A$5001,K$3,BD!$B$3:$B$5001,$A$5))) | L20: =IF(L$3="","",IF(COUNTIFS(BD!$A$3:$A$5001,L$3,BD!$B$3:$B$5001,$A$5,BD!$R$3:$R$5001,"<>")=0,"",SUMIFS(BD!$R$3:$R$5001,BD!$A$3:$A$5001,L$3,BD!$B$3:$B$5001,$A$5))) | M20: =IF(M$3="","",IF(COUNTIFS(BD!$A$3:$A$5001,M$3,BD!$B$3:$B$5001,$A$5,BD!$R$3:$R$5001,"<>")=0,"",SUMIFS(BD!$R$3:$R$5001,BD!$A$3:$A$5001,M$3,BD!$B$3:$B$5001,$A$5))) | ... AJ20: =IF(AJ$3="","",IF(COUNTIFS(BD!$A$3:$A$5001,AJ$3,BD!$B$3:$B$5001,$A$5,BD!$R$3:$R$5001,"<>")=0,"",SUMIFS(BD!$R$3:$R$5001,BD!$A$3:$A$5001,AJ$3,BD!$B$3:$B$5001,$A$5))) | AK20: =IF(COUNT(F20:AJ20)>0,LOOKUP(9.99E+307,F20:AJ20),IFERROR(IF(INDEX(BD!$AC$3:$AC$5001,MATCH($A$5,BD!$B$3:$B$5001,0))&""="Contrato","",INDEX(BD!$AC$3:$AC$5001,MATCH($A$5,BD!$B$3:$B$5001,0))&""),""))
C21: Posições Ocupadas | D21: =IFERROR(1/(1/INDEX(BD!$AF$39:$AZ$39,MATCH($A$5,BD!$AF$22:$AZ$22,0))),"") | F21: =IF(F$3="","",IF(COUNTIFS(BD!$A$3:$A$5001,F$3,BD!$B$3:$B$5001,$A$5,BD!$S$3:$S$5001,"<>")=0,"",SUMIFS(BD!$S$3:$S$5001,BD!$A$3:$A$5001,F$3,BD!$B$3:$B$5001,$A$5))) | G21: =IF(G$3="","",IF(COUNTIFS(BD!$A$3:$A$5001,G$3,BD!$B$3:$B$5001,$A$5,BD!$S$3:$S$5001,"<>")=0,"",SUMIFS(BD!$S$3:$S$5001,BD!$A$3:$A$5001,G$3,BD!$B$3:$B$5001,$A$5))) | H21: =IF(H$3="","",IF(COUNTIFS(BD!$A$3:$A$5001,H$3,BD!$B$3:$B$5001,$A$5,BD!$S$3:$S$5001,"<>")=0,"",SUMIFS(BD!$S$3:$S$5001,BD!$A$3:$A$5001,H$3,BD!$B$3:$B$5001,$A$5))) | I21: =IF(I$3="","",IF(COUNTIFS(BD!$A$3:$A$5001,I$3,BD!$B$3:$B$5001,$A$5,BD!$S$3:$S$5001,"<>")=0,"",SUMIFS(BD!$S$3:$S$5001,BD!$A$3:$A$5001,I$3,BD!$B$3:$B$5001,$A$5))) | J21: =IF(J$3="","",IF(COUNTIFS(BD!$A$3:$A$5001,J$3,BD!$B$3:$B$5001,$A$5,BD!$S$3:$S$5001,"<>")=0,"",SUMIFS(BD!$S$3:$S$5001,BD!$A$3:$A$5001,J$3,BD!$B$3:$B$5001,$A$5))) | K21: =IF(K$3="","",IF(COUNTIFS(BD!$A$3:$A$5001,K$3,BD!$B$3:$B$5001,$A$5,BD!$S$3:$S$5001,"<>")=0,"",SUMIFS(BD!$S$3:$S$5001,BD!$A$3:$A$5001,K$3,BD!$B$3:$B$5001,$A$5))) | L21: =IF(L$3="","",IF(COUNTIFS(BD!$A$3:$A$5001,L$3,BD!$B$3:$B$5001,$A$5,BD!$S$3:$S$5001,"<>")=0,"",SUMIFS(BD!$S$3:$S$5001,BD!$A$3:$A$5001,L$3,BD!$B$3:$B$5001,$A$5))) | M21: =IF(M$3="","",IF(COUNTIFS(BD!$A$3:$A$5001,M$3,BD!$B$3:$B$5001,$A$5,BD!$S$3:$S$5001,"<>")=0,"",SUMIFS(BD!$S$3:$S$5001,BD!$A$3:$A$5001,M$3,BD!$B$3:$B$5001,$A$5))) | ... AJ21: =IF(AJ$3="","",IF(COUNTIFS(BD!$A$3:$A$5001,AJ$3,BD!$B$3:$B$5001,$A$5,BD!$S$3:$S$5001,"<>")=0,"",SUMIFS(BD!$S$3:$S$5001,BD!$A$3:$A$5001,AJ$3,BD!$B$3:$B$5001,$A$5))) | AK21: =IFERROR(LOOKUP(9.99E+307,F21:AJ21),"")
C22: Taxa de Ocupação | D22: =IFERROR(1/(1/INDEX(BD!$AF$40:$AZ$40,MATCH($A$5,BD!$AF$22:$AZ$22,0))),"") | F22: =IF(AND(ISNUMBER(F20),ISNUMBER(F21)),IF(F20>0,F21/F20,""),"") | G22: =IF(AND(ISNUMBER(G20),ISNUMBER(G21)),IF(G20>0,G21/G20,""),"") | H22: =IF(AND(ISNUMBER(H20),ISNUMBER(H21)),IF(H20>0,H21/H20,""),"") | I22: =IF(AND(ISNUMBER(I20),ISNUMBER(I21)),IF(I20>0,I21/I20,""),"") | J22: =IF(AND(ISNUMBER(J20),ISNUMBER(J21)),IF(J20>0,J21/J20,""),"") | K22: =IF(AND(ISNUMBER(K20),ISNUMBER(K21)),IF(K20>0,K21/K20,""),"") | L22: =IF(AND(ISNUMBER(L20),ISNUMBER(L21)),IF(L20>0,L21/L20,""),"") | M22: =IF(AND(ISNUMBER(M20),ISNUMBER(M21)),IF(M20>0,M21/M20,""),"") | ... AK22: =IF(AND(ISNUMBER(AK20),ISNUMBER(AK21)),IF(AK20>0,AK21/AK20,""),"")
B23: GENTE | C23: Efetivo Op. | D23: =IFERROR(1/(1/INDEX(BD!$AF$41:$AZ$41,MATCH($A$5,BD!$AF$22:$AZ$22,0))),"") | F23: =IF(F$3="","",IF(COUNTIFS(BD!$A$3:$A$5001,F$3,BD!$B$3:$B$5001,$A$5,BD!$T$3:$T$5001,"<>")=0,"",SUMIFS(BD!$T$3:$T$5001,BD!$A$3:$A$5001,F$3,BD!$B$3:$B$5001,$A$5))) | G23: =IF(G$3="","",IF(COUNTIFS(BD!$A$3:$A$5001,G$3,BD!$B$3:$B$5001,$A$5,BD!$T$3:$T$5001,"<>")=0,"",SUMIFS(BD!$T$3:$T$5001,BD!$A$3:$A$5001,G$3,BD!$B$3:$B$5001,$A$5))) | H23: =IF(H$3="","",IF(COUNTIFS(BD!$A$3:$A$5001,H$3,BD!$B$3:$B$5001,$A$5,BD!$T$3:$T$5001,"<>")=0,"",SUMIFS(BD!$T$3:$T$5001,BD!$A$3:$A$5001,H$3,BD!$B$3:$B$5001,$A$5))) | I23: =IF(I$3="","",IF(COUNTIFS(BD!$A$3:$A$5001,I$3,BD!$B$3:$B$5001,$A$5,BD!$T$3:$T$5001,"<>")=0,"",SUMIFS(BD!$T$3:$T$5001,BD!$A$3:$A$5001,I$3,BD!$B$3:$B$5001,$A$5))) | J23: =IF(J$3="","",IF(COUNTIFS(BD!$A$3:$A$5001,J$3,BD!$B$3:$B$5001,$A$5,BD!$T$3:$T$5001,"<>")=0,"",SUMIFS(BD!$T$3:$T$5001,BD!$A$3:$A$5001,J$3,BD!$B$3:$B$5001,$A$5))) | K23: =IF(K$3="","",IF(COUNTIFS(BD!$A$3:$A$5001,K$3,BD!$B$3:$B$5001,$A$5,BD!$T$3:$T$5001,"<>")=0,"",SUMIFS(BD!$T$3:$T$5001,BD!$A$3:$A$5001,K$3,BD!$B$3:$B$5001,$A$5))) | L23: =IF(L$3="","",IF(COUNTIFS(BD!$A$3:$A$5001,L$3,BD!$B$3:$B$5001,$A$5,BD!$T$3:$T$5001,"<>")=0,"",SUMIFS(BD!$T$3:$T$5001,BD!$A$3:$A$5001,L$3,BD!$B$3:$B$5001,$A$5))) | M23: =IF(M$3="","",IF(COUNTIFS(BD!$A$3:$A$5001,M$3,BD!$B$3:$B$5001,$A$5,BD!$T$3:$T$5001,"<>")=0,"",SUMIFS(BD!$T$3:$T$5001,BD!$A$3:$A$5001,M$3,BD!$B$3:$B$5001,$A$5))) | ... AJ23: =IF(AJ$3="","",IF(COUNTIFS(BD!$A$3:$A$5001,AJ$3,BD!$B$3:$B$5001,$A$5,BD!$T$3:$T$5001,"<>")=0,"",SUMIFS(BD!$T$3:$T$5001,BD!$A$3:$A$5001,AJ$3,BD!$B$3:$B$5001,$A$5))) | AK23: =IFERROR(LOOKUP(9.99E+307,F23:AJ23),"")
C24: Falta | D24: =IFERROR(1/(1/INDEX(BD!$AF$42:$AZ$42,MATCH($A$5,BD!$AF$22:$AZ$22,0))),"") | F24: =IF(F$3="","",IF(COUNTIFS(BD!$A$3:$A$5001,F$3,BD!$B$3:$B$5001,$A$5,BD!$U$3:$U$5001,"<>")=0,"",SUMIFS(BD!$U$3:$U$5001,BD!$A$3:$A$5001,F$3,BD!$B$3:$B$5001,$A$5))) | G24: =IF(G$3="","",IF(COUNTIFS(BD!$A$3:$A$5001,G$3,BD!$B$3:$B$5001,$A$5,BD!$U$3:$U$5001,"<>")=0,"",SUMIFS(BD!$U$3:$U$5001,BD!$A$3:$A$5001,G$3,BD!$B$3:$B$5001,$A$5))) | H24: =IF(H$3="","",IF(COUNTIFS(BD!$A$3:$A$5001,H$3,BD!$B$3:$B$5001,$A$5,BD!$U$3:$U$5001,"<>")=0,"",SUMIFS(BD!$U$3:$U$5001,BD!$A$3:$A$5001,H$3,BD!$B$3:$B$5001,$A$5))) | I24: =IF(I$3="","",IF(COUNTIFS(BD!$A$3:$A$5001,I$3,BD!$B$3:$B$5001,$A$5,BD!$U$3:$U$5001,"<>")=0,"",SUMIFS(BD!$U$3:$U$5001,BD!$A$3:$A$5001,I$3,BD!$B$3:$B$5001,$A$5))) | J24: =IF(J$3="","",IF(COUNTIFS(BD!$A$3:$A$5001,J$3,BD!$B$3:$B$5001,$A$5,BD!$U$3:$U$5001,"<>")=0,"",SUMIFS(BD!$U$3:$U$5001,BD!$A$3:$A$5001,J$3,BD!$B$3:$B$5001,$A$5))) | K24: =IF(K$3="","",IF(COUNTIFS(BD!$A$3:$A$5001,K$3,BD!$B$3:$B$5001,$A$5,BD!$U$3:$U$5001,"<>")=0,"",SUMIFS(BD!$U$3:$U$5001,BD!$A$3:$A$5001,K$3,BD!$B$3:$B$5001,$A$5))) | L24: =IF(L$3="","",IF(COUNTIFS(BD!$A$3:$A$5001,L$3,BD!$B$3:$B$5001,$A$5,BD!$U$3:$U$5001,"<>")=0,"",SUMIFS(BD!$U$3:$U$5001,BD!$A$3:$A$5001,L$3,BD!$B$3:$B$5001,$A$5))) | M24: =IF(M$3="","",IF(COUNTIFS(BD!$A$3:$A$5001,M$3,BD!$B$3:$B$5001,$A$5,BD!$U$3:$U$5001,"<>")=0,"",SUMIFS(BD!$U$3:$U$5001,BD!$A$3:$A$5001,M$3,BD!$B$3:$B$5001,$A$5))) | ... AJ24: =IF(AJ$3="","",IF(COUNTIFS(BD!$A$3:$A$5001,AJ$3,BD!$B$3:$B$5001,$A$5,BD!$U$3:$U$5001,"<>")=0,"",SUMIFS(BD!$U$3:$U$5001,BD!$A$3:$A$5001,AJ$3,BD!$B$3:$B$5001,$A$5))) | AK24: =IF(COUNT(F24:AJ24)=0,"",SUM(F24:AJ24))
C25: Absenteísmo (H/H) | D25: =IFERROR(1/(1/INDEX(BD!$AF$43:$AZ$43,MATCH($A$5,BD!$AF$22:$AZ$22,0))),"") | F25: =IF(F$3="","",IF(COUNTIFS(BD!$A$3:$A$5001,F$3,BD!$B$3:$B$5001,$A$5,BD!$V$3:$V$5001,"<>")=0,"",SUMIFS(BD!$V$3:$V$5001,BD!$A$3:$A$5001,F$3,BD!$B$3:$B$5001,$A$5))) | G25: =IF(G$3="","",IF(COUNTIFS(BD!$A$3:$A$5001,G$3,BD!$B$3:$B$5001,$A$5,BD!$V$3:$V$5001,"<>")=0,"",SUMIFS(BD!$V$3:$V$5001,BD!$A$3:$A$5001,G$3,BD!$B$3:$B$5001,$A$5))) | H25: =IF(H$3="","",IF(COUNTIFS(BD!$A$3:$A$5001,H$3,BD!$B$3:$B$5001,$A$5,BD!$V$3:$V$5001,"<>")=0,"",SUMIFS(BD!$V$3:$V$5001,BD!$A$3:$A$5001,H$3,BD!$B$3:$B$5001,$A$5))) | I25: =IF(I$3="","",IF(COUNTIFS(BD!$A$3:$A$5001,I$3,BD!$B$3:$B$5001,$A$5,BD!$V$3:$V$5001,"<>")=0,"",SUMIFS(BD!$V$3:$V$5001,BD!$A$3:$A$5001,I$3,BD!$B$3:$B$5001,$A$5))) | J25: =IF(J$3="","",IF(COUNTIFS(BD!$A$3:$A$5001,J$3,BD!$B$3:$B$5001,$A$5,BD!$V$3:$V$5001,"<>")=0,"",SUMIFS(BD!$V$3:$V$5001,BD!$A$3:$A$5001,J$3,BD!$B$3:$B$5001,$A$5))) | K25: =IF(K$3="","",IF(COUNTIFS(BD!$A$3:$A$5001,K$3,BD!$B$3:$B$5001,$A$5,BD!$V$3:$V$5001,"<>")=0,"",SUMIFS(BD!$V$3:$V$5001,BD!$A$3:$A$5001,K$3,BD!$B$3:$B$5001,$A$5))) | L25: =IF(L$3="","",IF(COUNTIFS(BD!$A$3:$A$5001,L$3,BD!$B$3:$B$5001,$A$5,BD!$V$3:$V$5001,"<>")=0,"",SUMIFS(BD!$V$3:$V$5001,BD!$A$3:$A$5001,L$3,BD!$B$3:$B$5001,$A$5))) | M25: =IF(M$3="","",IF(COUNTIFS(BD!$A$3:$A$5001,M$3,BD!$B$3:$B$5001,$A$5,BD!$V$3:$V$5001,"<>")=0,"",SUMIFS(BD!$V$3:$V$5001,BD!$A$3:$A$5001,M$3,BD!$B$3:$B$5001,$A$5))) | ... AJ25: =IF(AJ$3="","",IF(COUNTIFS(BD!$A$3:$A$5001,AJ$3,BD!$B$3:$B$5001,$A$5,BD!$V$3:$V$5001,"<>")=0,"",SUMIFS(BD!$V$3:$V$5001,BD!$A$3:$A$5001,AJ$3,BD!$B$3:$B$5001,$A$5))) | AK25: =IF(COUNT(F25:AJ25)=0,"",SUM(F25:AJ25))
C26: Folga | D26: =IFERROR(1/(1/INDEX(BD!$AF$44:$AZ$44,MATCH($A$5,BD!$AF$22:$AZ$22,0))),"") | F26: =IF(F$3="","",IF(COUNTIFS(BD!$A$3:$A$5001,F$3,BD!$B$3:$B$5001,$A$5,BD!$W$3:$W$5001,"<>")=0,"",SUMIFS(BD!$W$3:$W$5001,BD!$A$3:$A$5001,F$3,BD!$B$3:$B$5001,$A$5))) | G26: =IF(G$3="","",IF(COUNTIFS(BD!$A$3:$A$5001,G$3,BD!$B$3:$B$5001,$A$5,BD!$W$3:$W$5001,"<>")=0,"",SUMIFS(BD!$W$3:$W$5001,BD!$A$3:$A$5001,G$3,BD!$B$3:$B$5001,$A$5))) | H26: =IF(H$3="","",IF(COUNTIFS(BD!$A$3:$A$5001,H$3,BD!$B$3:$B$5001,$A$5,BD!$W$3:$W$5001,"<>")=0,"",SUMIFS(BD!$W$3:$W$5001,BD!$A$3:$A$5001,H$3,BD!$B$3:$B$5001,$A$5))) | I26: =IF(I$3="","",IF(COUNTIFS(BD!$A$3:$A$5001,I$3,BD!$B$3:$B$5001,$A$5,BD!$W$3:$W$5001,"<>")=0,"",SUMIFS(BD!$W$3:$W$5001,BD!$A$3:$A$5001,I$3,BD!$B$3:$B$5001,$A$5))) | J26: =IF(J$3="","",IF(COUNTIFS(BD!$A$3:$A$5001,J$3,BD!$B$3:$B$5001,$A$5,BD!$W$3:$W$5001,"<>")=0,"",SUMIFS(BD!$W$3:$W$5001,BD!$A$3:$A$5001,J$3,BD!$B$3:$B$5001,$A$5))) | K26: =IF(K$3="","",IF(COUNTIFS(BD!$A$3:$A$5001,K$3,BD!$B$3:$B$5001,$A$5,BD!$W$3:$W$5001,"<>")=0,"",SUMIFS(BD!$W$3:$W$5001,BD!$A$3:$A$5001,K$3,BD!$B$3:$B$5001,$A$5))) | L26: =IF(L$3="","",IF(COUNTIFS(BD!$A$3:$A$5001,L$3,BD!$B$3:$B$5001,$A$5,BD!$W$3:$W$5001,"<>")=0,"",SUMIFS(BD!$W$3:$W$5001,BD!$A$3:$A$5001,L$3,BD!$B$3:$B$5001,$A$5))) | M26: =IF(M$3="","",IF(COUNTIFS(BD!$A$3:$A$5001,M$3,BD!$B$3:$B$5001,$A$5,BD!$W$3:$W$5001,"<>")=0,"",SUMIFS(BD!$W$3:$W$5001,BD!$A$3:$A$5001,M$3,BD!$B$3:$B$5001,$A$5))) | ... AJ26: =IF(AJ$3="","",IF(COUNTIFS(BD!$A$3:$A$5001,AJ$3,BD!$B$3:$B$5001,$A$5,BD!$W$3:$W$5001,"<>")=0,"",SUMIFS(BD!$W$3:$W$5001,BD!$A$3:$A$5001,AJ$3,BD!$B$3:$B$5001,$A$5))) | AK26: =IF(COUNT(F26:AJ26)=0,"",SUM(F26:AJ26))
C27: Férias | D27: =IFERROR(1/(1/INDEX(BD!$AF$45:$AZ$45,MATCH($A$5,BD!$AF$22:$AZ$22,0))),"") | F27: =IF(F$3="","",IF(COUNTIFS(BD!$A$3:$A$5001,F$3,BD!$B$3:$B$5001,$A$5,BD!$X$3:$X$5001,"<>")=0,"",SUMIFS(BD!$X$3:$X$5001,BD!$A$3:$A$5001,F$3,BD!$B$3:$B$5001,$A$5))) | G27: =IF(G$3="","",IF(COUNTIFS(BD!$A$3:$A$5001,G$3,BD!$B$3:$B$5001,$A$5,BD!$X$3:$X$5001,"<>")=0,"",SUMIFS(BD!$X$3:$X$5001,BD!$A$3:$A$5001,G$3,BD!$B$3:$B$5001,$A$5))) | H27: =IF(H$3="","",IF(COUNTIFS(BD!$A$3:$A$5001,H$3,BD!$B$3:$B$5001,$A$5,BD!$X$3:$X$5001,"<>")=0,"",SUMIFS(BD!$X$3:$X$5001,BD!$A$3:$A$5001,H$3,BD!$B$3:$B$5001,$A$5))) | I27: =IF(I$3="","",IF(COUNTIFS(BD!$A$3:$A$5001,I$3,BD!$B$3:$B$5001,$A$5,BD!$X$3:$X$5001,"<>")=0,"",SUMIFS(BD!$X$3:$X$5001,BD!$A$3:$A$5001,I$3,BD!$B$3:$B$5001,$A$5))) | J27: =IF(J$3="","",IF(COUNTIFS(BD!$A$3:$A$5001,J$3,BD!$B$3:$B$5001,$A$5,BD!$X$3:$X$5001,"<>")=0,"",SUMIFS(BD!$X$3:$X$5001,BD!$A$3:$A$5001,J$3,BD!$B$3:$B$5001,$A$5))) | K27: =IF(K$3="","",IF(COUNTIFS(BD!$A$3:$A$5001,K$3,BD!$B$3:$B$5001,$A$5,BD!$X$3:$X$5001,"<>")=0,"",SUMIFS(BD!$X$3:$X$5001,BD!$A$3:$A$5001,K$3,BD!$B$3:$B$5001,$A$5))) | L27: =IF(L$3="","",IF(COUNTIFS(BD!$A$3:$A$5001,L$3,BD!$B$3:$B$5001,$A$5,BD!$X$3:$X$5001,"<>")=0,"",SUMIFS(BD!$X$3:$X$5001,BD!$A$3:$A$5001,L$3,BD!$B$3:$B$5001,$A$5))) | M27: =IF(M$3="","",IF(COUNTIFS(BD!$A$3:$A$5001,M$3,BD!$B$3:$B$5001,$A$5,BD!$X$3:$X$5001,"<>")=0,"",SUMIFS(BD!$X$3:$X$5001,BD!$A$3:$A$5001,M$3,BD!$B$3:$B$5001,$A$5))) | ... AJ27: =IF(AJ$3="","",IF(COUNTIFS(BD!$A$3:$A$5001,AJ$3,BD!$B$3:$B$5001,$A$5,BD!$X$3:$X$5001,"<>")=0,"",SUMIFS(BD!$X$3:$X$5001,BD!$A$3:$A$5001,AJ$3,BD!$B$3:$B$5001,$A$5))) | AK27: =IF(COUNT(F27:AJ27)=0,"",SUM(F27:AJ27))
C28: Desligamento | D28: =IFERROR(1/(1/INDEX(BD!$AF$46:$AZ$46,MATCH($A$5,BD!$AF$22:$AZ$22,0))),"") | F28: =IF(F$3="","",IF(COUNTIFS(BD!$A$3:$A$5001,F$3,BD!$B$3:$B$5001,$A$5,BD!$Y$3:$Y$5001,"<>")=0,"",SUMIFS(BD!$Y$3:$Y$5001,BD!$A$3:$A$5001,F$3,BD!$B$3:$B$5001,$A$5))) | G28: =IF(G$3="","",IF(COUNTIFS(BD!$A$3:$A$5001,G$3,BD!$B$3:$B$5001,$A$5,BD!$Y$3:$Y$5001,"<>")=0,"",SUMIFS(BD!$Y$3:$Y$5001,BD!$A$3:$A$5001,G$3,BD!$B$3:$B$5001,$A$5))) | H28: =IF(H$3="","",IF(COUNTIFS(BD!$A$3:$A$5001,H$3,BD!$B$3:$B$5001,$A$5,BD!$Y$3:$Y$5001,"<>")=0,"",SUMIFS(BD!$Y$3:$Y$5001,BD!$A$3:$A$5001,H$3,BD!$B$3:$B$5001,$A$5))) | I28: =IF(I$3="","",IF(COUNTIFS(BD!$A$3:$A$5001,I$3,BD!$B$3:$B$5001,$A$5,BD!$Y$3:$Y$5001,"<>")=0,"",SUMIFS(BD!$Y$3:$Y$5001,BD!$A$3:$A$5001,I$3,BD!$B$3:$B$5001,$A$5))) | J28: =IF(J$3="","",IF(COUNTIFS(BD!$A$3:$A$5001,J$3,BD!$B$3:$B$5001,$A$5,BD!$Y$3:$Y$5001,"<>")=0,"",SUMIFS(BD!$Y$3:$Y$5001,BD!$A$3:$A$5001,J$3,BD!$B$3:$B$5001,$A$5))) | K28: =IF(K$3="","",IF(COUNTIFS(BD!$A$3:$A$5001,K$3,BD!$B$3:$B$5001,$A$5,BD!$Y$3:$Y$5001,"<>")=0,"",SUMIFS(BD!$Y$3:$Y$5001,BD!$A$3:$A$5001,K$3,BD!$B$3:$B$5001,$A$5))) | L28: =IF(L$3="","",IF(COUNTIFS(BD!$A$3:$A$5001,L$3,BD!$B$3:$B$5001,$A$5,BD!$Y$3:$Y$5001,"<>")=0,"",SUMIFS(BD!$Y$3:$Y$5001,BD!$A$3:$A$5001,L$3,BD!$B$3:$B$5001,$A$5))) | M28: =IF(M$3="","",IF(COUNTIFS(BD!$A$3:$A$5001,M$3,BD!$B$3:$B$5001,$A$5,BD!$Y$3:$Y$5001,"<>")=0,"",SUMIFS(BD!$Y$3:$Y$5001,BD!$A$3:$A$5001,M$3,BD!$B$3:$B$5001,$A$5))) | ... AJ28: =IF(AJ$3="","",IF(COUNTIFS(BD!$A$3:$A$5001,AJ$3,BD!$B$3:$B$5001,$A$5,BD!$Y$3:$Y$5001,"<>")=0,"",SUMIFS(BD!$Y$3:$Y$5001,BD!$A$3:$A$5001,AJ$3,BD!$B$3:$B$5001,$A$5))) | AK28: =IF(COUNT(F28:AJ28)=0,"",SUM(F28:AJ28))
C29: Desvios Comportamentais | D29: =IFERROR(1/(1/INDEX(BD!$AF$47:$AZ$47,MATCH($A$5,BD!$AF$22:$AZ$22,0))),"") | F29: =IF(F$3="","",IF(COUNTIFS(BD!$A$3:$A$5001,F$3,BD!$B$3:$B$5001,$A$5,BD!$Z$3:$Z$5001,"<>")=0,"",SUMIFS(BD!$Z$3:$Z$5001,BD!$A$3:$A$5001,F$3,BD!$B$3:$B$5001,$A$5))) | G29: =IF(G$3="","",IF(COUNTIFS(BD!$A$3:$A$5001,G$3,BD!$B$3:$B$5001,$A$5,BD!$Z$3:$Z$5001,"<>")=0,"",SUMIFS(BD!$Z$3:$Z$5001,BD!$A$3:$A$5001,G$3,BD!$B$3:$B$5001,$A$5))) | H29: =IF(H$3="","",IF(COUNTIFS(BD!$A$3:$A$5001,H$3,BD!$B$3:$B$5001,$A$5,BD!$Z$3:$Z$5001,"<>")=0,"",SUMIFS(BD!$Z$3:$Z$5001,BD!$A$3:$A$5001,H$3,BD!$B$3:$B$5001,$A$5))) | I29: =IF(I$3="","",IF(COUNTIFS(BD!$A$3:$A$5001,I$3,BD!$B$3:$B$5001,$A$5,BD!$Z$3:$Z$5001,"<>")=0,"",SUMIFS(BD!$Z$3:$Z$5001,BD!$A$3:$A$5001,I$3,BD!$B$3:$B$5001,$A$5))) | J29: =IF(J$3="","",IF(COUNTIFS(BD!$A$3:$A$5001,J$3,BD!$B$3:$B$5001,$A$5,BD!$Z$3:$Z$5001,"<>")=0,"",SUMIFS(BD!$Z$3:$Z$5001,BD!$A$3:$A$5001,J$3,BD!$B$3:$B$5001,$A$5))) | K29: =IF(K$3="","",IF(COUNTIFS(BD!$A$3:$A$5001,K$3,BD!$B$3:$B$5001,$A$5,BD!$Z$3:$Z$5001,"<>")=0,"",SUMIFS(BD!$Z$3:$Z$5001,BD!$A$3:$A$5001,K$3,BD!$B$3:$B$5001,$A$5))) | L29: =IF(L$3="","",IF(COUNTIFS(BD!$A$3:$A$5001,L$3,BD!$B$3:$B$5001,$A$5,BD!$Z$3:$Z$5001,"<>")=0,"",SUMIFS(BD!$Z$3:$Z$5001,BD!$A$3:$A$5001,L$3,BD!$B$3:$B$5001,$A$5))) | M29: =IF(M$3="","",IF(COUNTIFS(BD!$A$3:$A$5001,M$3,BD!$B$3:$B$5001,$A$5,BD!$Z$3:$Z$5001,"<>")=0,"",SUMIFS(BD!$Z$3:$Z$5001,BD!$A$3:$A$5001,M$3,BD!$B$3:$B$5001,$A$5))) | ... AJ29: =IF(AJ$3="","",IF(COUNTIFS(BD!$A$3:$A$5001,AJ$3,BD!$B$3:$B$5001,$A$5,BD!$Z$3:$Z$5001,"<>")=0,"",SUMIFS(BD!$Z$3:$Z$5001,BD!$A$3:$A$5001,AJ$3,BD!$B$3:$B$5001,$A$5))) | AK29: =IF(COUNT(F29:AJ29)=0,"",SUM(F29:AJ29))
C30: Acidentes CAF | D30: =IFERROR(1/(1/INDEX(BD!$AF$48:$AZ$48,MATCH($A$5,BD!$AF$22:$AZ$22,0))),"") | F30: =IF(F$3="","",IF(COUNTIFS(BD!$A$3:$A$5001,F$3,BD!$B$3:$B$5001,$A$5,BD!$AA$3:$AA$5001,"<>")=0,"",SUMIFS(BD!$AA$3:$AA$5001,BD!$A$3:$A$5001,F$3,BD!$B$3:$B$5001,$A$5))) | G30: =IF(G$3="","",IF(COUNTIFS(BD!$A$3:$A$5001,G$3,BD!$B$3:$B$5001,$A$5,BD!$AA$3:$AA$5001,"<>")=0,"",SUMIFS(BD!$AA$3:$AA$5001,BD!$A$3:$A$5001,G$3,BD!$B$3:$B$5001,$A$5))) | H30: =IF(H$3="","",IF(COUNTIFS(BD!$A$3:$A$5001,H$3,BD!$B$3:$B$5001,$A$5,BD!$AA$3:$AA$5001,"<>")=0,"",SUMIFS(BD!$AA$3:$AA$5001,BD!$A$3:$A$5001,H$3,BD!$B$3:$B$5001,$A$5))) | I30: =IF(I$3="","",IF(COUNTIFS(BD!$A$3:$A$5001,I$3,BD!$B$3:$B$5001,$A$5,BD!$AA$3:$AA$5001,"<>")=0,"",SUMIFS(BD!$AA$3:$AA$5001,BD!$A$3:$A$5001,I$3,BD!$B$3:$B$5001,$A$5))) | J30: =IF(J$3="","",IF(COUNTIFS(BD!$A$3:$A$5001,J$3,BD!$B$3:$B$5001,$A$5,BD!$AA$3:$AA$5001,"<>")=0,"",SUMIFS(BD!$AA$3:$AA$5001,BD!$A$3:$A$5001,J$3,BD!$B$3:$B$5001,$A$5))) | K30: =IF(K$3="","",IF(COUNTIFS(BD!$A$3:$A$5001,K$3,BD!$B$3:$B$5001,$A$5,BD!$AA$3:$AA$5001,"<>")=0,"",SUMIFS(BD!$AA$3:$AA$5001,BD!$A$3:$A$5001,K$3,BD!$B$3:$B$5001,$A$5))) | L30: =IF(L$3="","",IF(COUNTIFS(BD!$A$3:$A$5001,L$3,BD!$B$3:$B$5001,$A$5,BD!$AA$3:$AA$5001,"<>")=0,"",SUMIFS(BD!$AA$3:$AA$5001,BD!$A$3:$A$5001,L$3,BD!$B$3:$B$5001,$A$5))) | M30: =IF(M$3="","",IF(COUNTIFS(BD!$A$3:$A$5001,M$3,BD!$B$3:$B$5001,$A$5,BD!$AA$3:$AA$5001,"<>")=0,"",SUMIFS(BD!$AA$3:$AA$5001,BD!$A$3:$A$5001,M$3,BD!$B$3:$B$5001,$A$5))) | ... AJ30: =IF(AJ$3="","",IF(COUNTIFS(BD!$A$3:$A$5001,AJ$3,BD!$B$3:$B$5001,$A$5,BD!$AA$3:$AA$5001,"<>")=0,"",SUMIFS(BD!$AA$3:$AA$5001,BD!$A$3:$A$5001,AJ$3,BD!$B$3:$B$5001,$A$5))) | AK30: =IF(COUNT(F30:AJ30)=0,"",SUM(F30:AJ30))
C31: Acidentes SAF | D31: =IFERROR(1/(1/INDEX(BD!$AF$49:$AZ$49,MATCH($A$5,BD!$AF$22:$AZ$22,0))),"") | F31: =IF(F$3="","",IF(COUNTIFS(BD!$A$3:$A$5001,F$3,BD!$B$3:$B$5001,$A$5,BD!$AB$3:$AB$5001,"<>")=0,"",SUMIFS(BD!$AB$3:$AB$5001,BD!$A$3:$A$5001,F$3,BD!$B$3:$B$5001,$A$5))) | G31: =IF(G$3="","",IF(COUNTIFS(BD!$A$3:$A$5001,G$3,BD!$B$3:$B$5001,$A$5,BD!$AB$3:$AB$5001,"<>")=0,"",SUMIFS(BD!$AB$3:$AB$5001,BD!$A$3:$A$5001,G$3,BD!$B$3:$B$5001,$A$5))) | H31: =IF(H$3="","",IF(COUNTIFS(BD!$A$3:$A$5001,H$3,BD!$B$3:$B$5001,$A$5,BD!$AB$3:$AB$5001,"<>")=0,"",SUMIFS(BD!$AB$3:$AB$5001,BD!$A$3:$A$5001,H$3,BD!$B$3:$B$5001,$A$5))) | I31: =IF(I$3="","",IF(COUNTIFS(BD!$A$3:$A$5001,I$3,BD!$B$3:$B$5001,$A$5,BD!$AB$3:$AB$5001,"<>")=0,"",SUMIFS(BD!$AB$3:$AB$5001,BD!$A$3:$A$5001,I$3,BD!$B$3:$B$5001,$A$5))) | J31: =IF(J$3="","",IF(COUNTIFS(BD!$A$3:$A$5001,J$3,BD!$B$3:$B$5001,$A$5,BD!$AB$3:$AB$5001,"<>")=0,"",SUMIFS(BD!$AB$3:$AB$5001,BD!$A$3:$A$5001,J$3,BD!$B$3:$B$5001,$A$5))) | K31: =IF(K$3="","",IF(COUNTIFS(BD!$A$3:$A$5001,K$3,BD!$B$3:$B$5001,$A$5,BD!$AB$3:$AB$5001,"<>")=0,"",SUMIFS(BD!$AB$3:$AB$5001,BD!$A$3:$A$5001,K$3,BD!$B$3:$B$5001,$A$5))) | L31: =IF(L$3="","",IF(COUNTIFS(BD!$A$3:$A$5001,L$3,BD!$B$3:$B$5001,$A$5,BD!$AB$3:$AB$5001,"<>")=0,"",SUMIFS(BD!$AB$3:$AB$5001,BD!$A$3:$A$5001,L$3,BD!$B$3:$B$5001,$A$5))) | M31: =IF(M$3="","",IF(COUNTIFS(BD!$A$3:$A$5001,M$3,BD!$B$3:$B$5001,$A$5,BD!$AB$3:$AB$5001,"<>")=0,"",SUMIFS(BD!$AB$3:$AB$5001,BD!$A$3:$A$5001,M$3,BD!$B$3:$B$5001,$A$5))) | ... AJ31: =IF(AJ$3="","",IF(COUNTIFS(BD!$A$3:$A$5001,AJ$3,BD!$B$3:$B$5001,$A$5,BD!$AB$3:$AB$5001,"<>")=0,"",SUMIFS(BD!$AB$3:$AB$5001,BD!$A$3:$A$5001,AJ$3,BD!$B$3:$B$5001,$A$5))) | AK31: =IF(COUNT(F31:AJ31)=0,"",SUM(F31:AJ31))
A33: GM | B33: OUT | C33: Veículos Expedidos | D33: =IFERROR(1/(1/INDEX(BD!$AF$28:$AZ$28,MATCH($A$33,BD!$AF$22:$AZ$22,0))),"") | F33: =IF(F$3="","",IF(COUNTIFS(BD!$A$3:$A$5001,F$3,BD!$B$3:$B$5001,$A$33,BD!$H$3:$H$5001,"<>")=0,"",SUMIFS(BD!$H$3:$H$5001,BD!$A$3:$A$5001,F$3,BD!$B$3:$B$5001,$A$33))) | G33: =IF(G$3="","",IF(COUNTIFS(BD!$A$3:$A$5001,G$3,BD!$B$3:$B$5001,$A$33,BD!$H$3:$H$5001,"<>")=0,"",SUMIFS(BD!$H$3:$H$5001,BD!$A$3:$A$5001,G$3,BD!$B$3:$B$5001,$A$33))) | H33: =IF(H$3="","",IF(COUNTIFS(BD!$A$3:$A$5001,H$3,BD!$B$3:$B$5001,$A$33,BD!$H$3:$H$5001,"<>")=0,"",SUMIFS(BD!$H$3:$H$5001,BD!$A$3:$A$5001,H$3,BD!$B$3:$B$5001,$A$33))) | I33: =IF(I$3="","",IF(COUNTIFS(BD!$A$3:$A$5001,I$3,BD!$B$3:$B$5001,$A$33,BD!$H$3:$H$5001,"<>")=0,"",SUMIFS(BD!$H$3:$H$5001,BD!$A$3:$A$5001,I$3,BD!$B$3:$B$5001,$A$33))) | J33: =IF(J$3="","",IF(COUNTIFS(BD!$A$3:$A$5001,J$3,BD!$B$3:$B$5001,$A$33,BD!$H$3:$H$5001,"<>")=0,"",SUMIFS(BD!$H$3:$H$5001,BD!$A$3:$A$5001,J$3,BD!$B$3:$B$5001,$A$33))) | K33: =IF(K$3="","",IF(COUNTIFS(BD!$A$3:$A$5001,K$3,BD!$B$3:$B$5001,$A$33,BD!$H$3:$H$5001,"<>")=0,"",SUMIFS(BD!$H$3:$H$5001,BD!$A$3:$A$5001,K$3,BD!$B$3:$B$5001,$A$33))) | L33: =IF(L$3="","",IF(COUNTIFS(BD!$A$3:$A$5001,L$3,BD!$B$3:$B$5001,$A$33,BD!$H$3:$H$5001,"<>")=0,"",SUMIFS(BD!$H$3:$H$5001,BD!$A$3:$A$5001,L$3,BD!$B$3:$B$5001,$A$33))) | M33: =IF(M$3="","",IF(COUNTIFS(BD!$A$3:$A$5001,M$3,BD!$B$3:$B$5001,$A$33,BD!$H$3:$H$5001,"<>")=0,"",SUMIFS(BD!$H$3:$H$5001,BD!$A$3:$A$5001,M$3,BD!$B$3:$B$5001,$A$33))) | ... AJ33: =IF(AJ$3="","",IF(COUNTIFS(BD!$A$3:$A$5001,AJ$3,BD!$B$3:$B$5001,$A$33,BD!$H$3:$H$5001,"<>")=0,"",SUMIFS(BD!$H$3:$H$5001,BD!$A$3:$A$5001,AJ$3,BD!$B$3:$B$5001,$A$33))) | AK33: =IF(COUNT(F33:AJ33)=0,"",SUM(F33:AJ33))
C34: Pallets Movimentados | D34: =IFERROR(1/(1/INDEX(BD!$AF$29:$AZ$29,MATCH($A$33,BD!$AF$22:$AZ$22,0))),"") | F34: =IF(F$3="","",IF(COUNTIFS(BD!$A$3:$A$5001,F$3,BD!$B$3:$B$5001,$A$33,BD!$I$3:$I$5001,"<>")=0,"",SUMIFS(BD!$I$3:$I$5001,BD!$A$3:$A$5001,F$3,BD!$B$3:$B$5001,$A$33))) | G34: =IF(G$3="","",IF(COUNTIFS(BD!$A$3:$A$5001,G$3,BD!$B$3:$B$5001,$A$33,BD!$I$3:$I$5001,"<>")=0,"",SUMIFS(BD!$I$3:$I$5001,BD!$A$3:$A$5001,G$3,BD!$B$3:$B$5001,$A$33))) | H34: =IF(H$3="","",IF(COUNTIFS(BD!$A$3:$A$5001,H$3,BD!$B$3:$B$5001,$A$33,BD!$I$3:$I$5001,"<>")=0,"",SUMIFS(BD!$I$3:$I$5001,BD!$A$3:$A$5001,H$3,BD!$B$3:$B$5001,$A$33))) | I34: =IF(I$3="","",IF(COUNTIFS(BD!$A$3:$A$5001,I$3,BD!$B$3:$B$5001,$A$33,BD!$I$3:$I$5001,"<>")=0,"",SUMIFS(BD!$I$3:$I$5001,BD!$A$3:$A$5001,I$3,BD!$B$3:$B$5001,$A$33))) | J34: =IF(J$3="","",IF(COUNTIFS(BD!$A$3:$A$5001,J$3,BD!$B$3:$B$5001,$A$33,BD!$I$3:$I$5001,"<>")=0,"",SUMIFS(BD!$I$3:$I$5001,BD!$A$3:$A$5001,J$3,BD!$B$3:$B$5001,$A$33))) | K34: =IF(K$3="","",IF(COUNTIFS(BD!$A$3:$A$5001,K$3,BD!$B$3:$B$5001,$A$33,BD!$I$3:$I$5001,"<>")=0,"",SUMIFS(BD!$I$3:$I$5001,BD!$A$3:$A$5001,K$3,BD!$B$3:$B$5001,$A$33))) | L34: =IF(L$3="","",IF(COUNTIFS(BD!$A$3:$A$5001,L$3,BD!$B$3:$B$5001,$A$33,BD!$I$3:$I$5001,"<>")=0,"",SUMIFS(BD!$I$3:$I$5001,BD!$A$3:$A$5001,L$3,BD!$B$3:$B$5001,$A$33))) | M34: =IF(M$3="","",IF(COUNTIFS(BD!$A$3:$A$5001,M$3,BD!$B$3:$B$5001,$A$33,BD!$I$3:$I$5001,"<>")=0,"",SUMIFS(BD!$I$3:$I$5001,BD!$A$3:$A$5001,M$3,BD!$B$3:$B$5001,$A$33))) | ... AJ34: =IF(AJ$3="","",IF(COUNTIFS(BD!$A$3:$A$5001,AJ$3,BD!$B$3:$B$5001,$A$33,BD!$I$3:$I$5001,"<>")=0,"",SUMIFS(BD!$I$3:$I$5001,BD!$A$3:$A$5001,AJ$3,BD!$B$3:$B$5001,$A$33))) | AK34: =IF(COUNT(F34:AJ34)=0,"",SUM(F34:AJ34))
C35: Toneladas Movimentadas | D35: =IFERROR(1/(1/INDEX(BD!$AF$30:$AZ$30,MATCH($A$33,BD!$AF$22:$AZ$22,0))),"") | F35: =IF(F$3="","",IF(COUNTIFS(BD!$A$3:$A$5001,F$3,BD!$B$3:$B$5001,$A$33,BD!$J$3:$J$5001,"<>")=0,"",SUMIFS(BD!$J$3:$J$5001,BD!$A$3:$A$5001,F$3,BD!$B$3:$B$5001,$A$33))) | G35: =IF(G$3="","",IF(COUNTIFS(BD!$A$3:$A$5001,G$3,BD!$B$3:$B$5001,$A$33,BD!$J$3:$J$5001,"<>")=0,"",SUMIFS(BD!$J$3:$J$5001,BD!$A$3:$A$5001,G$3,BD!$B$3:$B$5001,$A$33))) | H35: =IF(H$3="","",IF(COUNTIFS(BD!$A$3:$A$5001,H$3,BD!$B$3:$B$5001,$A$33,BD!$J$3:$J$5001,"<>")=0,"",SUMIFS(BD!$J$3:$J$5001,BD!$A$3:$A$5001,H$3,BD!$B$3:$B$5001,$A$33))) | I35: =IF(I$3="","",IF(COUNTIFS(BD!$A$3:$A$5001,I$3,BD!$B$3:$B$5001,$A$33,BD!$J$3:$J$5001,"<>")=0,"",SUMIFS(BD!$J$3:$J$5001,BD!$A$3:$A$5001,I$3,BD!$B$3:$B$5001,$A$33))) | J35: =IF(J$3="","",IF(COUNTIFS(BD!$A$3:$A$5001,J$3,BD!$B$3:$B$5001,$A$33,BD!$J$3:$J$5001,"<>")=0,"",SUMIFS(BD!$J$3:$J$5001,BD!$A$3:$A$5001,J$3,BD!$B$3:$B$5001,$A$33))) | K35: =IF(K$3="","",IF(COUNTIFS(BD!$A$3:$A$5001,K$3,BD!$B$3:$B$5001,$A$33,BD!$J$3:$J$5001,"<>")=0,"",SUMIFS(BD!$J$3:$J$5001,BD!$A$3:$A$5001,K$3,BD!$B$3:$B$5001,$A$33))) | L35: =IF(L$3="","",IF(COUNTIFS(BD!$A$3:$A$5001,L$3,BD!$B$3:$B$5001,$A$33,BD!$J$3:$J$5001,"<>")=0,"",SUMIFS(BD!$J$3:$J$5001,BD!$A$3:$A$5001,L$3,BD!$B$3:$B$5001,$A$33))) | M35: =IF(M$3="","",IF(COUNTIFS(BD!$A$3:$A$5001,M$3,BD!$B$3:$B$5001,$A$33,BD!$J$3:$J$5001,"<>")=0,"",SUMIFS(BD!$J$3:$J$5001,BD!$A$3:$A$5001,M$3,BD!$B$3:$B$5001,$A$33))) | ... AJ35: =IF(AJ$3="","",IF(COUNTIFS(BD!$A$3:$A$5001,AJ$3,BD!$B$3:$B$5001,$A$33,BD!$J$3:$J$5001,"<>")=0,"",SUMIFS(BD!$J$3:$J$5001,BD!$A$3:$A$5001,AJ$3,BD!$B$3:$B$5001,$A$33))) | AK35: =IF(COUNT(F35:AJ35)=0,"",SUM(F35:AJ35))
C36: Caixas Expedidas | D36: =IFERROR(1/(1/INDEX(BD!$AF$31:$AZ$31,MATCH($A$33,BD!$AF$22:$AZ$22,0))),"") | F36: =IF(F$3="","",IF(COUNTIFS(BD!$A$3:$A$5001,F$3,BD!$B$3:$B$5001,$A$33,BD!$K$3:$K$5001,"<>")=0,"",SUMIFS(BD!$K$3:$K$5001,BD!$A$3:$A$5001,F$3,BD!$B$3:$B$5001,$A$33))) | G36: =IF(G$3="","",IF(COUNTIFS(BD!$A$3:$A$5001,G$3,BD!$B$3:$B$5001,$A$33,BD!$K$3:$K$5001,"<>")=0,"",SUMIFS(BD!$K$3:$K$5001,BD!$A$3:$A$5001,G$3,BD!$B$3:$B$5001,$A$33))) | H36: =IF(H$3="","",IF(COUNTIFS(BD!$A$3:$A$5001,H$3,BD!$B$3:$B$5001,$A$33,BD!$K$3:$K$5001,"<>")=0,"",SUMIFS(BD!$K$3:$K$5001,BD!$A$3:$A$5001,H$3,BD!$B$3:$B$5001,$A$33))) | I36: =IF(I$3="","",IF(COUNTIFS(BD!$A$3:$A$5001,I$3,BD!$B$3:$B$5001,$A$33,BD!$K$3:$K$5001,"<>")=0,"",SUMIFS(BD!$K$3:$K$5001,BD!$A$3:$A$5001,I$3,BD!$B$3:$B$5001,$A$33))) | J36: =IF(J$3="","",IF(COUNTIFS(BD!$A$3:$A$5001,J$3,BD!$B$3:$B$5001,$A$33,BD!$K$3:$K$5001,"<>")=0,"",SUMIFS(BD!$K$3:$K$5001,BD!$A$3:$A$5001,J$3,BD!$B$3:$B$5001,$A$33))) | K36: =IF(K$3="","",IF(COUNTIFS(BD!$A$3:$A$5001,K$3,BD!$B$3:$B$5001,$A$33,BD!$K$3:$K$5001,"<>")=0,"",SUMIFS(BD!$K$3:$K$5001,BD!$A$3:$A$5001,K$3,BD!$B$3:$B$5001,$A$33))) | L36: =IF(L$3="","",IF(COUNTIFS(BD!$A$3:$A$5001,L$3,BD!$B$3:$B$5001,$A$33,BD!$K$3:$K$5001,"<>")=0,"",SUMIFS(BD!$K$3:$K$5001,BD!$A$3:$A$5001,L$3,BD!$B$3:$B$5001,$A$33))) | M36: =IF(M$3="","",IF(COUNTIFS(BD!$A$3:$A$5001,M$3,BD!$B$3:$B$5001,$A$33,BD!$K$3:$K$5001,"<>")=0,"",SUMIFS(BD!$K$3:$K$5001,BD!$A$3:$A$5001,M$3,BD!$B$3:$B$5001,$A$33))) | ... AJ36: =IF(AJ$3="","",IF(COUNTIFS(BD!$A$3:$A$5001,AJ$3,BD!$B$3:$B$5001,$A$33,BD!$K$3:$K$5001,"<>")=0,"",SUMIFS(BD!$K$3:$K$5001,BD!$A$3:$A$5001,AJ$3,BD!$B$3:$B$5001,$A$33))) | AK36: =IF(COUNT(F36:AJ36)=0,"",SUM(F36:AJ36))
C37: Pedidos Faturados | D37: =IFERROR(1/(1/INDEX(BD!$AF$32:$AZ$32,MATCH($A$33,BD!$AF$22:$AZ$22,0))),"") | F37: =IF(F$3="","",IF(COUNTIFS(BD!$A$3:$A$5001,F$3,BD!$B$3:$B$5001,$A$33,BD!$L$3:$L$5001,"<>")=0,"",SUMIFS(BD!$L$3:$L$5001,BD!$A$3:$A$5001,F$3,BD!$B$3:$B$5001,$A$33))) | G37: =IF(G$3="","",IF(COUNTIFS(BD!$A$3:$A$5001,G$3,BD!$B$3:$B$5001,$A$33,BD!$L$3:$L$5001,"<>")=0,"",SUMIFS(BD!$L$3:$L$5001,BD!$A$3:$A$5001,G$3,BD!$B$3:$B$5001,$A$33))) | H37: =IF(H$3="","",IF(COUNTIFS(BD!$A$3:$A$5001,H$3,BD!$B$3:$B$5001,$A$33,BD!$L$3:$L$5001,"<>")=0,"",SUMIFS(BD!$L$3:$L$5001,BD!$A$3:$A$5001,H$3,BD!$B$3:$B$5001,$A$33))) | I37: =IF(I$3="","",IF(COUNTIFS(BD!$A$3:$A$5001,I$3,BD!$B$3:$B$5001,$A$33,BD!$L$3:$L$5001,"<>")=0,"",SUMIFS(BD!$L$3:$L$5001,BD!$A$3:$A$5001,I$3,BD!$B$3:$B$5001,$A$33))) | J37: =IF(J$3="","",IF(COUNTIFS(BD!$A$3:$A$5001,J$3,BD!$B$3:$B$5001,$A$33,BD!$L$3:$L$5001,"<>")=0,"",SUMIFS(BD!$L$3:$L$5001,BD!$A$3:$A$5001,J$3,BD!$B$3:$B$5001,$A$33))) | K37: =IF(K$3="","",IF(COUNTIFS(BD!$A$3:$A$5001,K$3,BD!$B$3:$B$5001,$A$33,BD!$L$3:$L$5001,"<>")=0,"",SUMIFS(BD!$L$3:$L$5001,BD!$A$3:$A$5001,K$3,BD!$B$3:$B$5001,$A$33))) | L37: =IF(L$3="","",IF(COUNTIFS(BD!$A$3:$A$5001,L$3,BD!$B$3:$B$5001,$A$33,BD!$L$3:$L$5001,"<>")=0,"",SUMIFS(BD!$L$3:$L$5001,BD!$A$3:$A$5001,L$3,BD!$B$3:$B$5001,$A$33))) | M37: =IF(M$3="","",IF(COUNTIFS(BD!$A$3:$A$5001,M$3,BD!$B$3:$B$5001,$A$33,BD!$L$3:$L$5001,"<>")=0,"",SUMIFS(BD!$L$3:$L$5001,BD!$A$3:$A$5001,M$3,BD!$B$3:$B$5001,$A$33))) | ... AJ37: =IF(AJ$3="","",IF(COUNTIFS(BD!$A$3:$A$5001,AJ$3,BD!$B$3:$B$5001,$A$33,BD!$L$3:$L$5001,"<>")=0,"",SUMIFS(BD!$L$3:$L$5001,BD!$A$3:$A$5001,AJ$3,BD!$B$3:$B$5001,$A$33))) | AK37: =IF(COUNT(F37:AJ37)=0,"",SUM(F37:AJ37))
B38: NC | C38: Incidentes | D38: =IFERROR(1/(1/INDEX(BD!$AF$34:$AZ$34,MATCH($A$33,BD!$AF$22:$AZ$22,0))),"") | F38: =IF(F$3="","",IF(COUNTIFS(BD!$A$3:$A$5001,F$3,BD!$B$3:$B$5001,$A$33,BD!$N$3:$N$5001,"<>")=0,"",SUMIFS(BD!$N$3:$N$5001,BD!$A$3:$A$5001,F$3,BD!$B$3:$B$5001,$A$33))) | G38: =IF(G$3="","",IF(COUNTIFS(BD!$A$3:$A$5001,G$3,BD!$B$3:$B$5001,$A$33,BD!$N$3:$N$5001,"<>")=0,"",SUMIFS(BD!$N$3:$N$5001,BD!$A$3:$A$5001,G$3,BD!$B$3:$B$5001,$A$33))) | H38: =IF(H$3="","",IF(COUNTIFS(BD!$A$3:$A$5001,H$3,BD!$B$3:$B$5001,$A$33,BD!$N$3:$N$5001,"<>")=0,"",SUMIFS(BD!$N$3:$N$5001,BD!$A$3:$A$5001,H$3,BD!$B$3:$B$5001,$A$33))) | I38: =IF(I$3="","",IF(COUNTIFS(BD!$A$3:$A$5001,I$3,BD!$B$3:$B$5001,$A$33,BD!$N$3:$N$5001,"<>")=0,"",SUMIFS(BD!$N$3:$N$5001,BD!$A$3:$A$5001,I$3,BD!$B$3:$B$5001,$A$33))) | J38: =IF(J$3="","",IF(COUNTIFS(BD!$A$3:$A$5001,J$3,BD!$B$3:$B$5001,$A$33,BD!$N$3:$N$5001,"<>")=0,"",SUMIFS(BD!$N$3:$N$5001,BD!$A$3:$A$5001,J$3,BD!$B$3:$B$5001,$A$33))) | K38: =IF(K$3="","",IF(COUNTIFS(BD!$A$3:$A$5001,K$3,BD!$B$3:$B$5001,$A$33,BD!$N$3:$N$5001,"<>")=0,"",SUMIFS(BD!$N$3:$N$5001,BD!$A$3:$A$5001,K$3,BD!$B$3:$B$5001,$A$33))) | L38: =IF(L$3="","",IF(COUNTIFS(BD!$A$3:$A$5001,L$3,BD!$B$3:$B$5001,$A$33,BD!$N$3:$N$5001,"<>")=0,"",SUMIFS(BD!$N$3:$N$5001,BD!$A$3:$A$5001,L$3,BD!$B$3:$B$5001,$A$33))) | M38: =IF(M$3="","",IF(COUNTIFS(BD!$A$3:$A$5001,M$3,BD!$B$3:$B$5001,$A$33,BD!$N$3:$N$5001,"<>")=0,"",SUMIFS(BD!$N$3:$N$5001,BD!$A$3:$A$5001,M$3,BD!$B$3:$B$5001,$A$33))) | ... AJ38: =IF(AJ$3="","",IF(COUNTIFS(BD!$A$3:$A$5001,AJ$3,BD!$B$3:$B$5001,$A$33,BD!$N$3:$N$5001,"<>")=0,"",SUMIFS(BD!$N$3:$N$5001,BD!$A$3:$A$5001,AJ$3,BD!$B$3:$B$5001,$A$33))) | AK38: =IF(COUNT(F38:AJ38)=0,"",SUM(F38:AJ38))
C39: No show | D39: =IFERROR(1/(1/INDEX(BD!$AF$35:$AZ$35,MATCH($A$33,BD!$AF$22:$AZ$22,0))),"") | F39: =IF(F$3="","",IF(COUNTIFS(BD!$A$3:$A$5001,F$3,BD!$B$3:$B$5001,$A$33,BD!$O$3:$O$5001,"<>")=0,"",SUMIFS(BD!$O$3:$O$5001,BD!$A$3:$A$5001,F$3,BD!$B$3:$B$5001,$A$33))) | G39: =IF(G$3="","",IF(COUNTIFS(BD!$A$3:$A$5001,G$3,BD!$B$3:$B$5001,$A$33,BD!$O$3:$O$5001,"<>")=0,"",SUMIFS(BD!$O$3:$O$5001,BD!$A$3:$A$5001,G$3,BD!$B$3:$B$5001,$A$33))) | H39: =IF(H$3="","",IF(COUNTIFS(BD!$A$3:$A$5001,H$3,BD!$B$3:$B$5001,$A$33,BD!$O$3:$O$5001,"<>")=0,"",SUMIFS(BD!$O$3:$O$5001,BD!$A$3:$A$5001,H$3,BD!$B$3:$B$5001,$A$33))) | I39: =IF(I$3="","",IF(COUNTIFS(BD!$A$3:$A$5001,I$3,BD!$B$3:$B$5001,$A$33,BD!$O$3:$O$5001,"<>")=0,"",SUMIFS(BD!$O$3:$O$5001,BD!$A$3:$A$5001,I$3,BD!$B$3:$B$5001,$A$33))) | J39: =IF(J$3="","",IF(COUNTIFS(BD!$A$3:$A$5001,J$3,BD!$B$3:$B$5001,$A$33,BD!$O$3:$O$5001,"<>")=0,"",SUMIFS(BD!$O$3:$O$5001,BD!$A$3:$A$5001,J$3,BD!$B$3:$B$5001,$A$33))) | K39: =IF(K$3="","",IF(COUNTIFS(BD!$A$3:$A$5001,K$3,BD!$B$3:$B$5001,$A$33,BD!$O$3:$O$5001,"<>")=0,"",SUMIFS(BD!$O$3:$O$5001,BD!$A$3:$A$5001,K$3,BD!$B$3:$B$5001,$A$33))) | L39: =IF(L$3="","",IF(COUNTIFS(BD!$A$3:$A$5001,L$3,BD!$B$3:$B$5001,$A$33,BD!$O$3:$O$5001,"<>")=0,"",SUMIFS(BD!$O$3:$O$5001,BD!$A$3:$A$5001,L$3,BD!$B$3:$B$5001,$A$33))) | M39: =IF(M$3="","",IF(COUNTIFS(BD!$A$3:$A$5001,M$3,BD!$B$3:$B$5001,$A$33,BD!$O$3:$O$5001,"<>")=0,"",SUMIFS(BD!$O$3:$O$5001,BD!$A$3:$A$5001,M$3,BD!$B$3:$B$5001,$A$33))) | ... AJ39: =IF(AJ$3="","",IF(COUNTIFS(BD!$A$3:$A$5001,AJ$3,BD!$B$3:$B$5001,$A$33,BD!$O$3:$O$5001,"<>")=0,"",SUMIFS(BD!$O$3:$O$5001,BD!$A$3:$A$5001,AJ$3,BD!$B$3:$B$5001,$A$33))) | AK39: =IF(COUNT(F39:AJ39)=0,"",SUM(F39:AJ39))
C40: Backlog Intralog | D40: =IFERROR(1/(1/INDEX(BD!$AF$36:$AZ$36,MATCH($A$33,BD!$AF$22:$AZ$22,0))),"") | F40: =IF(F$3="","",IF(COUNTIFS(BD!$A$3:$A$5001,F$3,BD!$B$3:$B$5001,$A$33,BD!$P$3:$P$5001,"<>")=0,"",SUMIFS(BD!$P$3:$P$5001,BD!$A$3:$A$5001,F$3,BD!$B$3:$B$5001,$A$33))) | G40: =IF(G$3="","",IF(COUNTIFS(BD!$A$3:$A$5001,G$3,BD!$B$3:$B$5001,$A$33,BD!$P$3:$P$5001,"<>")=0,"",SUMIFS(BD!$P$3:$P$5001,BD!$A$3:$A$5001,G$3,BD!$B$3:$B$5001,$A$33))) | H40: =IF(H$3="","",IF(COUNTIFS(BD!$A$3:$A$5001,H$3,BD!$B$3:$B$5001,$A$33,BD!$P$3:$P$5001,"<>")=0,"",SUMIFS(BD!$P$3:$P$5001,BD!$A$3:$A$5001,H$3,BD!$B$3:$B$5001,$A$33))) | I40: =IF(I$3="","",IF(COUNTIFS(BD!$A$3:$A$5001,I$3,BD!$B$3:$B$5001,$A$33,BD!$P$3:$P$5001,"<>")=0,"",SUMIFS(BD!$P$3:$P$5001,BD!$A$3:$A$5001,I$3,BD!$B$3:$B$5001,$A$33))) | J40: =IF(J$3="","",IF(COUNTIFS(BD!$A$3:$A$5001,J$3,BD!$B$3:$B$5001,$A$33,BD!$P$3:$P$5001,"<>")=0,"",SUMIFS(BD!$P$3:$P$5001,BD!$A$3:$A$5001,J$3,BD!$B$3:$B$5001,$A$33))) | K40: =IF(K$3="","",IF(COUNTIFS(BD!$A$3:$A$5001,K$3,BD!$B$3:$B$5001,$A$33,BD!$P$3:$P$5001,"<>")=0,"",SUMIFS(BD!$P$3:$P$5001,BD!$A$3:$A$5001,K$3,BD!$B$3:$B$5001,$A$33))) | L40: =IF(L$3="","",IF(COUNTIFS(BD!$A$3:$A$5001,L$3,BD!$B$3:$B$5001,$A$33,BD!$P$3:$P$5001,"<>")=0,"",SUMIFS(BD!$P$3:$P$5001,BD!$A$3:$A$5001,L$3,BD!$B$3:$B$5001,$A$33))) | M40: =IF(M$3="","",IF(COUNTIFS(BD!$A$3:$A$5001,M$3,BD!$B$3:$B$5001,$A$33,BD!$P$3:$P$5001,"<>")=0,"",SUMIFS(BD!$P$3:$P$5001,BD!$A$3:$A$5001,M$3,BD!$B$3:$B$5001,$A$33))) | ... AJ40: =IF(AJ$3="","",IF(COUNTIFS(BD!$A$3:$A$5001,AJ$3,BD!$B$3:$B$5001,$A$33,BD!$P$3:$P$5001,"<>")=0,"",SUMIFS(BD!$P$3:$P$5001,BD!$A$3:$A$5001,AJ$3,BD!$B$3:$B$5001,$A$33))) | AK40: =IFERROR(LOOKUP(9.99E+307,F40:AJ40),"")
C41: Backlog Cliente | D41: =IFERROR(1/(1/INDEX(BD!$AF$37:$AZ$37,MATCH($A$33,BD!$AF$22:$AZ$22,0))),"") | F41: =IF(F$3="","",IF(COUNTIFS(BD!$A$3:$A$5001,F$3,BD!$B$3:$B$5001,$A$33,BD!$Q$3:$Q$5001,"<>")=0,"",SUMIFS(BD!$Q$3:$Q$5001,BD!$A$3:$A$5001,F$3,BD!$B$3:$B$5001,$A$33))) | G41: =IF(G$3="","",IF(COUNTIFS(BD!$A$3:$A$5001,G$3,BD!$B$3:$B$5001,$A$33,BD!$Q$3:$Q$5001,"<>")=0,"",SUMIFS(BD!$Q$3:$Q$5001,BD!$A$3:$A$5001,G$3,BD!$B$3:$B$5001,$A$33))) | H41: =IF(H$3="","",IF(COUNTIFS(BD!$A$3:$A$5001,H$3,BD!$B$3:$B$5001,$A$33,BD!$Q$3:$Q$5001,"<>")=0,"",SUMIFS(BD!$Q$3:$Q$5001,BD!$A$3:$A$5001,H$3,BD!$B$3:$B$5001,$A$33))) | I41: =IF(I$3="","",IF(COUNTIFS(BD!$A$3:$A$5001,I$3,BD!$B$3:$B$5001,$A$33,BD!$Q$3:$Q$5001,"<>")=0,"",SUMIFS(BD!$Q$3:$Q$5001,BD!$A$3:$A$5001,I$3,BD!$B$3:$B$5001,$A$33))) | J41: =IF(J$3="","",IF(COUNTIFS(BD!$A$3:$A$5001,J$3,BD!$B$3:$B$5001,$A$33,BD!$Q$3:$Q$5001,"<>")=0,"",SUMIFS(BD!$Q$3:$Q$5001,BD!$A$3:$A$5001,J$3,BD!$B$3:$B$5001,$A$33))) | K41: =IF(K$3="","",IF(COUNTIFS(BD!$A$3:$A$5001,K$3,BD!$B$3:$B$5001,$A$33,BD!$Q$3:$Q$5001,"<>")=0,"",SUMIFS(BD!$Q$3:$Q$5001,BD!$A$3:$A$5001,K$3,BD!$B$3:$B$5001,$A$33))) | L41: =IF(L$3="","",IF(COUNTIFS(BD!$A$3:$A$5001,L$3,BD!$B$3:$B$5001,$A$33,BD!$Q$3:$Q$5001,"<>")=0,"",SUMIFS(BD!$Q$3:$Q$5001,BD!$A$3:$A$5001,L$3,BD!$B$3:$B$5001,$A$33))) | M41: =IF(M$3="","",IF(COUNTIFS(BD!$A$3:$A$5001,M$3,BD!$B$3:$B$5001,$A$33,BD!$Q$3:$Q$5001,"<>")=0,"",SUMIFS(BD!$Q$3:$Q$5001,BD!$A$3:$A$5001,M$3,BD!$B$3:$B$5001,$A$33))) | ... AJ41: =IF(AJ$3="","",IF(COUNTIFS(BD!$A$3:$A$5001,AJ$3,BD!$B$3:$B$5001,$A$33,BD!$Q$3:$Q$5001,"<>")=0,"",SUMIFS(BD!$Q$3:$Q$5001,BD!$A$3:$A$5001,AJ$3,BD!$B$3:$B$5001,$A$33))) | AK41: =IFERROR(LOOKUP(9.99E+307,F41:AJ41),"")
B42: GENTE | C42: Efetivo Op. | D42: =IFERROR(1/(1/INDEX(BD!$AF$41:$AZ$41,MATCH($A$33,BD!$AF$22:$AZ$22,0))),"") | F42: =IF(F$3="","",IF(COUNTIFS(BD!$A$3:$A$5001,F$3,BD!$B$3:$B$5001,$A$33,BD!$T$3:$T$5001,"<>")=0,"",SUMIFS(BD!$T$3:$T$5001,BD!$A$3:$A$5001,F$3,BD!$B$3:$B$5001,$A$33))) | G42: =IF(G$3="","",IF(COUNTIFS(BD!$A$3:$A$5001,G$3,BD!$B$3:$B$5001,$A$33,BD!$T$3:$T$5001,"<>")=0,"",SUMIFS(BD!$T$3:$T$5001,BD!$A$3:$A$5001,G$3,BD!$B$3:$B$5001,$A$33))) | H42: =IF(H$3="","",IF(COUNTIFS(BD!$A$3:$A$5001,H$3,BD!$B$3:$B$5001,$A$33,BD!$T$3:$T$5001,"<>")=0,"",SUMIFS(BD!$T$3:$T$5001,BD!$A$3:$A$5001,H$3,BD!$B$3:$B$5001,$A$33))) | I42: =IF(I$3="","",IF(COUNTIFS(BD!$A$3:$A$5001,I$3,BD!$B$3:$B$5001,$A$33,BD!$T$3:$T$5001,"<>")=0,"",SUMIFS(BD!$T$3:$T$5001,BD!$A$3:$A$5001,I$3,BD!$B$3:$B$5001,$A$33))) | J42: =IF(J$3="","",IF(COUNTIFS(BD!$A$3:$A$5001,J$3,BD!$B$3:$B$5001,$A$33,BD!$T$3:$T$5001,"<>")=0,"",SUMIFS(BD!$T$3:$T$5001,BD!$A$3:$A$5001,J$3,BD!$B$3:$B$5001,$A$33))) | K42: =IF(K$3="","",IF(COUNTIFS(BD!$A$3:$A$5001,K$3,BD!$B$3:$B$5001,$A$33,BD!$T$3:$T$5001,"<>")=0,"",SUMIFS(BD!$T$3:$T$5001,BD!$A$3:$A$5001,K$3,BD!$B$3:$B$5001,$A$33))) | L42: =IF(L$3="","",IF(COUNTIFS(BD!$A$3:$A$5001,L$3,BD!$B$3:$B$5001,$A$33,BD!$T$3:$T$5001,"<>")=0,"",SUMIFS(BD!$T$3:$T$5001,BD!$A$3:$A$5001,L$3,BD!$B$3:$B$5001,$A$33))) | M42: =IF(M$3="","",IF(COUNTIFS(BD!$A$3:$A$5001,M$3,BD!$B$3:$B$5001,$A$33,BD!$T$3:$T$5001,"<>")=0,"",SUMIFS(BD!$T$3:$T$5001,BD!$A$3:$A$5001,M$3,BD!$B$3:$B$5001,$A$33))) | ... AJ42: =IF(AJ$3="","",IF(COUNTIFS(BD!$A$3:$A$5001,AJ$3,BD!$B$3:$B$5001,$A$33,BD!$T$3:$T$5001,"<>")=0,"",SUMIFS(BD!$T$3:$T$5001,BD!$A$3:$A$5001,AJ$3,BD!$B$3:$B$5001,$A$33))) | AK42: =IFERROR(LOOKUP(9.99E+307,F42:AJ42),"")
C43: Falta | D43: =IFERROR(1/(1/INDEX(BD!$AF$42:$AZ$42,MATCH($A$33,BD!$AF$22:$AZ$22,0))),"") | F43: =IF(F$3="","",IF(COUNTIFS(BD!$A$3:$A$5001,F$3,BD!$B$3:$B$5001,$A$33,BD!$U$3:$U$5001,"<>")=0,"",SUMIFS(BD!$U$3:$U$5001,BD!$A$3:$A$5001,F$3,BD!$B$3:$B$5001,$A$33))) | G43: =IF(G$3="","",IF(COUNTIFS(BD!$A$3:$A$5001,G$3,BD!$B$3:$B$5001,$A$33,BD!$U$3:$U$5001,"<>")=0,"",SUMIFS(BD!$U$3:$U$5001,BD!$A$3:$A$5001,G$3,BD!$B$3:$B$5001,$A$33))) | H43: =IF(H$3="","",IF(COUNTIFS(BD!$A$3:$A$5001,H$3,BD!$B$3:$B$5001,$A$33,BD!$U$3:$U$5001,"<>")=0,"",SUMIFS(BD!$U$3:$U$5001,BD!$A$3:$A$5001,H$3,BD!$B$3:$B$5001,$A$33))) | I43: =IF(I$3="","",IF(COUNTIFS(BD!$A$3:$A$5001,I$3,BD!$B$3:$B$5001,$A$33,BD!$U$3:$U$5001,"<>")=0,"",SUMIFS(BD!$U$3:$U$5001,BD!$A$3:$A$5001,I$3,BD!$B$3:$B$5001,$A$33))) | J43: =IF(J$3="","",IF(COUNTIFS(BD!$A$3:$A$5001,J$3,BD!$B$3:$B$5001,$A$33,BD!$U$3:$U$5001,"<>")=0,"",SUMIFS(BD!$U$3:$U$5001,BD!$A$3:$A$5001,J$3,BD!$B$3:$B$5001,$A$33))) | K43: =IF(K$3="","",IF(COUNTIFS(BD!$A$3:$A$5001,K$3,BD!$B$3:$B$5001,$A$33,BD!$U$3:$U$5001,"<>")=0,"",SUMIFS(BD!$U$3:$U$5001,BD!$A$3:$A$5001,K$3,BD!$B$3:$B$5001,$A$33))) | L43: =IF(L$3="","",IF(COUNTIFS(BD!$A$3:$A$5001,L$3,BD!$B$3:$B$5001,$A$33,BD!$U$3:$U$5001,"<>")=0,"",SUMIFS(BD!$U$3:$U$5001,BD!$A$3:$A$5001,L$3,BD!$B$3:$B$5001,$A$33))) | M43: =IF(M$3="","",IF(COUNTIFS(BD!$A$3:$A$5001,M$3,BD!$B$3:$B$5001,$A$33,BD!$U$3:$U$5001,"<>")=0,"",SUMIFS(BD!$U$3:$U$5001,BD!$A$3:$A$5001,M$3,BD!$B$3:$B$5001,$A$33))) | ... AJ43: =IF(AJ$3="","",IF(COUNTIFS(BD!$A$3:$A$5001,AJ$3,BD!$B$3:$B$5001,$A$33,BD!$U$3:$U$5001,"<>")=0,"",SUMIFS(BD!$U$3:$U$5001,BD!$A$3:$A$5001,AJ$3,BD!$B$3:$B$5001,$A$33))) | AK43: =IF(COUNT(F43:AJ43)=0,"",SUM(F43:AJ43))
C44: Absenteísmo (H/H) | D44: =IFERROR(1/(1/INDEX(BD!$AF$43:$AZ$43,MATCH($A$33,BD!$AF$22:$AZ$22,0))),"") | F44: =IF(F$3="","",IF(COUNTIFS(BD!$A$3:$A$5001,F$3,BD!$B$3:$B$5001,$A$33,BD!$V$3:$V$5001,"<>")=0,"",SUMIFS(BD!$V$3:$V$5001,BD!$A$3:$A$5001,F$3,BD!$B$3:$B$5001,$A$33))) | G44: =IF(G$3="","",IF(COUNTIFS(BD!$A$3:$A$5001,G$3,BD!$B$3:$B$5001,$A$33,BD!$V$3:$V$5001,"<>")=0,"",SUMIFS(BD!$V$3:$V$5001,BD!$A$3:$A$5001,G$3,BD!$B$3:$B$5001,$A$33))) | H44: =IF(H$3="","",IF(COUNTIFS(BD!$A$3:$A$5001,H$3,BD!$B$3:$B$5001,$A$33,BD!$V$3:$V$5001,"<>")=0,"",SUMIFS(BD!$V$3:$V$5001,BD!$A$3:$A$5001,H$3,BD!$B$3:$B$5001,$A$33))) | I44: =IF(I$3="","",IF(COUNTIFS(BD!$A$3:$A$5001,I$3,BD!$B$3:$B$5001,$A$33,BD!$V$3:$V$5001,"<>")=0,"",SUMIFS(BD!$V$3:$V$5001,BD!$A$3:$A$5001,I$3,BD!$B$3:$B$5001,$A$33))) | J44: =IF(J$3="","",IF(COUNTIFS(BD!$A$3:$A$5001,J$3,BD!$B$3:$B$5001,$A$33,BD!$V$3:$V$5001,"<>")=0,"",SUMIFS(BD!$V$3:$V$5001,BD!$A$3:$A$5001,J$3,BD!$B$3:$B$5001,$A$33))) | K44: =IF(K$3="","",IF(COUNTIFS(BD!$A$3:$A$5001,K$3,BD!$B$3:$B$5001,$A$33,BD!$V$3:$V$5001,"<>")=0,"",SUMIFS(BD!$V$3:$V$5001,BD!$A$3:$A$5001,K$3,BD!$B$3:$B$5001,$A$33))) | L44: =IF(L$3="","",IF(COUNTIFS(BD!$A$3:$A$5001,L$3,BD!$B$3:$B$5001,$A$33,BD!$V$3:$V$5001,"<>")=0,"",SUMIFS(BD!$V$3:$V$5001,BD!$A$3:$A$5001,L$3,BD!$B$3:$B$5001,$A$33))) | M44: =IF(M$3="","",IF(COUNTIFS(BD!$A$3:$A$5001,M$3,BD!$B$3:$B$5001,$A$33,BD!$V$3:$V$5001,"<>")=0,"",SUMIFS(BD!$V$3:$V$5001,BD!$A$3:$A$5001,M$3,BD!$B$3:$B$5001,$A$33))) | ... AJ44: =IF(AJ$3="","",IF(COUNTIFS(BD!$A$3:$A$5001,AJ$3,BD!$B$3:$B$5001,$A$33,BD!$V$3:$V$5001,"<>")=0,"",SUMIFS(BD!$V$3:$V$5001,BD!$A$3:$A$5001,AJ$3,BD!$B$3:$B$5001,$A$33))) | AK44: =IF(COUNT(F44:AJ44)=0,"",SUM(F44:AJ44))
C45: Folga | D45: =IFERROR(1/(1/INDEX(BD!$AF$44:$AZ$44,MATCH($A$33,BD!$AF$22:$AZ$22,0))),"") | F45: =IF(F$3="","",IF(COUNTIFS(BD!$A$3:$A$5001,F$3,BD!$B$3:$B$5001,$A$33,BD!$W$3:$W$5001,"<>")=0,"",SUMIFS(BD!$W$3:$W$5001,BD!$A$3:$A$5001,F$3,BD!$B$3:$B$5001,$A$33))) | G45: =IF(G$3="","",IF(COUNTIFS(BD!$A$3:$A$5001,G$3,BD!$B$3:$B$5001,$A$33,BD!$W$3:$W$5001,"<>")=0,"",SUMIFS(BD!$W$3:$W$5001,BD!$A$3:$A$5001,G$3,BD!$B$3:$B$5001,$A$33))) | H45: =IF(H$3="","",IF(COUNTIFS(BD!$A$3:$A$5001,H$3,BD!$B$3:$B$5001,$A$33,BD!$W$3:$W$5001,"<>")=0,"",SUMIFS(BD!$W$3:$W$5001,BD!$A$3:$A$5001,H$3,BD!$B$3:$B$5001,$A$33))) | I45: =IF(I$3="","",IF(COUNTIFS(BD!$A$3:$A$5001,I$3,BD!$B$3:$B$5001,$A$33,BD!$W$3:$W$5001,"<>")=0,"",SUMIFS(BD!$W$3:$W$5001,BD!$A$3:$A$5001,I$3,BD!$B$3:$B$5001,$A$33))) | J45: =IF(J$3="","",IF(COUNTIFS(BD!$A$3:$A$5001,J$3,BD!$B$3:$B$5001,$A$33,BD!$W$3:$W$5001,"<>")=0,"",SUMIFS(BD!$W$3:$W$5001,BD!$A$3:$A$5001,J$3,BD!$B$3:$B$5001,$A$33))) | K45: =IF(K$3="","",IF(COUNTIFS(BD!$A$3:$A$5001,K$3,BD!$B$3:$B$5001,$A$33,BD!$W$3:$W$5001,"<>")=0,"",SUMIFS(BD!$W$3:$W$5001,BD!$A$3:$A$5001,K$3,BD!$B$3:$B$5001,$A$33))) | L45: =IF(L$3="","",IF(COUNTIFS(BD!$A$3:$A$5001,L$3,BD!$B$3:$B$5001,$A$33,BD!$W$3:$W$5001,"<>")=0,"",SUMIFS(BD!$W$3:$W$5001,BD!$A$3:$A$5001,L$3,BD!$B$3:$B$5001,$A$33))) | M45: =IF(M$3="","",IF(COUNTIFS(BD!$A$3:$A$5001,M$3,BD!$B$3:$B$5001,$A$33,BD!$W$3:$W$5001,"<>")=0,"",SUMIFS(BD!$W$3:$W$5001,BD!$A$3:$A$5001,M$3,BD!$B$3:$B$5001,$A$33))) | ... AJ45: =IF(AJ$3="","",IF(COUNTIFS(BD!$A$3:$A$5001,AJ$3,BD!$B$3:$B$5001,$A$33,BD!$W$3:$W$5001,"<>")=0,"",SUMIFS(BD!$W$3:$W$5001,BD!$A$3:$A$5001,AJ$3,BD!$B$3:$B$5001,$A$33))) | AK45: =IF(COUNT(F45:AJ45)=0,"",SUM(F45:AJ45))
C46: Férias | D46: =IFERROR(1/(1/INDEX(BD!$AF$45:$AZ$45,MATCH($A$33,BD!$AF$22:$AZ$22,0))),"") | F46: =IF(F$3="","",IF(COUNTIFS(BD!$A$3:$A$5001,F$3,BD!$B$3:$B$5001,$A$33,BD!$X$3:$X$5001,"<>")=0,"",SUMIFS(BD!$X$3:$X$5001,BD!$A$3:$A$5001,F$3,BD!$B$3:$B$5001,$A$33))) | G46: =IF(G$3="","",IF(COUNTIFS(BD!$A$3:$A$5001,G$3,BD!$B$3:$B$5001,$A$33,BD!$X$3:$X$5001,"<>")=0,"",SUMIFS(BD!$X$3:$X$5001,BD!$A$3:$A$5001,G$3,BD!$B$3:$B$5001,$A$33))) | H46: =IF(H$3="","",IF(COUNTIFS(BD!$A$3:$A$5001,H$3,BD!$B$3:$B$5001,$A$33,BD!$X$3:$X$5001,"<>")=0,"",SUMIFS(BD!$X$3:$X$5001,BD!$A$3:$A$5001,H$3,BD!$B$3:$B$5001,$A$33))) | I46: =IF(I$3="","",IF(COUNTIFS(BD!$A$3:$A$5001,I$3,BD!$B$3:$B$5001,$A$33,BD!$X$3:$X$5001,"<>")=0,"",SUMIFS(BD!$X$3:$X$5001,BD!$A$3:$A$5001,I$3,BD!$B$3:$B$5001,$A$33))) | J46: =IF(J$3="","",IF(COUNTIFS(BD!$A$3:$A$5001,J$3,BD!$B$3:$B$5001,$A$33,BD!$X$3:$X$5001,"<>")=0,"",SUMIFS(BD!$X$3:$X$5001,BD!$A$3:$A$5001,J$3,BD!$B$3:$B$5001,$A$33))) | K46: =IF(K$3="","",IF(COUNTIFS(BD!$A$3:$A$5001,K$3,BD!$B$3:$B$5001,$A$33,BD!$X$3:$X$5001,"<>")=0,"",SUMIFS(BD!$X$3:$X$5001,BD!$A$3:$A$5001,K$3,BD!$B$3:$B$5001,$A$33))) | L46: =IF(L$3="","",IF(COUNTIFS(BD!$A$3:$A$5001,L$3,BD!$B$3:$B$5001,$A$33,BD!$X$3:$X$5001,"<>")=0,"",SUMIFS(BD!$X$3:$X$5001,BD!$A$3:$A$5001,L$3,BD!$B$3:$B$5001,$A$33))) | M46: =IF(M$3="","",IF(COUNTIFS(BD!$A$3:$A$5001,M$3,BD!$B$3:$B$5001,$A$33,BD!$X$3:$X$5001,"<>")=0,"",SUMIFS(BD!$X$3:$X$5001,BD!$A$3:$A$5001,M$3,BD!$B$3:$B$5001,$A$33))) | ... AJ46: =IF(AJ$3="","",IF(COUNTIFS(BD!$A$3:$A$5001,AJ$3,BD!$B$3:$B$5001,$A$33,BD!$X$3:$X$5001,"<>")=0,"",SUMIFS(BD!$X$3:$X$5001,BD!$A$3:$A$5001,AJ$3,BD!$B$3:$B$5001,$A$33))) | AK46: =IF(COUNT(F46:AJ46)=0,"",SUM(F46:AJ46))
C47: Desligamento | D47: =IFERROR(1/(1/INDEX(BD!$AF$46:$AZ$46,MATCH($A$33,BD!$AF$22:$AZ$22,0))),"") | F47: =IF(F$3="","",IF(COUNTIFS(BD!$A$3:$A$5001,F$3,BD!$B$3:$B$5001,$A$33,BD!$Y$3:$Y$5001,"<>")=0,"",SUMIFS(BD!$Y$3:$Y$5001,BD!$A$3:$A$5001,F$3,BD!$B$3:$B$5001,$A$33))) | G47: =IF(G$3="","",IF(COUNTIFS(BD!$A$3:$A$5001,G$3,BD!$B$3:$B$5001,$A$33,BD!$Y$3:$Y$5001,"<>")=0,"",SUMIFS(BD!$Y$3:$Y$5001,BD!$A$3:$A$5001,G$3,BD!$B$3:$B$5001,$A$33))) | H47: =IF(H$3="","",IF(COUNTIFS(BD!$A$3:$A$5001,H$3,BD!$B$3:$B$5001,$A$33,BD!$Y$3:$Y$5001,"<>")=0,"",SUMIFS(BD!$Y$3:$Y$5001,BD!$A$3:$A$5001,H$3,BD!$B$3:$B$5001,$A$33))) | I47: =IF(I$3="","",IF(COUNTIFS(BD!$A$3:$A$5001,I$3,BD!$B$3:$B$5001,$A$33,BD!$Y$3:$Y$5001,"<>")=0,"",SUMIFS(BD!$Y$3:$Y$5001,BD!$A$3:$A$5001,I$3,BD!$B$3:$B$5001,$A$33))) | J47: =IF(J$3="","",IF(COUNTIFS(BD!$A$3:$A$5001,J$3,BD!$B$3:$B$5001,$A$33,BD!$Y$3:$Y$5001,"<>")=0,"",SUMIFS(BD!$Y$3:$Y$5001,BD!$A$3:$A$5001,J$3,BD!$B$3:$B$5001,$A$33))) | K47: =IF(K$3="","",IF(COUNTIFS(BD!$A$3:$A$5001,K$3,BD!$B$3:$B$5001,$A$33,BD!$Y$3:$Y$5001,"<>")=0,"",SUMIFS(BD!$Y$3:$Y$5001,BD!$A$3:$A$5001,K$3,BD!$B$3:$B$5001,$A$33))) | L47: =IF(L$3="","",IF(COUNTIFS(BD!$A$3:$A$5001,L$3,BD!$B$3:$B$5001,$A$33,BD!$Y$3:$Y$5001,"<>")=0,"",SUMIFS(BD!$Y$3:$Y$5001,BD!$A$3:$A$5001,L$3,BD!$B$3:$B$5001,$A$33))) | M47: =IF(M$3="","",IF(COUNTIFS(BD!$A$3:$A$5001,M$3,BD!$B$3:$B$5001,$A$33,BD!$Y$3:$Y$5001,"<>")=0,"",SUMIFS(BD!$Y$3:$Y$5001,BD!$A$3:$A$5001,M$3,BD!$B$3:$B$5001,$A$33))) | ... AJ47: =IF(AJ$3="","",IF(COUNTIFS(BD!$A$3:$A$5001,AJ$3,BD!$B$3:$B$5001,$A$33,BD!$Y$3:$Y$5001,"<>")=0,"",SUMIFS(BD!$Y$3:$Y$5001,BD!$A$3:$A$5001,AJ$3,BD!$B$3:$B$5001,$A$33))) | AK47: =IF(COUNT(F47:AJ47)=0,"",SUM(F47:AJ47))
C48: Desvios Comportamentais | D48: =IFERROR(1/(1/INDEX(BD!$AF$47:$AZ$47,MATCH($A$33,BD!$AF$22:$AZ$22,0))),"") | F48: =IF(F$3="","",IF(COUNTIFS(BD!$A$3:$A$5001,F$3,BD!$B$3:$B$5001,$A$33,BD!$Z$3:$Z$5001,"<>")=0,"",SUMIFS(BD!$Z$3:$Z$5001,BD!$A$3:$A$5001,F$3,BD!$B$3:$B$5001,$A$33))) | G48: =IF(G$3="","",IF(COUNTIFS(BD!$A$3:$A$5001,G$3,BD!$B$3:$B$5001,$A$33,BD!$Z$3:$Z$5001,"<>")=0,"",SUMIFS(BD!$Z$3:$Z$5001,BD!$A$3:$A$5001,G$3,BD!$B$3:$B$5001,$A$33))) | H48: =IF(H$3="","",IF(COUNTIFS(BD!$A$3:$A$5001,H$3,BD!$B$3:$B$5001,$A$33,BD!$Z$3:$Z$5001,"<>")=0,"",SUMIFS(BD!$Z$3:$Z$5001,BD!$A$3:$A$5001,H$3,BD!$B$3:$B$5001,$A$33))) | I48: =IF(I$3="","",IF(COUNTIFS(BD!$A$3:$A$5001,I$3,BD!$B$3:$B$5001,$A$33,BD!$Z$3:$Z$5001,"<>")=0,"",SUMIFS(BD!$Z$3:$Z$5001,BD!$A$3:$A$5001,I$3,BD!$B$3:$B$5001,$A$33))) | J48: =IF(J$3="","",IF(COUNTIFS(BD!$A$3:$A$5001,J$3,BD!$B$3:$B$5001,$A$33,BD!$Z$3:$Z$5001,"<>")=0,"",SUMIFS(BD!$Z$3:$Z$5001,BD!$A$3:$A$5001,J$3,BD!$B$3:$B$5001,$A$33))) | K48: =IF(K$3="","",IF(COUNTIFS(BD!$A$3:$A$5001,K$3,BD!$B$3:$B$5001,$A$33,BD!$Z$3:$Z$5001,"<>")=0,"",SUMIFS(BD!$Z$3:$Z$5001,BD!$A$3:$A$5001,K$3,BD!$B$3:$B$5001,$A$33))) | L48: =IF(L$3="","",IF(COUNTIFS(BD!$A$3:$A$5001,L$3,BD!$B$3:$B$5001,$A$33,BD!$Z$3:$Z$5001,"<>")=0,"",SUMIFS(BD!$Z$3:$Z$5001,BD!$A$3:$A$5001,L$3,BD!$B$3:$B$5001,$A$33))) | M48: =IF(M$3="","",IF(COUNTIFS(BD!$A$3:$A$5001,M$3,BD!$B$3:$B$5001,$A$33,BD!$Z$3:$Z$5001,"<>")=0,"",SUMIFS(BD!$Z$3:$Z$5001,BD!$A$3:$A$5001,M$3,BD!$B$3:$B$5001,$A$33))) | ... AJ48: =IF(AJ$3="","",IF(COUNTIFS(BD!$A$3:$A$5001,AJ$3,BD!$B$3:$B$5001,$A$33,BD!$Z$3:$Z$5001,"<>")=0,"",SUMIFS(BD!$Z$3:$Z$5001,BD!$A$3:$A$5001,AJ$3,BD!$B$3:$B$5001,$A$33))) | AK48: =IF(COUNT(F48:AJ48)=0,"",SUM(F48:AJ48))
C49: Acidentes CAF | D49: =IFERROR(1/(1/INDEX(BD!$AF$48:$AZ$48,MATCH($A$33,BD!$AF$22:$AZ$22,0))),"") | F49: =IF(F$3="","",IF(COUNTIFS(BD!$A$3:$A$5001,F$3,BD!$B$3:$B$5001,$A$33,BD!$AA$3:$AA$5001,"<>")=0,"",SUMIFS(BD!$AA$3:$AA$5001,BD!$A$3:$A$5001,F$3,BD!$B$3:$B$5001,$A$33))) | G49: =IF(G$3="","",IF(COUNTIFS(BD!$A$3:$A$5001,G$3,BD!$B$3:$B$5001,$A$33,BD!$AA$3:$AA$5001,"<>")=0,"",SUMIFS(BD!$AA$3:$AA$5001,BD!$A$3:$A$5001,G$3,BD!$B$3:$B$5001,$A$33))) | H49: =IF(H$3="","",IF(COUNTIFS(BD!$A$3:$A$5001,H$3,BD!$B$3:$B$5001,$A$33,BD!$AA$3:$AA$5001,"<>")=0,"",SUMIFS(BD!$AA$3:$AA$5001,BD!$A$3:$A$5001,H$3,BD!$B$3:$B$5001,$A$33))) | I49: =IF(I$3="","",IF(COUNTIFS(BD!$A$3:$A$5001,I$3,BD!$B$3:$B$5001,$A$33,BD!$AA$3:$AA$5001,"<>")=0,"",SUMIFS(BD!$AA$3:$AA$5001,BD!$A$3:$A$5001,I$3,BD!$B$3:$B$5001,$A$33))) | J49: =IF(J$3="","",IF(COUNTIFS(BD!$A$3:$A$5001,J$3,BD!$B$3:$B$5001,$A$33,BD!$AA$3:$AA$5001,"<>")=0,"",SUMIFS(BD!$AA$3:$AA$5001,BD!$A$3:$A$5001,J$3,BD!$B$3:$B$5001,$A$33))) | K49: =IF(K$3="","",IF(COUNTIFS(BD!$A$3:$A$5001,K$3,BD!$B$3:$B$5001,$A$33,BD!$AA$3:$AA$5001,"<>")=0,"",SUMIFS(BD!$AA$3:$AA$5001,BD!$A$3:$A$5001,K$3,BD!$B$3:$B$5001,$A$33))) | L49: =IF(L$3="","",IF(COUNTIFS(BD!$A$3:$A$5001,L$3,BD!$B$3:$B$5001,$A$33,BD!$AA$3:$AA$5001,"<>")=0,"",SUMIFS(BD!$AA$3:$AA$5001,BD!$A$3:$A$5001,L$3,BD!$B$3:$B$5001,$A$33))) | M49: =IF(M$3="","",IF(COUNTIFS(BD!$A$3:$A$5001,M$3,BD!$B$3:$B$5001,$A$33,BD!$AA$3:$AA$5001,"<>")=0,"",SUMIFS(BD!$AA$3:$AA$5001,BD!$A$3:$A$5001,M$3,BD!$B$3:$B$5001,$A$33))) | ... AJ49: =IF(AJ$3="","",IF(COUNTIFS(BD!$A$3:$A$5001,AJ$3,BD!$B$3:$B$5001,$A$33,BD!$AA$3:$AA$5001,"<>")=0,"",SUMIFS(BD!$AA$3:$AA$5001,BD!$A$3:$A$5001,AJ$3,BD!$B$3:$B$5001,$A$33))) | AK49: =IF(COUNT(F49:AJ49)=0,"",SUM(F49:AJ49))
C50: Acidentes SAF | D50: =IFERROR(1/(1/INDEX(BD!$AF$49:$AZ$49,MATCH($A$33,BD!$AF$22:$AZ$22,0))),"") | F50: =IF(F$3="","",IF(COUNTIFS(BD!$A$3:$A$5001,F$3,BD!$B$3:$B$5001,$A$33,BD!$AB$3:$AB$5001,"<>")=0,"",SUMIFS(BD!$AB$3:$AB$5001,BD!$A$3:$A$5001,F$3,BD!$B$3:$B$5001,$A$33))) | G50: =IF(G$3="","",IF(COUNTIFS(BD!$A$3:$A$5001,G$3,BD!$B$3:$B$5001,$A$33,BD!$AB$3:$AB$5001,"<>")=0,"",SUMIFS(BD!$AB$3:$AB$5001,BD!$A$3:$A$5001,G$3,BD!$B$3:$B$5001,$A$33))) | H50: =IF(H$3="","",IF(COUNTIFS(BD!$A$3:$A$5001,H$3,BD!$B$3:$B$5001,$A$33,BD!$AB$3:$AB$5001,"<>")=0,"",SUMIFS(BD!$AB$3:$AB$5001,BD!$A$3:$A$5001,H$3,BD!$B$3:$B$5001,$A$33))) | I50: =IF(I$3="","",IF(COUNTIFS(BD!$A$3:$A$5001,I$3,BD!$B$3:$B$5001,$A$33,BD!$AB$3:$AB$5001,"<>")=0,"",SUMIFS(BD!$AB$3:$AB$5001,BD!$A$3:$A$5001,I$3,BD!$B$3:$B$5001,$A$33))) | J50: =IF(J$3="","",IF(COUNTIFS(BD!$A$3:$A$5001,J$3,BD!$B$3:$B$5001,$A$33,BD!$AB$3:$AB$5001,"<>")=0,"",SUMIFS(BD!$AB$3:$AB$5001,BD!$A$3:$A$5001,J$3,BD!$B$3:$B$5001,$A$33))) | K50: =IF(K$3="","",IF(COUNTIFS(BD!$A$3:$A$5001,K$3,BD!$B$3:$B$5001,$A$33,BD!$AB$3:$AB$5001,"<>")=0,"",SUMIFS(BD!$AB$3:$AB$5001,BD!$A$3:$A$5001,K$3,BD!$B$3:$B$5001,$A$33))) | L50: =IF(L$3="","",IF(COUNTIFS(BD!$A$3:$A$5001,L$3,BD!$B$3:$B$5001,$A$33,BD!$AB$3:$AB$5001,"<>")=0,"",SUMIFS(BD!$AB$3:$AB$5001,BD!$A$3:$A$5001,L$3,BD!$B$3:$B$5001,$A$33))) | M50: =IF(M$3="","",IF(COUNTIFS(BD!$A$3:$A$5001,M$3,BD!$B$3:$B$5001,$A$33,BD!$AB$3:$AB$5001,"<>")=0,"",SUMIFS(BD!$AB$3:$AB$5001,BD!$A$3:$A$5001,M$3,BD!$B$3:$B$5001,$A$33))) | ... AJ50: =IF(AJ$3="","",IF(COUNTIFS(BD!$A$3:$A$5001,AJ$3,BD!$B$3:$B$5001,$A$33,BD!$AB$3:$AB$5001,"<>")=0,"",SUMIFS(BD!$AB$3:$AB$5001,BD!$A$3:$A$5001,AJ$3,BD!$B$3:$B$5001,$A$33))) | AK50: =IF(COUNT(F50:AJ50)=0,"",SUM(F50:AJ50))
A52: Mondelez | B52: IN | C52: Veículos Recebidos | D52: =IFERROR(1/(1/INDEX(BD!$AF$23:$AZ$23,MATCH($A$52,BD!$AF$22:$AZ$22,0))),"") | F52: =IF(F$3="","",IF(COUNTIFS(BD!$A$3:$A$5001,F$3,BD!$B$3:$B$5001,$A$52,BD!$C$3:$C$5001,"<>")=0,"",SUMIFS(BD!$C$3:$C$5001,BD!$A$3:$A$5001,F$3,BD!$B$3:$B$5001,$A$52))) | G52: =IF(G$3="","",IF(COUNTIFS(BD!$A$3:$A$5001,G$3,BD!$B$3:$B$5001,$A$52,BD!$C$3:$C$5001,"<>")=0,"",SUMIFS(BD!$C$3:$C$5001,BD!$A$3:$A$5001,G$3,BD!$B$3:$B$5001,$A$52))) | H52: =IF(H$3="","",IF(COUNTIFS(BD!$A$3:$A$5001,H$3,BD!$B$3:$B$5001,$A$52,BD!$C$3:$C$5001,"<>")=0,"",SUMIFS(BD!$C$3:$C$5001,BD!$A$3:$A$5001,H$3,BD!$B$3:$B$5001,$A$52))) | I52: =IF(I$3="","",IF(COUNTIFS(BD!$A$3:$A$5001,I$3,BD!$B$3:$B$5001,$A$52,BD!$C$3:$C$5001,"<>")=0,"",SUMIFS(BD!$C$3:$C$5001,BD!$A$3:$A$5001,I$3,BD!$B$3:$B$5001,$A$52))) | J52: =IF(J$3="","",IF(COUNTIFS(BD!$A$3:$A$5001,J$3,BD!$B$3:$B$5001,$A$52,BD!$C$3:$C$5001,"<>")=0,"",SUMIFS(BD!$C$3:$C$5001,BD!$A$3:$A$5001,J$3,BD!$B$3:$B$5001,$A$52))) | K52: =IF(K$3="","",IF(COUNTIFS(BD!$A$3:$A$5001,K$3,BD!$B$3:$B$5001,$A$52,BD!$C$3:$C$5001,"<>")=0,"",SUMIFS(BD!$C$3:$C$5001,BD!$A$3:$A$5001,K$3,BD!$B$3:$B$5001,$A$52))) | L52: =IF(L$3="","",IF(COUNTIFS(BD!$A$3:$A$5001,L$3,BD!$B$3:$B$5001,$A$52,BD!$C$3:$C$5001,"<>")=0,"",SUMIFS(BD!$C$3:$C$5001,BD!$A$3:$A$5001,L$3,BD!$B$3:$B$5001,$A$52))) | M52: =IF(M$3="","",IF(COUNTIFS(BD!$A$3:$A$5001,M$3,BD!$B$3:$B$5001,$A$52,BD!$C$3:$C$5001,"<>")=0,"",SUMIFS(BD!$C$3:$C$5001,BD!$A$3:$A$5001,M$3,BD!$B$3:$B$5001,$A$52))) | ... AJ52: =IF(AJ$3="","",IF(COUNTIFS(BD!$A$3:$A$5001,AJ$3,BD!$B$3:$B$5001,$A$52,BD!$C$3:$C$5001,"<>")=0,"",SUMIFS(BD!$C$3:$C$5001,BD!$A$3:$A$5001,AJ$3,BD!$B$3:$B$5001,$A$52))) | AK52: =IF(COUNT(F52:AJ52)=0,"",SUM(F52:AJ52))
C53: Pallets Movimentados | D53: =IFERROR(1/(1/INDEX(BD!$AF$24:$AZ$24,MATCH($A$52,BD!$AF$22:$AZ$22,0))),"") | F53: =IF(F$3="","",IF(COUNTIFS(BD!$A$3:$A$5001,F$3,BD!$B$3:$B$5001,$A$52,BD!$D$3:$D$5001,"<>")=0,"",SUMIFS(BD!$D$3:$D$5001,BD!$A$3:$A$5001,F$3,BD!$B$3:$B$5001,$A$52))) | G53: =IF(G$3="","",IF(COUNTIFS(BD!$A$3:$A$5001,G$3,BD!$B$3:$B$5001,$A$52,BD!$D$3:$D$5001,"<>")=0,"",SUMIFS(BD!$D$3:$D$5001,BD!$A$3:$A$5001,G$3,BD!$B$3:$B$5001,$A$52))) | H53: =IF(H$3="","",IF(COUNTIFS(BD!$A$3:$A$5001,H$3,BD!$B$3:$B$5001,$A$52,BD!$D$3:$D$5001,"<>")=0,"",SUMIFS(BD!$D$3:$D$5001,BD!$A$3:$A$5001,H$3,BD!$B$3:$B$5001,$A$52))) | I53: =IF(I$3="","",IF(COUNTIFS(BD!$A$3:$A$5001,I$3,BD!$B$3:$B$5001,$A$52,BD!$D$3:$D$5001,"<>")=0,"",SUMIFS(BD!$D$3:$D$5001,BD!$A$3:$A$5001,I$3,BD!$B$3:$B$5001,$A$52))) | J53: =IF(J$3="","",IF(COUNTIFS(BD!$A$3:$A$5001,J$3,BD!$B$3:$B$5001,$A$52,BD!$D$3:$D$5001,"<>")=0,"",SUMIFS(BD!$D$3:$D$5001,BD!$A$3:$A$5001,J$3,BD!$B$3:$B$5001,$A$52))) | K53: =IF(K$3="","",IF(COUNTIFS(BD!$A$3:$A$5001,K$3,BD!$B$3:$B$5001,$A$52,BD!$D$3:$D$5001,"<>")=0,"",SUMIFS(BD!$D$3:$D$5001,BD!$A$3:$A$5001,K$3,BD!$B$3:$B$5001,$A$52))) | L53: =IF(L$3="","",IF(COUNTIFS(BD!$A$3:$A$5001,L$3,BD!$B$3:$B$5001,$A$52,BD!$D$3:$D$5001,"<>")=0,"",SUMIFS(BD!$D$3:$D$5001,BD!$A$3:$A$5001,L$3,BD!$B$3:$B$5001,$A$52))) | M53: =IF(M$3="","",IF(COUNTIFS(BD!$A$3:$A$5001,M$3,BD!$B$3:$B$5001,$A$52,BD!$D$3:$D$5001,"<>")=0,"",SUMIFS(BD!$D$3:$D$5001,BD!$A$3:$A$5001,M$3,BD!$B$3:$B$5001,$A$52))) | ... AJ53: =IF(AJ$3="","",IF(COUNTIFS(BD!$A$3:$A$5001,AJ$3,BD!$B$3:$B$5001,$A$52,BD!$D$3:$D$5001,"<>")=0,"",SUMIFS(BD!$D$3:$D$5001,BD!$A$3:$A$5001,AJ$3,BD!$B$3:$B$5001,$A$52))) | AK53: =IF(COUNT(F53:AJ53)=0,"",SUM(F53:AJ53))
C54: Toneladas Movimentadas | D54: =IFERROR(1/(1/INDEX(BD!$AF$25:$AZ$25,MATCH($A$52,BD!$AF$22:$AZ$22,0))),"") | F54: =IF(F$3="","",IF(COUNTIFS(BD!$A$3:$A$5001,F$3,BD!$B$3:$B$5001,$A$52,BD!$E$3:$E$5001,"<>")=0,"",SUMIFS(BD!$E$3:$E$5001,BD!$A$3:$A$5001,F$3,BD!$B$3:$B$5001,$A$52))) | G54: =IF(G$3="","",IF(COUNTIFS(BD!$A$3:$A$5001,G$3,BD!$B$3:$B$5001,$A$52,BD!$E$3:$E$5001,"<>")=0,"",SUMIFS(BD!$E$3:$E$5001,BD!$A$3:$A$5001,G$3,BD!$B$3:$B$5001,$A$52))) | H54: =IF(H$3="","",IF(COUNTIFS(BD!$A$3:$A$5001,H$3,BD!$B$3:$B$5001,$A$52,BD!$E$3:$E$5001,"<>")=0,"",SUMIFS(BD!$E$3:$E$5001,BD!$A$3:$A$5001,H$3,BD!$B$3:$B$5001,$A$52))) | I54: =IF(I$3="","",IF(COUNTIFS(BD!$A$3:$A$5001,I$3,BD!$B$3:$B$5001,$A$52,BD!$E$3:$E$5001,"<>")=0,"",SUMIFS(BD!$E$3:$E$5001,BD!$A$3:$A$5001,I$3,BD!$B$3:$B$5001,$A$52))) | J54: =IF(J$3="","",IF(COUNTIFS(BD!$A$3:$A$5001,J$3,BD!$B$3:$B$5001,$A$52,BD!$E$3:$E$5001,"<>")=0,"",SUMIFS(BD!$E$3:$E$5001,BD!$A$3:$A$5001,J$3,BD!$B$3:$B$5001,$A$52))) | K54: =IF(K$3="","",IF(COUNTIFS(BD!$A$3:$A$5001,K$3,BD!$B$3:$B$5001,$A$52,BD!$E$3:$E$5001,"<>")=0,"",SUMIFS(BD!$E$3:$E$5001,BD!$A$3:$A$5001,K$3,BD!$B$3:$B$5001,$A$52))) | L54: =IF(L$3="","",IF(COUNTIFS(BD!$A$3:$A$5001,L$3,BD!$B$3:$B$5001,$A$52,BD!$E$3:$E$5001,"<>")=0,"",SUMIFS(BD!$E$3:$E$5001,BD!$A$3:$A$5001,L$3,BD!$B$3:$B$5001,$A$52))) | M54: =IF(M$3="","",IF(COUNTIFS(BD!$A$3:$A$5001,M$3,BD!$B$3:$B$5001,$A$52,BD!$E$3:$E$5001,"<>")=0,"",SUMIFS(BD!$E$3:$E$5001,BD!$A$3:$A$5001,M$3,BD!$B$3:$B$5001,$A$52))) | ... AJ54: =IF(AJ$3="","",IF(COUNTIFS(BD!$A$3:$A$5001,AJ$3,BD!$B$3:$B$5001,$A$52,BD!$E$3:$E$5001,"<>")=0,"",SUMIFS(BD!$E$3:$E$5001,BD!$A$3:$A$5001,AJ$3,BD!$B$3:$B$5001,$A$52))) | AK54: =IF(COUNT(F54:AJ54)=0,"",SUM(F54:AJ54))
C55: Caixas Recebidas | D55: =IFERROR(1/(1/INDEX(BD!$AF$26:$AZ$26,MATCH($A$52,BD!$AF$22:$AZ$22,0))),"") | F55: =IF(F$3="","",IF(COUNTIFS(BD!$A$3:$A$5001,F$3,BD!$B$3:$B$5001,$A$52,BD!$F$3:$F$5001,"<>")=0,"",SUMIFS(BD!$F$3:$F$5001,BD!$A$3:$A$5001,F$3,BD!$B$3:$B$5001,$A$52))) | G55: =IF(G$3="","",IF(COUNTIFS(BD!$A$3:$A$5001,G$3,BD!$B$3:$B$5001,$A$52,BD!$F$3:$F$5001,"<>")=0,"",SUMIFS(BD!$F$3:$F$5001,BD!$A$3:$A$5001,G$3,BD!$B$3:$B$5001,$A$52))) | H55: =IF(H$3="","",IF(COUNTIFS(BD!$A$3:$A$5001,H$3,BD!$B$3:$B$5001,$A$52,BD!$F$3:$F$5001,"<>")=0,"",SUMIFS(BD!$F$3:$F$5001,BD!$A$3:$A$5001,H$3,BD!$B$3:$B$5001,$A$52))) | I55: =IF(I$3="","",IF(COUNTIFS(BD!$A$3:$A$5001,I$3,BD!$B$3:$B$5001,$A$52,BD!$F$3:$F$5001,"<>")=0,"",SUMIFS(BD!$F$3:$F$5001,BD!$A$3:$A$5001,I$3,BD!$B$3:$B$5001,$A$52))) | J55: =IF(J$3="","",IF(COUNTIFS(BD!$A$3:$A$5001,J$3,BD!$B$3:$B$5001,$A$52,BD!$F$3:$F$5001,"<>")=0,"",SUMIFS(BD!$F$3:$F$5001,BD!$A$3:$A$5001,J$3,BD!$B$3:$B$5001,$A$52))) | K55: =IF(K$3="","",IF(COUNTIFS(BD!$A$3:$A$5001,K$3,BD!$B$3:$B$5001,$A$52,BD!$F$3:$F$5001,"<>")=0,"",SUMIFS(BD!$F$3:$F$5001,BD!$A$3:$A$5001,K$3,BD!$B$3:$B$5001,$A$52))) | L55: =IF(L$3="","",IF(COUNTIFS(BD!$A$3:$A$5001,L$3,BD!$B$3:$B$5001,$A$52,BD!$F$3:$F$5001,"<>")=0,"",SUMIFS(BD!$F$3:$F$5001,BD!$A$3:$A$5001,L$3,BD!$B$3:$B$5001,$A$52))) | M55: =IF(M$3="","",IF(COUNTIFS(BD!$A$3:$A$5001,M$3,BD!$B$3:$B$5001,$A$52,BD!$F$3:$F$5001,"<>")=0,"",SUMIFS(BD!$F$3:$F$5001,BD!$A$3:$A$5001,M$3,BD!$B$3:$B$5001,$A$52))) | ... AJ55: =IF(AJ$3="","",IF(COUNTIFS(BD!$A$3:$A$5001,AJ$3,BD!$B$3:$B$5001,$A$52,BD!$F$3:$F$5001,"<>")=0,"",SUMIFS(BD!$F$3:$F$5001,BD!$A$3:$A$5001,AJ$3,BD!$B$3:$B$5001,$A$52))) | AK55: =IF(COUNT(F55:AJ55)=0,"",SUM(F55:AJ55))
B56: OUT | C56: Veículos Expedidos | D56: =IFERROR(1/(1/INDEX(BD!$AF$28:$AZ$28,MATCH($A$52,BD!$AF$22:$AZ$22,0))),"") | F56: =IF(F$3="","",IF(COUNTIFS(BD!$A$3:$A$5001,F$3,BD!$B$3:$B$5001,$A$52,BD!$H$3:$H$5001,"<>")=0,"",SUMIFS(BD!$H$3:$H$5001,BD!$A$3:$A$5001,F$3,BD!$B$3:$B$5001,$A$52))) | G56: =IF(G$3="","",IF(COUNTIFS(BD!$A$3:$A$5001,G$3,BD!$B$3:$B$5001,$A$52,BD!$H$3:$H$5001,"<>")=0,"",SUMIFS(BD!$H$3:$H$5001,BD!$A$3:$A$5001,G$3,BD!$B$3:$B$5001,$A$52))) | H56: =IF(H$3="","",IF(COUNTIFS(BD!$A$3:$A$5001,H$3,BD!$B$3:$B$5001,$A$52,BD!$H$3:$H$5001,"<>")=0,"",SUMIFS(BD!$H$3:$H$5001,BD!$A$3:$A$5001,H$3,BD!$B$3:$B$5001,$A$52))) | I56: =IF(I$3="","",IF(COUNTIFS(BD!$A$3:$A$5001,I$3,BD!$B$3:$B$5001,$A$52,BD!$H$3:$H$5001,"<>")=0,"",SUMIFS(BD!$H$3:$H$5001,BD!$A$3:$A$5001,I$3,BD!$B$3:$B$5001,$A$52))) | J56: =IF(J$3="","",IF(COUNTIFS(BD!$A$3:$A$5001,J$3,BD!$B$3:$B$5001,$A$52,BD!$H$3:$H$5001,"<>")=0,"",SUMIFS(BD!$H$3:$H$5001,BD!$A$3:$A$5001,J$3,BD!$B$3:$B$5001,$A$52))) | K56: =IF(K$3="","",IF(COUNTIFS(BD!$A$3:$A$5001,K$3,BD!$B$3:$B$5001,$A$52,BD!$H$3:$H$5001,"<>")=0,"",SUMIFS(BD!$H$3:$H$5001,BD!$A$3:$A$5001,K$3,BD!$B$3:$B$5001,$A$52))) | L56: =IF(L$3="","",IF(COUNTIFS(BD!$A$3:$A$5001,L$3,BD!$B$3:$B$5001,$A$52,BD!$H$3:$H$5001,"<>")=0,"",SUMIFS(BD!$H$3:$H$5001,BD!$A$3:$A$5001,L$3,BD!$B$3:$B$5001,$A$52))) | M56: =IF(M$3="","",IF(COUNTIFS(BD!$A$3:$A$5001,M$3,BD!$B$3:$B$5001,$A$52,BD!$H$3:$H$5001,"<>")=0,"",SUMIFS(BD!$H$3:$H$5001,BD!$A$3:$A$5001,M$3,BD!$B$3:$B$5001,$A$52))) | ... AJ56: =IF(AJ$3="","",IF(COUNTIFS(BD!$A$3:$A$5001,AJ$3,BD!$B$3:$B$5001,$A$52,BD!$H$3:$H$5001,"<>")=0,"",SUMIFS(BD!$H$3:$H$5001,BD!$A$3:$A$5001,AJ$3,BD!$B$3:$B$5001,$A$52))) | AK56: =IF(COUNT(F56:AJ56)=0,"",SUM(F56:AJ56))
C57: Pallets Movimentados | D57: =IFERROR(1/(1/INDEX(BD!$AF$29:$AZ$29,MATCH($A$52,BD!$AF$22:$AZ$22,0))),"") | F57: =IF(F$3="","",IF(COUNTIFS(BD!$A$3:$A$5001,F$3,BD!$B$3:$B$5001,$A$52,BD!$I$3:$I$5001,"<>")=0,"",SUMIFS(BD!$I$3:$I$5001,BD!$A$3:$A$5001,F$3,BD!$B$3:$B$5001,$A$52))) | G57: =IF(G$3="","",IF(COUNTIFS(BD!$A$3:$A$5001,G$3,BD!$B$3:$B$5001,$A$52,BD!$I$3:$I$5001,"<>")=0,"",SUMIFS(BD!$I$3:$I$5001,BD!$A$3:$A$5001,G$3,BD!$B$3:$B$5001,$A$52))) | H57: =IF(H$3="","",IF(COUNTIFS(BD!$A$3:$A$5001,H$3,BD!$B$3:$B$5001,$A$52,BD!$I$3:$I$5001,"<>")=0,"",SUMIFS(BD!$I$3:$I$5001,BD!$A$3:$A$5001,H$3,BD!$B$3:$B$5001,$A$52))) | I57: =IF(I$3="","",IF(COUNTIFS(BD!$A$3:$A$5001,I$3,BD!$B$3:$B$5001,$A$52,BD!$I$3:$I$5001,"<>")=0,"",SUMIFS(BD!$I$3:$I$5001,BD!$A$3:$A$5001,I$3,BD!$B$3:$B$5001,$A$52))) | J57: =IF(J$3="","",IF(COUNTIFS(BD!$A$3:$A$5001,J$3,BD!$B$3:$B$5001,$A$52,BD!$I$3:$I$5001,"<>")=0,"",SUMIFS(BD!$I$3:$I$5001,BD!$A$3:$A$5001,J$3,BD!$B$3:$B$5001,$A$52))) | K57: =IF(K$3="","",IF(COUNTIFS(BD!$A$3:$A$5001,K$3,BD!$B$3:$B$5001,$A$52,BD!$I$3:$I$5001,"<>")=0,"",SUMIFS(BD!$I$3:$I$5001,BD!$A$3:$A$5001,K$3,BD!$B$3:$B$5001,$A$52))) | L57: =IF(L$3="","",IF(COUNTIFS(BD!$A$3:$A$5001,L$3,BD!$B$3:$B$5001,$A$52,BD!$I$3:$I$5001,"<>")=0,"",SUMIFS(BD!$I$3:$I$5001,BD!$A$3:$A$5001,L$3,BD!$B$3:$B$5001,$A$52))) | M57: =IF(M$3="","",IF(COUNTIFS(BD!$A$3:$A$5001,M$3,BD!$B$3:$B$5001,$A$52,BD!$I$3:$I$5001,"<>")=0,"",SUMIFS(BD!$I$3:$I$5001,BD!$A$3:$A$5001,M$3,BD!$B$3:$B$5001,$A$52))) | ... AJ57: =IF(AJ$3="","",IF(COUNTIFS(BD!$A$3:$A$5001,AJ$3,BD!$B$3:$B$5001,$A$52,BD!$I$3:$I$5001,"<>")=0,"",SUMIFS(BD!$I$3:$I$5001,BD!$A$3:$A$5001,AJ$3,BD!$B$3:$B$5001,$A$52))) | AK57: =IF(COUNT(F57:AJ57)=0,"",SUM(F57:AJ57))
C58: Toneladas Movimentadas | D58: =IFERROR(1/(1/INDEX(BD!$AF$30:$AZ$30,MATCH($A$52,BD!$AF$22:$AZ$22,0))),"") | F58: =IF(F$3="","",IF(COUNTIFS(BD!$A$3:$A$5001,F$3,BD!$B$3:$B$5001,$A$52,BD!$J$3:$J$5001,"<>")=0,"",SUMIFS(BD!$J$3:$J$5001,BD!$A$3:$A$5001,F$3,BD!$B$3:$B$5001,$A$52))) | G58: =IF(G$3="","",IF(COUNTIFS(BD!$A$3:$A$5001,G$3,BD!$B$3:$B$5001,$A$52,BD!$J$3:$J$5001,"<>")=0,"",SUMIFS(BD!$J$3:$J$5001,BD!$A$3:$A$5001,G$3,BD!$B$3:$B$5001,$A$52))) | H58: =IF(H$3="","",IF(COUNTIFS(BD!$A$3:$A$5001,H$3,BD!$B$3:$B$5001,$A$52,BD!$J$3:$J$5001,"<>")=0,"",SUMIFS(BD!$J$3:$J$5001,BD!$A$3:$A$5001,H$3,BD!$B$3:$B$5001,$A$52))) | I58: =IF(I$3="","",IF(COUNTIFS(BD!$A$3:$A$5001,I$3,BD!$B$3:$B$5001,$A$52,BD!$J$3:$J$5001,"<>")=0,"",SUMIFS(BD!$J$3:$J$5001,BD!$A$3:$A$5001,I$3,BD!$B$3:$B$5001,$A$52))) | J58: =IF(J$3="","",IF(COUNTIFS(BD!$A$3:$A$5001,J$3,BD!$B$3:$B$5001,$A$52,BD!$J$3:$J$5001,"<>")=0,"",SUMIFS(BD!$J$3:$J$5001,BD!$A$3:$A$5001,J$3,BD!$B$3:$B$5001,$A$52))) | K58: =IF(K$3="","",IF(COUNTIFS(BD!$A$3:$A$5001,K$3,BD!$B$3:$B$5001,$A$52,BD!$J$3:$J$5001,"<>")=0,"",SUMIFS(BD!$J$3:$J$5001,BD!$A$3:$A$5001,K$3,BD!$B$3:$B$5001,$A$52))) | L58: =IF(L$3="","",IF(COUNTIFS(BD!$A$3:$A$5001,L$3,BD!$B$3:$B$5001,$A$52,BD!$J$3:$J$5001,"<>")=0,"",SUMIFS(BD!$J$3:$J$5001,BD!$A$3:$A$5001,L$3,BD!$B$3:$B$5001,$A$52))) | M58: =IF(M$3="","",IF(COUNTIFS(BD!$A$3:$A$5001,M$3,BD!$B$3:$B$5001,$A$52,BD!$J$3:$J$5001,"<>")=0,"",SUMIFS(BD!$J$3:$J$5001,BD!$A$3:$A$5001,M$3,BD!$B$3:$B$5001,$A$52))) | ... AJ58: =IF(AJ$3="","",IF(COUNTIFS(BD!$A$3:$A$5001,AJ$3,BD!$B$3:$B$5001,$A$52,BD!$J$3:$J$5001,"<>")=0,"",SUMIFS(BD!$J$3:$J$5001,BD!$A$3:$A$5001,AJ$3,BD!$B$3:$B$5001,$A$52))) | AK58: =IF(COUNT(F58:AJ58)=0,"",SUM(F58:AJ58))
C59: Caixas Expedidas | D59: =IFERROR(1/(1/INDEX(BD!$AF$31:$AZ$31,MATCH($A$52,BD!$AF$22:$AZ$22,0))),"") | F59: =IF(F$3="","",IF(COUNTIFS(BD!$A$3:$A$5001,F$3,BD!$B$3:$B$5001,$A$52,BD!$K$3:$K$5001,"<>")=0,"",SUMIFS(BD!$K$3:$K$5001,BD!$A$3:$A$5001,F$3,BD!$B$3:$B$5001,$A$52))) | G59: =IF(G$3="","",IF(COUNTIFS(BD!$A$3:$A$5001,G$3,BD!$B$3:$B$5001,$A$52,BD!$K$3:$K$5001,"<>")=0,"",SUMIFS(BD!$K$3:$K$5001,BD!$A$3:$A$5001,G$3,BD!$B$3:$B$5001,$A$52))) | H59: =IF(H$3="","",IF(COUNTIFS(BD!$A$3:$A$5001,H$3,BD!$B$3:$B$5001,$A$52,BD!$K$3:$K$5001,"<>")=0,"",SUMIFS(BD!$K$3:$K$5001,BD!$A$3:$A$5001,H$3,BD!$B$3:$B$5001,$A$52))) | I59: =IF(I$3="","",IF(COUNTIFS(BD!$A$3:$A$5001,I$3,BD!$B$3:$B$5001,$A$52,BD!$K$3:$K$5001,"<>")=0,"",SUMIFS(BD!$K$3:$K$5001,BD!$A$3:$A$5001,I$3,BD!$B$3:$B$5001,$A$52))) | J59: =IF(J$3="","",IF(COUNTIFS(BD!$A$3:$A$5001,J$3,BD!$B$3:$B$5001,$A$52,BD!$K$3:$K$5001,"<>")=0,"",SUMIFS(BD!$K$3:$K$5001,BD!$A$3:$A$5001,J$3,BD!$B$3:$B$5001,$A$52))) | K59: =IF(K$3="","",IF(COUNTIFS(BD!$A$3:$A$5001,K$3,BD!$B$3:$B$5001,$A$52,BD!$K$3:$K$5001,"<>")=0,"",SUMIFS(BD!$K$3:$K$5001,BD!$A$3:$A$5001,K$3,BD!$B$3:$B$5001,$A$52))) | L59: =IF(L$3="","",IF(COUNTIFS(BD!$A$3:$A$5001,L$3,BD!$B$3:$B$5001,$A$52,BD!$K$3:$K$5001,"<>")=0,"",SUMIFS(BD!$K$3:$K$5001,BD!$A$3:$A$5001,L$3,BD!$B$3:$B$5001,$A$52))) | M59: =IF(M$3="","",IF(COUNTIFS(BD!$A$3:$A$5001,M$3,BD!$B$3:$B$5001,$A$52,BD!$K$3:$K$5001,"<>")=0,"",SUMIFS(BD!$K$3:$K$5001,BD!$A$3:$A$5001,M$3,BD!$B$3:$B$5001,$A$52))) | ... AJ59: =IF(AJ$3="","",IF(COUNTIFS(BD!$A$3:$A$5001,AJ$3,BD!$B$3:$B$5001,$A$52,BD!$K$3:$K$5001,"<>")=0,"",SUMIFS(BD!$K$3:$K$5001,BD!$A$3:$A$5001,AJ$3,BD!$B$3:$B$5001,$A$52))) | AK59: =IF(COUNT(F59:AJ59)=0,"",SUM(F59:AJ59))
C60: Pedidos Faturados | D60: =IFERROR(1/(1/INDEX(BD!$AF$32:$AZ$32,MATCH($A$52,BD!$AF$22:$AZ$22,0))),"") | F60: =IF(F$3="","",IF(COUNTIFS(BD!$A$3:$A$5001,F$3,BD!$B$3:$B$5001,$A$52,BD!$L$3:$L$5001,"<>")=0,"",SUMIFS(BD!$L$3:$L$5001,BD!$A$3:$A$5001,F$3,BD!$B$3:$B$5001,$A$52))) | G60: =IF(G$3="","",IF(COUNTIFS(BD!$A$3:$A$5001,G$3,BD!$B$3:$B$5001,$A$52,BD!$L$3:$L$5001,"<>")=0,"",SUMIFS(BD!$L$3:$L$5001,BD!$A$3:$A$5001,G$3,BD!$B$3:$B$5001,$A$52))) | H60: =IF(H$3="","",IF(COUNTIFS(BD!$A$3:$A$5001,H$3,BD!$B$3:$B$5001,$A$52,BD!$L$3:$L$5001,"<>")=0,"",SUMIFS(BD!$L$3:$L$5001,BD!$A$3:$A$5001,H$3,BD!$B$3:$B$5001,$A$52))) | I60: =IF(I$3="","",IF(COUNTIFS(BD!$A$3:$A$5001,I$3,BD!$B$3:$B$5001,$A$52,BD!$L$3:$L$5001,"<>")=0,"",SUMIFS(BD!$L$3:$L$5001,BD!$A$3:$A$5001,I$3,BD!$B$3:$B$5001,$A$52))) | J60: =IF(J$3="","",IF(COUNTIFS(BD!$A$3:$A$5001,J$3,BD!$B$3:$B$5001,$A$52,BD!$L$3:$L$5001,"<>")=0,"",SUMIFS(BD!$L$3:$L$5001,BD!$A$3:$A$5001,J$3,BD!$B$3:$B$5001,$A$52))) | K60: =IF(K$3="","",IF(COUNTIFS(BD!$A$3:$A$5001,K$3,BD!$B$3:$B$5001,$A$52,BD!$L$3:$L$5001,"<>")=0,"",SUMIFS(BD!$L$3:$L$5001,BD!$A$3:$A$5001,K$3,BD!$B$3:$B$5001,$A$52))) | L60: =IF(L$3="","",IF(COUNTIFS(BD!$A$3:$A$5001,L$3,BD!$B$3:$B$5001,$A$52,BD!$L$3:$L$5001,"<>")=0,"",SUMIFS(BD!$L$3:$L$5001,BD!$A$3:$A$5001,L$3,BD!$B$3:$B$5001,$A$52))) | M60: =IF(M$3="","",IF(COUNTIFS(BD!$A$3:$A$5001,M$3,BD!$B$3:$B$5001,$A$52,BD!$L$3:$L$5001,"<>")=0,"",SUMIFS(BD!$L$3:$L$5001,BD!$A$3:$A$5001,M$3,BD!$B$3:$B$5001,$A$52))) | ... AJ60: =IF(AJ$3="","",IF(COUNTIFS(BD!$A$3:$A$5001,AJ$3,BD!$B$3:$B$5001,$A$52,BD!$L$3:$L$5001,"<>")=0,"",SUMIFS(BD!$L$3:$L$5001,BD!$A$3:$A$5001,AJ$3,BD!$B$3:$B$5001,$A$52))) | AK60: =IF(COUNT(F60:AJ60)=0,"",SUM(F60:AJ60))
B61: NC | C61: Incidentes | D61: =IFERROR(1/(1/INDEX(BD!$AF$34:$AZ$34,MATCH($A$52,BD!$AF$22:$AZ$22,0))),"") | F61: =IF(F$3="","",IF(COUNTIFS(BD!$A$3:$A$5001,F$3,BD!$B$3:$B$5001,$A$52,BD!$N$3:$N$5001,"<>")=0,"",SUMIFS(BD!$N$3:$N$5001,BD!$A$3:$A$5001,F$3,BD!$B$3:$B$5001,$A$52))) | G61: =IF(G$3="","",IF(COUNTIFS(BD!$A$3:$A$5001,G$3,BD!$B$3:$B$5001,$A$52,BD!$N$3:$N$5001,"<>")=0,"",SUMIFS(BD!$N$3:$N$5001,BD!$A$3:$A$5001,G$3,BD!$B$3:$B$5001,$A$52))) | H61: =IF(H$3="","",IF(COUNTIFS(BD!$A$3:$A$5001,H$3,BD!$B$3:$B$5001,$A$52,BD!$N$3:$N$5001,"<>")=0,"",SUMIFS(BD!$N$3:$N$5001,BD!$A$3:$A$5001,H$3,BD!$B$3:$B$5001,$A$52))) | I61: =IF(I$3="","",IF(COUNTIFS(BD!$A$3:$A$5001,I$3,BD!$B$3:$B$5001,$A$52,BD!$N$3:$N$5001,"<>")=0,"",SUMIFS(BD!$N$3:$N$5001,BD!$A$3:$A$5001,I$3,BD!$B$3:$B$5001,$A$52))) | J61: =IF(J$3="","",IF(COUNTIFS(BD!$A$3:$A$5001,J$3,BD!$B$3:$B$5001,$A$52,BD!$N$3:$N$5001,"<>")=0,"",SUMIFS(BD!$N$3:$N$5001,BD!$A$3:$A$5001,J$3,BD!$B$3:$B$5001,$A$52))) | K61: =IF(K$3="","",IF(COUNTIFS(BD!$A$3:$A$5001,K$3,BD!$B$3:$B$5001,$A$52,BD!$N$3:$N$5001,"<>")=0,"",SUMIFS(BD!$N$3:$N$5001,BD!$A$3:$A$5001,K$3,BD!$B$3:$B$5001,$A$52))) | L61: =IF(L$3="","",IF(COUNTIFS(BD!$A$3:$A$5001,L$3,BD!$B$3:$B$5001,$A$52,BD!$N$3:$N$5001,"<>")=0,"",SUMIFS(BD!$N$3:$N$5001,BD!$A$3:$A$5001,L$3,BD!$B$3:$B$5001,$A$52))) | M61: =IF(M$3="","",IF(COUNTIFS(BD!$A$3:$A$5001,M$3,BD!$B$3:$B$5001,$A$52,BD!$N$3:$N$5001,"<>")=0,"",SUMIFS(BD!$N$3:$N$5001,BD!$A$3:$A$5001,M$3,BD!$B$3:$B$5001,$A$52))) | ... AJ61: =IF(AJ$3="","",IF(COUNTIFS(BD!$A$3:$A$5001,AJ$3,BD!$B$3:$B$5001,$A$52,BD!$N$3:$N$5001,"<>")=0,"",SUMIFS(BD!$N$3:$N$5001,BD!$A$3:$A$5001,AJ$3,BD!$B$3:$B$5001,$A$52))) | AK61: =IF(COUNT(F61:AJ61)=0,"",SUM(F61:AJ61))
C62: No show | D62: =IFERROR(1/(1/INDEX(BD!$AF$35:$AZ$35,MATCH($A$52,BD!$AF$22:$AZ$22,0))),"") | F62: =IF(F$3="","",IF(COUNTIFS(BD!$A$3:$A$5001,F$3,BD!$B$3:$B$5001,$A$52,BD!$O$3:$O$5001,"<>")=0,"",SUMIFS(BD!$O$3:$O$5001,BD!$A$3:$A$5001,F$3,BD!$B$3:$B$5001,$A$52))) | G62: =IF(G$3="","",IF(COUNTIFS(BD!$A$3:$A$5001,G$3,BD!$B$3:$B$5001,$A$52,BD!$O$3:$O$5001,"<>")=0,"",SUMIFS(BD!$O$3:$O$5001,BD!$A$3:$A$5001,G$3,BD!$B$3:$B$5001,$A$52))) | H62: =IF(H$3="","",IF(COUNTIFS(BD!$A$3:$A$5001,H$3,BD!$B$3:$B$5001,$A$52,BD!$O$3:$O$5001,"<>")=0,"",SUMIFS(BD!$O$3:$O$5001,BD!$A$3:$A$5001,H$3,BD!$B$3:$B$5001,$A$52))) | I62: =IF(I$3="","",IF(COUNTIFS(BD!$A$3:$A$5001,I$3,BD!$B$3:$B$5001,$A$52,BD!$O$3:$O$5001,"<>")=0,"",SUMIFS(BD!$O$3:$O$5001,BD!$A$3:$A$5001,I$3,BD!$B$3:$B$5001,$A$52))) | J62: =IF(J$3="","",IF(COUNTIFS(BD!$A$3:$A$5001,J$3,BD!$B$3:$B$5001,$A$52,BD!$O$3:$O$5001,"<>")=0,"",SUMIFS(BD!$O$3:$O$5001,BD!$A$3:$A$5001,J$3,BD!$B$3:$B$5001,$A$52))) | K62: =IF(K$3="","",IF(COUNTIFS(BD!$A$3:$A$5001,K$3,BD!$B$3:$B$5001,$A$52,BD!$O$3:$O$5001,"<>")=0,"",SUMIFS(BD!$O$3:$O$5001,BD!$A$3:$A$5001,K$3,BD!$B$3:$B$5001,$A$52))) | L62: =IF(L$3="","",IF(COUNTIFS(BD!$A$3:$A$5001,L$3,BD!$B$3:$B$5001,$A$52,BD!$O$3:$O$5001,"<>")=0,"",SUMIFS(BD!$O$3:$O$5001,BD!$A$3:$A$5001,L$3,BD!$B$3:$B$5001,$A$52))) | M62: =IF(M$3="","",IF(COUNTIFS(BD!$A$3:$A$5001,M$3,BD!$B$3:$B$5001,$A$52,BD!$O$3:$O$5001,"<>")=0,"",SUMIFS(BD!$O$3:$O$5001,BD!$A$3:$A$5001,M$3,BD!$B$3:$B$5001,$A$52))) | ... AJ62: =IF(AJ$3="","",IF(COUNTIFS(BD!$A$3:$A$5001,AJ$3,BD!$B$3:$B$5001,$A$52,BD!$O$3:$O$5001,"<>")=0,"",SUMIFS(BD!$O$3:$O$5001,BD!$A$3:$A$5001,AJ$3,BD!$B$3:$B$5001,$A$52))) | AK62: =IF(COUNT(F62:AJ62)=0,"",SUM(F62:AJ62))
C63: Backlog Intralog | D63: =IFERROR(1/(1/INDEX(BD!$AF$36:$AZ$36,MATCH($A$52,BD!$AF$22:$AZ$22,0))),"") | F63: =IF(F$3="","",IF(COUNTIFS(BD!$A$3:$A$5001,F$3,BD!$B$3:$B$5001,$A$52,BD!$P$3:$P$5001,"<>")=0,"",SUMIFS(BD!$P$3:$P$5001,BD!$A$3:$A$5001,F$3,BD!$B$3:$B$5001,$A$52))) | G63: =IF(G$3="","",IF(COUNTIFS(BD!$A$3:$A$5001,G$3,BD!$B$3:$B$5001,$A$52,BD!$P$3:$P$5001,"<>")=0,"",SUMIFS(BD!$P$3:$P$5001,BD!$A$3:$A$5001,G$3,BD!$B$3:$B$5001,$A$52))) | H63: =IF(H$3="","",IF(COUNTIFS(BD!$A$3:$A$5001,H$3,BD!$B$3:$B$5001,$A$52,BD!$P$3:$P$5001,"<>")=0,"",SUMIFS(BD!$P$3:$P$5001,BD!$A$3:$A$5001,H$3,BD!$B$3:$B$5001,$A$52))) | I63: =IF(I$3="","",IF(COUNTIFS(BD!$A$3:$A$5001,I$3,BD!$B$3:$B$5001,$A$52,BD!$P$3:$P$5001,"<>")=0,"",SUMIFS(BD!$P$3:$P$5001,BD!$A$3:$A$5001,I$3,BD!$B$3:$B$5001,$A$52))) | J63: =IF(J$3="","",IF(COUNTIFS(BD!$A$3:$A$5001,J$3,BD!$B$3:$B$5001,$A$52,BD!$P$3:$P$5001,"<>")=0,"",SUMIFS(BD!$P$3:$P$5001,BD!$A$3:$A$5001,J$3,BD!$B$3:$B$5001,$A$52))) | K63: =IF(K$3="","",IF(COUNTIFS(BD!$A$3:$A$5001,K$3,BD!$B$3:$B$5001,$A$52,BD!$P$3:$P$5001,"<>")=0,"",SUMIFS(BD!$P$3:$P$5001,BD!$A$3:$A$5001,K$3,BD!$B$3:$B$5001,$A$52))) | L63: =IF(L$3="","",IF(COUNTIFS(BD!$A$3:$A$5001,L$3,BD!$B$3:$B$5001,$A$52,BD!$P$3:$P$5001,"<>")=0,"",SUMIFS(BD!$P$3:$P$5001,BD!$A$3:$A$5001,L$3,BD!$B$3:$B$5001,$A$52))) | M63: =IF(M$3="","",IF(COUNTIFS(BD!$A$3:$A$5001,M$3,BD!$B$3:$B$5001,$A$52,BD!$P$3:$P$5001,"<>")=0,"",SUMIFS(BD!$P$3:$P$5001,BD!$A$3:$A$5001,M$3,BD!$B$3:$B$5001,$A$52))) | ... AJ63: =IF(AJ$3="","",IF(COUNTIFS(BD!$A$3:$A$5001,AJ$3,BD!$B$3:$B$5001,$A$52,BD!$P$3:$P$5001,"<>")=0,"",SUMIFS(BD!$P$3:$P$5001,BD!$A$3:$A$5001,AJ$3,BD!$B$3:$B$5001,$A$52))) | AK63: =IFERROR(LOOKUP(9.99E+307,F63:AJ63),"")
C64: Backlog Cliente | D64: =IFERROR(1/(1/INDEX(BD!$AF$37:$AZ$37,MATCH($A$52,BD!$AF$22:$AZ$22,0))),"") | F64: =IF(F$3="","",IF(COUNTIFS(BD!$A$3:$A$5001,F$3,BD!$B$3:$B$5001,$A$52,BD!$Q$3:$Q$5001,"<>")=0,"",SUMIFS(BD!$Q$3:$Q$5001,BD!$A$3:$A$5001,F$3,BD!$B$3:$B$5001,$A$52))) | G64: =IF(G$3="","",IF(COUNTIFS(BD!$A$3:$A$5001,G$3,BD!$B$3:$B$5001,$A$52,BD!$Q$3:$Q$5001,"<>")=0,"",SUMIFS(BD!$Q$3:$Q$5001,BD!$A$3:$A$5001,G$3,BD!$B$3:$B$5001,$A$52))) | H64: =IF(H$3="","",IF(COUNTIFS(BD!$A$3:$A$5001,H$3,BD!$B$3:$B$5001,$A$52,BD!$Q$3:$Q$5001,"<>")=0,"",SUMIFS(BD!$Q$3:$Q$5001,BD!$A$3:$A$5001,H$3,BD!$B$3:$B$5001,$A$52))) | I64: =IF(I$3="","",IF(COUNTIFS(BD!$A$3:$A$5001,I$3,BD!$B$3:$B$5001,$A$52,BD!$Q$3:$Q$5001,"<>")=0,"",SUMIFS(BD!$Q$3:$Q$5001,BD!$A$3:$A$5001,I$3,BD!$B$3:$B$5001,$A$52))) | J64: =IF(J$3="","",IF(COUNTIFS(BD!$A$3:$A$5001,J$3,BD!$B$3:$B$5001,$A$52,BD!$Q$3:$Q$5001,"<>")=0,"",SUMIFS(BD!$Q$3:$Q$5001,BD!$A$3:$A$5001,J$3,BD!$B$3:$B$5001,$A$52))) | K64: =IF(K$3="","",IF(COUNTIFS(BD!$A$3:$A$5001,K$3,BD!$B$3:$B$5001,$A$52,BD!$Q$3:$Q$5001,"<>")=0,"",SUMIFS(BD!$Q$3:$Q$5001,BD!$A$3:$A$5001,K$3,BD!$B$3:$B$5001,$A$52))) | L64: =IF(L$3="","",IF(COUNTIFS(BD!$A$3:$A$5001,L$3,BD!$B$3:$B$5001,$A$52,BD!$Q$3:$Q$5001,"<>")=0,"",SUMIFS(BD!$Q$3:$Q$5001,BD!$A$3:$A$5001,L$3,BD!$B$3:$B$5001,$A$52))) | M64: =IF(M$3="","",IF(COUNTIFS(BD!$A$3:$A$5001,M$3,BD!$B$3:$B$5001,$A$52,BD!$Q$3:$Q$5001,"<>")=0,"",SUMIFS(BD!$Q$3:$Q$5001,BD!$A$3:$A$5001,M$3,BD!$B$3:$B$5001,$A$52))) | ... AJ64: =IF(AJ$3="","",IF(COUNTIFS(BD!$A$3:$A$5001,AJ$3,BD!$B$3:$B$5001,$A$52,BD!$Q$3:$Q$5001,"<>")=0,"",SUMIFS(BD!$Q$3:$Q$5001,BD!$A$3:$A$5001,AJ$3,BD!$B$3:$B$5001,$A$52))) | AK64: =IFERROR(LOOKUP(9.99E+307,F64:AJ64),"")
B65: OCUPAÇÃO (P.P) | C65: Posições Ocupadas | D65: =IFERROR(1/(1/INDEX(BD!$AF$39:$AZ$39,MATCH($A$52,BD!$AF$22:$AZ$22,0))),"") | F65: =IF(F$3="","",IF(COUNTIFS(BD!$A$3:$A$5001,F$3,BD!$B$3:$B$5001,$A$52,BD!$S$3:$S$5001,"<>")=0,"",SUMIFS(BD!$S$3:$S$5001,BD!$A$3:$A$5001,F$3,BD!$B$3:$B$5001,$A$52))) | G65: =IF(G$3="","",IF(COUNTIFS(BD!$A$3:$A$5001,G$3,BD!$B$3:$B$5001,$A$52,BD!$S$3:$S$5001,"<>")=0,"",SUMIFS(BD!$S$3:$S$5001,BD!$A$3:$A$5001,G$3,BD!$B$3:$B$5001,$A$52))) | H65: =IF(H$3="","",IF(COUNTIFS(BD!$A$3:$A$5001,H$3,BD!$B$3:$B$5001,$A$52,BD!$S$3:$S$5001,"<>")=0,"",SUMIFS(BD!$S$3:$S$5001,BD!$A$3:$A$5001,H$3,BD!$B$3:$B$5001,$A$52))) | I65: =IF(I$3="","",IF(COUNTIFS(BD!$A$3:$A$5001,I$3,BD!$B$3:$B$5001,$A$52,BD!$S$3:$S$5001,"<>")=0,"",SUMIFS(BD!$S$3:$S$5001,BD!$A$3:$A$5001,I$3,BD!$B$3:$B$5001,$A$52))) | J65: =IF(J$3="","",IF(COUNTIFS(BD!$A$3:$A$5001,J$3,BD!$B$3:$B$5001,$A$52,BD!$S$3:$S$5001,"<>")=0,"",SUMIFS(BD!$S$3:$S$5001,BD!$A$3:$A$5001,J$3,BD!$B$3:$B$5001,$A$52))) | K65: =IF(K$3="","",IF(COUNTIFS(BD!$A$3:$A$5001,K$3,BD!$B$3:$B$5001,$A$52,BD!$S$3:$S$5001,"<>")=0,"",SUMIFS(BD!$S$3:$S$5001,BD!$A$3:$A$5001,K$3,BD!$B$3:$B$5001,$A$52))) | L65: =IF(L$3="","",IF(COUNTIFS(BD!$A$3:$A$5001,L$3,BD!$B$3:$B$5001,$A$52,BD!$S$3:$S$5001,"<>")=0,"",SUMIFS(BD!$S$3:$S$5001,BD!$A$3:$A$5001,L$3,BD!$B$3:$B$5001,$A$52))) | M65: =IF(M$3="","",IF(COUNTIFS(BD!$A$3:$A$5001,M$3,BD!$B$3:$B$5001,$A$52,BD!$S$3:$S$5001,"<>")=0,"",SUMIFS(BD!$S$3:$S$5001,BD!$A$3:$A$5001,M$3,BD!$B$3:$B$5001,$A$52))) | ... AJ65: =IF(AJ$3="","",IF(COUNTIFS(BD!$A$3:$A$5001,AJ$3,BD!$B$3:$B$5001,$A$52,BD!$S$3:$S$5001,"<>")=0,"",SUMIFS(BD!$S$3:$S$5001,BD!$A$3:$A$5001,AJ$3,BD!$B$3:$B$5001,$A$52))) | AK65: =IFERROR(LOOKUP(9.99E+307,F65:AJ65),"")
B66: GENTE | C66: Efetivo Op. | D66: =IFERROR(1/(1/INDEX(BD!$AF$41:$AZ$41,MATCH($A$52,BD!$AF$22:$AZ$22,0))),"") | F66: =IF(F$3="","",IF(COUNTIFS(BD!$A$3:$A$5001,F$3,BD!$B$3:$B$5001,$A$52,BD!$T$3:$T$5001,"<>")=0,"",SUMIFS(BD!$T$3:$T$5001,BD!$A$3:$A$5001,F$3,BD!$B$3:$B$5001,$A$52))) | G66: =IF(G$3="","",IF(COUNTIFS(BD!$A$3:$A$5001,G$3,BD!$B$3:$B$5001,$A$52,BD!$T$3:$T$5001,"<>")=0,"",SUMIFS(BD!$T$3:$T$5001,BD!$A$3:$A$5001,G$3,BD!$B$3:$B$5001,$A$52))) | H66: =IF(H$3="","",IF(COUNTIFS(BD!$A$3:$A$5001,H$3,BD!$B$3:$B$5001,$A$52,BD!$T$3:$T$5001,"<>")=0,"",SUMIFS(BD!$T$3:$T$5001,BD!$A$3:$A$5001,H$3,BD!$B$3:$B$5001,$A$52))) | I66: =IF(I$3="","",IF(COUNTIFS(BD!$A$3:$A$5001,I$3,BD!$B$3:$B$5001,$A$52,BD!$T$3:$T$5001,"<>")=0,"",SUMIFS(BD!$T$3:$T$5001,BD!$A$3:$A$5001,I$3,BD!$B$3:$B$5001,$A$52))) | J66: =IF(J$3="","",IF(COUNTIFS(BD!$A$3:$A$5001,J$3,BD!$B$3:$B$5001,$A$52,BD!$T$3:$T$5001,"<>")=0,"",SUMIFS(BD!$T$3:$T$5001,BD!$A$3:$A$5001,J$3,BD!$B$3:$B$5001,$A$52))) | K66: =IF(K$3="","",IF(COUNTIFS(BD!$A$3:$A$5001,K$3,BD!$B$3:$B$5001,$A$52,BD!$T$3:$T$5001,"<>")=0,"",SUMIFS(BD!$T$3:$T$5001,BD!$A$3:$A$5001,K$3,BD!$B$3:$B$5001,$A$52))) | L66: =IF(L$3="","",IF(COUNTIFS(BD!$A$3:$A$5001,L$3,BD!$B$3:$B$5001,$A$52,BD!$T$3:$T$5001,"<>")=0,"",SUMIFS(BD!$T$3:$T$5001,BD!$A$3:$A$5001,L$3,BD!$B$3:$B$5001,$A$52))) | M66: =IF(M$3="","",IF(COUNTIFS(BD!$A$3:$A$5001,M$3,BD!$B$3:$B$5001,$A$52,BD!$T$3:$T$5001,"<>")=0,"",SUMIFS(BD!$T$3:$T$5001,BD!$A$3:$A$5001,M$3,BD!$B$3:$B$5001,$A$52))) | ... AJ66: =IF(AJ$3="","",IF(COUNTIFS(BD!$A$3:$A$5001,AJ$3,BD!$B$3:$B$5001,$A$52,BD!$T$3:$T$5001,"<>")=0,"",SUMIFS(BD!$T$3:$T$5001,BD!$A$3:$A$5001,AJ$3,BD!$B$3:$B$5001,$A$52))) | AK66: =IFERROR(LOOKUP(9.99E+307,F66:AJ66),"")
C67: Falta | D67: =IFERROR(1/(1/INDEX(BD!$AF$42:$AZ$42,MATCH($A$52,BD!$AF$22:$AZ$22,0))),"") | F67: =IF(F$3="","",IF(COUNTIFS(BD!$A$3:$A$5001,F$3,BD!$B$3:$B$5001,$A$52,BD!$U$3:$U$5001,"<>")=0,"",SUMIFS(BD!$U$3:$U$5001,BD!$A$3:$A$5001,F$3,BD!$B$3:$B$5001,$A$52))) | G67: =IF(G$3="","",IF(COUNTIFS(BD!$A$3:$A$5001,G$3,BD!$B$3:$B$5001,$A$52,BD!$U$3:$U$5001,"<>")=0,"",SUMIFS(BD!$U$3:$U$5001,BD!$A$3:$A$5001,G$3,BD!$B$3:$B$5001,$A$52))) | H67: =IF(H$3="","",IF(COUNTIFS(BD!$A$3:$A$5001,H$3,BD!$B$3:$B$5001,$A$52,BD!$U$3:$U$5001,"<>")=0,"",SUMIFS(BD!$U$3:$U$5001,BD!$A$3:$A$5001,H$3,BD!$B$3:$B$5001,$A$52))) | I67: =IF(I$3="","",IF(COUNTIFS(BD!$A$3:$A$5001,I$3,BD!$B$3:$B$5001,$A$52,BD!$U$3:$U$5001,"<>")=0,"",SUMIFS(BD!$U$3:$U$5001,BD!$A$3:$A$5001,I$3,BD!$B$3:$B$5001,$A$52))) | J67: =IF(J$3="","",IF(COUNTIFS(BD!$A$3:$A$5001,J$3,BD!$B$3:$B$5001,$A$52,BD!$U$3:$U$5001,"<>")=0,"",SUMIFS(BD!$U$3:$U$5001,BD!$A$3:$A$5001,J$3,BD!$B$3:$B$5001,$A$52))) | K67: =IF(K$3="","",IF(COUNTIFS(BD!$A$3:$A$5001,K$3,BD!$B$3:$B$5001,$A$52,BD!$U$3:$U$5001,"<>")=0,"",SUMIFS(BD!$U$3:$U$5001,BD!$A$3:$A$5001,K$3,BD!$B$3:$B$5001,$A$52))) | L67: =IF(L$3="","",IF(COUNTIFS(BD!$A$3:$A$5001,L$3,BD!$B$3:$B$5001,$A$52,BD!$U$3:$U$5001,"<>")=0,"",SUMIFS(BD!$U$3:$U$5001,BD!$A$3:$A$5001,L$3,BD!$B$3:$B$5001,$A$52))) | M67: =IF(M$3="","",IF(COUNTIFS(BD!$A$3:$A$5001,M$3,BD!$B$3:$B$5001,$A$52,BD!$U$3:$U$5001,"<>")=0,"",SUMIFS(BD!$U$3:$U$5001,BD!$A$3:$A$5001,M$3,BD!$B$3:$B$5001,$A$52))) | ... AJ67: =IF(AJ$3="","",IF(COUNTIFS(BD!$A$3:$A$5001,AJ$3,BD!$B$3:$B$5001,$A$52,BD!$U$3:$U$5001,"<>")=0,"",SUMIFS(BD!$U$3:$U$5001,BD!$A$3:$A$5001,AJ$3,BD!$B$3:$B$5001,$A$52))) | AK67: =IF(COUNT(F67:AJ67)=0,"",SUM(F67:AJ67))
C68: Absenteísmo (H/H) | D68: =IFERROR(1/(1/INDEX(BD!$AF$43:$AZ$43,MATCH($A$52,BD!$AF$22:$AZ$22,0))),"") | F68: =IF(F$3="","",IF(COUNTIFS(BD!$A$3:$A$5001,F$3,BD!$B$3:$B$5001,$A$52,BD!$V$3:$V$5001,"<>")=0,"",SUMIFS(BD!$V$3:$V$5001,BD!$A$3:$A$5001,F$3,BD!$B$3:$B$5001,$A$52))) | G68: =IF(G$3="","",IF(COUNTIFS(BD!$A$3:$A$5001,G$3,BD!$B$3:$B$5001,$A$52,BD!$V$3:$V$5001,"<>")=0,"",SUMIFS(BD!$V$3:$V$5001,BD!$A$3:$A$5001,G$3,BD!$B$3:$B$5001,$A$52))) | H68: =IF(H$3="","",IF(COUNTIFS(BD!$A$3:$A$5001,H$3,BD!$B$3:$B$5001,$A$52,BD!$V$3:$V$5001,"<>")=0,"",SUMIFS(BD!$V$3:$V$5001,BD!$A$3:$A$5001,H$3,BD!$B$3:$B$5001,$A$52))) | I68: =IF(I$3="","",IF(COUNTIFS(BD!$A$3:$A$5001,I$3,BD!$B$3:$B$5001,$A$52,BD!$V$3:$V$5001,"<>")=0,"",SUMIFS(BD!$V$3:$V$5001,BD!$A$3:$A$5001,I$3,BD!$B$3:$B$5001,$A$52))) | J68: =IF(J$3="","",IF(COUNTIFS(BD!$A$3:$A$5001,J$3,BD!$B$3:$B$5001,$A$52,BD!$V$3:$V$5001,"<>")=0,"",SUMIFS(BD!$V$3:$V$5001,BD!$A$3:$A$5001,J$3,BD!$B$3:$B$5001,$A$52))) | K68: =IF(K$3="","",IF(COUNTIFS(BD!$A$3:$A$5001,K$3,BD!$B$3:$B$5001,$A$52,BD!$V$3:$V$5001,"<>")=0,"",SUMIFS(BD!$V$3:$V$5001,BD!$A$3:$A$5001,K$3,BD!$B$3:$B$5001,$A$52))) | L68: =IF(L$3="","",IF(COUNTIFS(BD!$A$3:$A$5001,L$3,BD!$B$3:$B$5001,$A$52,BD!$V$3:$V$5001,"<>")=0,"",SUMIFS(BD!$V$3:$V$5001,BD!$A$3:$A$5001,L$3,BD!$B$3:$B$5001,$A$52))) | M68: =IF(M$3="","",IF(COUNTIFS(BD!$A$3:$A$5001,M$3,BD!$B$3:$B$5001,$A$52,BD!$V$3:$V$5001,"<>")=0,"",SUMIFS(BD!$V$3:$V$5001,BD!$A$3:$A$5001,M$3,BD!$B$3:$B$5001,$A$52))) | ... AJ68: =IF(AJ$3="","",IF(COUNTIFS(BD!$A$3:$A$5001,AJ$3,BD!$B$3:$B$5001,$A$52,BD!$V$3:$V$5001,"<>")=0,"",SUMIFS(BD!$V$3:$V$5001,BD!$A$3:$A$5001,AJ$3,BD!$B$3:$B$5001,$A$52))) | AK68: =IF(COUNT(F68:AJ68)=0,"",SUM(F68:AJ68))
C69: Folga | D69: =IFERROR(1/(1/INDEX(BD!$AF$44:$AZ$44,MATCH($A$52,BD!$AF$22:$AZ$22,0))),"") | F69: =IF(F$3="","",IF(COUNTIFS(BD!$A$3:$A$5001,F$3,BD!$B$3:$B$5001,$A$52,BD!$W$3:$W$5001,"<>")=0,"",SUMIFS(BD!$W$3:$W$5001,BD!$A$3:$A$5001,F$3,BD!$B$3:$B$5001,$A$52))) | G69: =IF(G$3="","",IF(COUNTIFS(BD!$A$3:$A$5001,G$3,BD!$B$3:$B$5001,$A$52,BD!$W$3:$W$5001,"<>")=0,"",SUMIFS(BD!$W$3:$W$5001,BD!$A$3:$A$5001,G$3,BD!$B$3:$B$5001,$A$52))) | H69: =IF(H$3="","",IF(COUNTIFS(BD!$A$3:$A$5001,H$3,BD!$B$3:$B$5001,$A$52,BD!$W$3:$W$5001,"<>")=0,"",SUMIFS(BD!$W$3:$W$5001,BD!$A$3:$A$5001,H$3,BD!$B$3:$B$5001,$A$52))) | I69: =IF(I$3="","",IF(COUNTIFS(BD!$A$3:$A$5001,I$3,BD!$B$3:$B$5001,$A$52,BD!$W$3:$W$5001,"<>")=0,"",SUMIFS(BD!$W$3:$W$5001,BD!$A$3:$A$5001,I$3,BD!$B$3:$B$5001,$A$52))) | J69: =IF(J$3="","",IF(COUNTIFS(BD!$A$3:$A$5001,J$3,BD!$B$3:$B$5001,$A$52,BD!$W$3:$W$5001,"<>")=0,"",SUMIFS(BD!$W$3:$W$5001,BD!$A$3:$A$5001,J$3,BD!$B$3:$B$5001,$A$52))) | K69: =IF(K$3="","",IF(COUNTIFS(BD!$A$3:$A$5001,K$3,BD!$B$3:$B$5001,$A$52,BD!$W$3:$W$5001,"<>")=0,"",SUMIFS(BD!$W$3:$W$5001,BD!$A$3:$A$5001,K$3,BD!$B$3:$B$5001,$A$52))) | L69: =IF(L$3="","",IF(COUNTIFS(BD!$A$3:$A$5001,L$3,BD!$B$3:$B$5001,$A$52,BD!$W$3:$W$5001,"<>")=0,"",SUMIFS(BD!$W$3:$W$5001,BD!$A$3:$A$5001,L$3,BD!$B$3:$B$5001,$A$52))) | M69: =IF(M$3="","",IF(COUNTIFS(BD!$A$3:$A$5001,M$3,BD!$B$3:$B$5001,$A$52,BD!$W$3:$W$5001,"<>")=0,"",SUMIFS(BD!$W$3:$W$5001,BD!$A$3:$A$5001,M$3,BD!$B$3:$B$5001,$A$52))) | ... AJ69: =IF(AJ$3="","",IF(COUNTIFS(BD!$A$3:$A$5001,AJ$3,BD!$B$3:$B$5001,$A$52,BD!$W$3:$W$5001,"<>")=0,"",SUMIFS(BD!$W$3:$W$5001,BD!$A$3:$A$5001,AJ$3,BD!$B$3:$B$5001,$A$52))) | AK69: =IF(COUNT(F69:AJ69)=0,"",SUM(F69:AJ69))
C70: Férias | D70: =IFERROR(1/(1/INDEX(BD!$AF$45:$AZ$45,MATCH($A$52,BD!$AF$22:$AZ$22,0))),"") | F70: =IF(F$3="","",IF(COUNTIFS(BD!$A$3:$A$5001,F$3,BD!$B$3:$B$5001,$A$52,BD!$X$3:$X$5001,"<>")=0,"",SUMIFS(BD!$X$3:$X$5001,BD!$A$3:$A$5001,F$3,BD!$B$3:$B$5001,$A$52))) | G70: =IF(G$3="","",IF(COUNTIFS(BD!$A$3:$A$5001,G$3,BD!$B$3:$B$5001,$A$52,BD!$X$3:$X$5001,"<>")=0,"",SUMIFS(BD!$X$3:$X$5001,BD!$A$3:$A$5001,G$3,BD!$B$3:$B$5001,$A$52))) | H70: =IF(H$3="","",IF(COUNTIFS(BD!$A$3:$A$5001,H$3,BD!$B$3:$B$5001,$A$52,BD!$X$3:$X$5001,"<>")=0,"",SUMIFS(BD!$X$3:$X$5001,BD!$A$3:$A$5001,H$3,BD!$B$3:$B$5001,$A$52))) | I70: =IF(I$3="","",IF(COUNTIFS(BD!$A$3:$A$5001,I$3,BD!$B$3:$B$5001,$A$52,BD!$X$3:$X$5001,"<>")=0,"",SUMIFS(BD!$X$3:$X$5001,BD!$A$3:$A$5001,I$3,BD!$B$3:$B$5001,$A$52))) | J70: =IF(J$3="","",IF(COUNTIFS(BD!$A$3:$A$5001,J$3,BD!$B$3:$B$5001,$A$52,BD!$X$3:$X$5001,"<>")=0,"",SUMIFS(BD!$X$3:$X$5001,BD!$A$3:$A$5001,J$3,BD!$B$3:$B$5001,$A$52))) | K70: =IF(K$3="","",IF(COUNTIFS(BD!$A$3:$A$5001,K$3,BD!$B$3:$B$5001,$A$52,BD!$X$3:$X$5001,"<>")=0,"",SUMIFS(BD!$X$3:$X$5001,BD!$A$3:$A$5001,K$3,BD!$B$3:$B$5001,$A$52))) | L70: =IF(L$3="","",IF(COUNTIFS(BD!$A$3:$A$5001,L$3,BD!$B$3:$B$5001,$A$52,BD!$X$3:$X$5001,"<>")=0,"",SUMIFS(BD!$X$3:$X$5001,BD!$A$3:$A$5001,L$3,BD!$B$3:$B$5001,$A$52))) | M70: =IF(M$3="","",IF(COUNTIFS(BD!$A$3:$A$5001,M$3,BD!$B$3:$B$5001,$A$52,BD!$X$3:$X$5001,"<>")=0,"",SUMIFS(BD!$X$3:$X$5001,BD!$A$3:$A$5001,M$3,BD!$B$3:$B$5001,$A$52))) | ... AJ70: =IF(AJ$3="","",IF(COUNTIFS(BD!$A$3:$A$5001,AJ$3,BD!$B$3:$B$5001,$A$52,BD!$X$3:$X$5001,"<>")=0,"",SUMIFS(BD!$X$3:$X$5001,BD!$A$3:$A$5001,AJ$3,BD!$B$3:$B$5001,$A$52))) | AK70: =IF(COUNT(F70:AJ70)=0,"",SUM(F70:AJ70))
C71: Desligamento | D71: =IFERROR(1/(1/INDEX(BD!$AF$46:$AZ$46,MATCH($A$52,BD!$AF$22:$AZ$22,0))),"") | F71: =IF(F$3="","",IF(COUNTIFS(BD!$A$3:$A$5001,F$3,BD!$B$3:$B$5001,$A$52,BD!$Y$3:$Y$5001,"<>")=0,"",SUMIFS(BD!$Y$3:$Y$5001,BD!$A$3:$A$5001,F$3,BD!$B$3:$B$5001,$A$52))) | G71: =IF(G$3="","",IF(COUNTIFS(BD!$A$3:$A$5001,G$3,BD!$B$3:$B$5001,$A$52,BD!$Y$3:$Y$5001,"<>")=0,"",SUMIFS(BD!$Y$3:$Y$5001,BD!$A$3:$A$5001,G$3,BD!$B$3:$B$5001,$A$52))) | H71: =IF(H$3="","",IF(COUNTIFS(BD!$A$3:$A$5001,H$3,BD!$B$3:$B$5001,$A$52,BD!$Y$3:$Y$5001,"<>")=0,"",SUMIFS(BD!$Y$3:$Y$5001,BD!$A$3:$A$5001,H$3,BD!$B$3:$B$5001,$A$52))) | I71: =IF(I$3="","",IF(COUNTIFS(BD!$A$3:$A$5001,I$3,BD!$B$3:$B$5001,$A$52,BD!$Y$3:$Y$5001,"<>")=0,"",SUMIFS(BD!$Y$3:$Y$5001,BD!$A$3:$A$5001,I$3,BD!$B$3:$B$5001,$A$52))) | J71: =IF(J$3="","",IF(COUNTIFS(BD!$A$3:$A$5001,J$3,BD!$B$3:$B$5001,$A$52,BD!$Y$3:$Y$5001,"<>")=0,"",SUMIFS(BD!$Y$3:$Y$5001,BD!$A$3:$A$5001,J$3,BD!$B$3:$B$5001,$A$52))) | K71: =IF(K$3="","",IF(COUNTIFS(BD!$A$3:$A$5001,K$3,BD!$B$3:$B$5001,$A$52,BD!$Y$3:$Y$5001,"<>")=0,"",SUMIFS(BD!$Y$3:$Y$5001,BD!$A$3:$A$5001,K$3,BD!$B$3:$B$5001,$A$52))) | L71: =IF(L$3="","",IF(COUNTIFS(BD!$A$3:$A$5001,L$3,BD!$B$3:$B$5001,$A$52,BD!$Y$3:$Y$5001,"<>")=0,"",SUMIFS(BD!$Y$3:$Y$5001,BD!$A$3:$A$5001,L$3,BD!$B$3:$B$5001,$A$52))) | M71: =IF(M$3="","",IF(COUNTIFS(BD!$A$3:$A$5001,M$3,BD!$B$3:$B$5001,$A$52,BD!$Y$3:$Y$5001,"<>")=0,"",SUMIFS(BD!$Y$3:$Y$5001,BD!$A$3:$A$5001,M$3,BD!$B$3:$B$5001,$A$52))) | ... AJ71: =IF(AJ$3="","",IF(COUNTIFS(BD!$A$3:$A$5001,AJ$3,BD!$B$3:$B$5001,$A$52,BD!$Y$3:$Y$5001,"<>")=0,"",SUMIFS(BD!$Y$3:$Y$5001,BD!$A$3:$A$5001,AJ$3,BD!$B$3:$B$5001,$A$52))) | AK71: =IF(COUNT(F71:AJ71)=0,"",SUM(F71:AJ71))
C72: Desvios Comportamentais | D72: =IFERROR(1/(1/INDEX(BD!$AF$47:$AZ$47,MATCH($A$52,BD!$AF$22:$AZ$22,0))),"") | F72: =IF(F$3="","",IF(COUNTIFS(BD!$A$3:$A$5001,F$3,BD!$B$3:$B$5001,$A$52,BD!$Z$3:$Z$5001,"<>")=0,"",SUMIFS(BD!$Z$3:$Z$5001,BD!$A$3:$A$5001,F$3,BD!$B$3:$B$5001,$A$52))) | G72: =IF(G$3="","",IF(COUNTIFS(BD!$A$3:$A$5001,G$3,BD!$B$3:$B$5001,$A$52,BD!$Z$3:$Z$5001,"<>")=0,"",SUMIFS(BD!$Z$3:$Z$5001,BD!$A$3:$A$5001,G$3,BD!$B$3:$B$5001,$A$52))) | H72: =IF(H$3="","",IF(COUNTIFS(BD!$A$3:$A$5001,H$3,BD!$B$3:$B$5001,$A$52,BD!$Z$3:$Z$5001,"<>")=0,"",SUMIFS(BD!$Z$3:$Z$5001,BD!$A$3:$A$5001,H$3,BD!$B$3:$B$5001,$A$52))) | I72: =IF(I$3="","",IF(COUNTIFS(BD!$A$3:$A$5001,I$3,BD!$B$3:$B$5001,$A$52,BD!$Z$3:$Z$5001,"<>")=0,"",SUMIFS(BD!$Z$3:$Z$5001,BD!$A$3:$A$5001,I$3,BD!$B$3:$B$5001,$A$52))) | J72: =IF(J$3="","",IF(COUNTIFS(BD!$A$3:$A$5001,J$3,BD!$B$3:$B$5001,$A$52,BD!$Z$3:$Z$5001,"<>")=0,"",SUMIFS(BD!$Z$3:$Z$5001,BD!$A$3:$A$5001,J$3,BD!$B$3:$B$5001,$A$52))) | K72: =IF(K$3="","",IF(COUNTIFS(BD!$A$3:$A$5001,K$3,BD!$B$3:$B$5001,$A$52,BD!$Z$3:$Z$5001,"<>")=0,"",SUMIFS(BD!$Z$3:$Z$5001,BD!$A$3:$A$5001,K$3,BD!$B$3:$B$5001,$A$52))) | L72: =IF(L$3="","",IF(COUNTIFS(BD!$A$3:$A$5001,L$3,BD!$B$3:$B$5001,$A$52,BD!$Z$3:$Z$5001,"<>")=0,"",SUMIFS(BD!$Z$3:$Z$5001,BD!$A$3:$A$5001,L$3,BD!$B$3:$B$5001,$A$52))) | M72: =IF(M$3="","",IF(COUNTIFS(BD!$A$3:$A$5001,M$3,BD!$B$3:$B$5001,$A$52,BD!$Z$3:$Z$5001,"<>")=0,"",SUMIFS(BD!$Z$3:$Z$5001,BD!$A$3:$A$5001,M$3,BD!$B$3:$B$5001,$A$52))) | ... AJ72: =IF(AJ$3="","",IF(COUNTIFS(BD!$A$3:$A$5001,AJ$3,BD!$B$3:$B$5001,$A$52,BD!$Z$3:$Z$5001,"<>")=0,"",SUMIFS(BD!$Z$3:$Z$5001,BD!$A$3:$A$5001,AJ$3,BD!$B$3:$B$5001,$A$52))) | AK72: =IF(COUNT(F72:AJ72)=0,"",SUM(F72:AJ72))
C73: Acidentes CAF | D73: =IFERROR(1/(1/INDEX(BD!$AF$48:$AZ$48,MATCH($A$52,BD!$AF$22:$AZ$22,0))),"") | F73: =IF(F$3="","",IF(COUNTIFS(BD!$A$3:$A$5001,F$3,BD!$B$3:$B$5001,$A$52,BD!$AA$3:$AA$5001,"<>")=0,"",SUMIFS(BD!$AA$3:$AA$5001,BD!$A$3:$A$5001,F$3,BD!$B$3:$B$5001,$A$52))) | G73: =IF(G$3="","",IF(COUNTIFS(BD!$A$3:$A$5001,G$3,BD!$B$3:$B$5001,$A$52,BD!$AA$3:$AA$5001,"<>")=0,"",SUMIFS(BD!$AA$3:$AA$5001,BD!$A$3:$A$5001,G$3,BD!$B$3:$B$5001,$A$52))) | H73: =IF(H$3="","",IF(COUNTIFS(BD!$A$3:$A$5001,H$3,BD!$B$3:$B$5001,$A$52,BD!$AA$3:$AA$5001,"<>")=0,"",SUMIFS(BD!$AA$3:$AA$5001,BD!$A$3:$A$5001,H$3,BD!$B$3:$B$5001,$A$52))) | I73: =IF(I$3="","",IF(COUNTIFS(BD!$A$3:$A$5001,I$3,BD!$B$3:$B$5001,$A$52,BD!$AA$3:$AA$5001,"<>")=0,"",SUMIFS(BD!$AA$3:$AA$5001,BD!$A$3:$A$5001,I$3,BD!$B$3:$B$5001,$A$52))) | J73: =IF(J$3="","",IF(COUNTIFS(BD!$A$3:$A$5001,J$3,BD!$B$3:$B$5001,$A$52,BD!$AA$3:$AA$5001,"<>")=0,"",SUMIFS(BD!$AA$3:$AA$5001,BD!$A$3:$A$5001,J$3,BD!$B$3:$B$5001,$A$52))) | K73: =IF(K$3="","",IF(COUNTIFS(BD!$A$3:$A$5001,K$3,BD!$B$3:$B$5001,$A$52,BD!$AA$3:$AA$5001,"<>")=0,"",SUMIFS(BD!$AA$3:$AA$5001,BD!$A$3:$A$5001,K$3,BD!$B$3:$B$5001,$A$52))) | L73: =IF(L$3="","",IF(COUNTIFS(BD!$A$3:$A$5001,L$3,BD!$B$3:$B$5001,$A$52,BD!$AA$3:$AA$5001,"<>")=0,"",SUMIFS(BD!$AA$3:$AA$5001,BD!$A$3:$A$5001,L$3,BD!$B$3:$B$5001,$A$52))) | M73: =IF(M$3="","",IF(COUNTIFS(BD!$A$3:$A$5001,M$3,BD!$B$3:$B$5001,$A$52,BD!$AA$3:$AA$5001,"<>")=0,"",SUMIFS(BD!$AA$3:$AA$5001,BD!$A$3:$A$5001,M$3,BD!$B$3:$B$5001,$A$52))) | ... AJ73: =IF(AJ$3="","",IF(COUNTIFS(BD!$A$3:$A$5001,AJ$3,BD!$B$3:$B$5001,$A$52,BD!$AA$3:$AA$5001,"<>")=0,"",SUMIFS(BD!$AA$3:$AA$5001,BD!$A$3:$A$5001,AJ$3,BD!$B$3:$B$5001,$A$52))) | AK73: =IF(COUNT(F73:AJ73)=0,"",SUM(F73:AJ73))
C74: Acidentes SAF | D74: =IFERROR(1/(1/INDEX(BD!$AF$49:$AZ$49,MATCH($A$52,BD!$AF$22:$AZ$22,0))),"") | F74: =IF(F$3="","",IF(COUNTIFS(BD!$A$3:$A$5001,F$3,BD!$B$3:$B$5001,$A$52,BD!$AB$3:$AB$5001,"<>")=0,"",SUMIFS(BD!$AB$3:$AB$5001,BD!$A$3:$A$5001,F$3,BD!$B$3:$B$5001,$A$52))) | G74: =IF(G$3="","",IF(COUNTIFS(BD!$A$3:$A$5001,G$3,BD!$B$3:$B$5001,$A$52,BD!$AB$3:$AB$5001,"<>")=0,"",SUMIFS(BD!$AB$3:$AB$5001,BD!$A$3:$A$5001,G$3,BD!$B$3:$B$5001,$A$52))) | H74: =IF(H$3="","",IF(COUNTIFS(BD!$A$3:$A$5001,H$3,BD!$B$3:$B$5001,$A$52,BD!$AB$3:$AB$5001,"<>")=0,"",SUMIFS(BD!$AB$3:$AB$5001,BD!$A$3:$A$5001,H$3,BD!$B$3:$B$5001,$A$52))) | I74: =IF(I$3="","",IF(COUNTIFS(BD!$A$3:$A$5001,I$3,BD!$B$3:$B$5001,$A$52,BD!$AB$3:$AB$5001,"<>")=0,"",SUMIFS(BD!$AB$3:$AB$5001,BD!$A$3:$A$5001,I$3,BD!$B$3:$B$5001,$A$52))) | J74: =IF(J$3="","",IF(COUNTIFS(BD!$A$3:$A$5001,J$3,BD!$B$3:$B$5001,$A$52,BD!$AB$3:$AB$5001,"<>")=0,"",SUMIFS(BD!$AB$3:$AB$5001,BD!$A$3:$A$5001,J$3,BD!$B$3:$B$5001,$A$52))) | K74: =IF(K$3="","",IF(COUNTIFS(BD!$A$3:$A$5001,K$3,BD!$B$3:$B$5001,$A$52,BD!$AB$3:$AB$5001,"<>")=0,"",SUMIFS(BD!$AB$3:$AB$5001,BD!$A$3:$A$5001,K$3,BD!$B$3:$B$5001,$A$52))) | L74: =IF(L$3="","",IF(COUNTIFS(BD!$A$3:$A$5001,L$3,BD!$B$3:$B$5001,$A$52,BD!$AB$3:$AB$5001,"<>")=0,"",SUMIFS(BD!$AB$3:$AB$5001,BD!$A$3:$A$5001,L$3,BD!$B$3:$B$5001,$A$52))) | M74: =IF(M$3="","",IF(COUNTIFS(BD!$A$3:$A$5001,M$3,BD!$B$3:$B$5001,$A$52,BD!$AB$3:$AB$5001,"<>")=0,"",SUMIFS(BD!$AB$3:$AB$5001,BD!$A$3:$A$5001,M$3,BD!$B$3:$B$5001,$A$52))) | ... AJ74: =IF(AJ$3="","",IF(COUNTIFS(BD!$A$3:$A$5001,AJ$3,BD!$B$3:$B$5001,$A$52,BD!$AB$3:$AB$5001,"<>")=0,"",SUMIFS(BD!$AB$3:$AB$5001,BD!$A$3:$A$5001,AJ$3,BD!$B$3:$B$5001,$A$52))) | AK74: =IF(COUNT(F74:AJ74)=0,"",SUM(F74:AJ74))
A76: Nestlé | B76: IN | C76: Veículos Recebidos | D76: =IFERROR(1/(1/INDEX(BD!$AF$23:$AZ$23,MATCH($A$76,BD!$AF$22:$AZ$22,0))),"") | F76: =IF(F$3="","",IF(COUNTIFS(BD!$A$3:$A$5001,F$3,BD!$B$3:$B$5001,$A$76,BD!$C$3:$C$5001,"<>")=0,"",SUMIFS(BD!$C$3:$C$5001,BD!$A$3:$A$5001,F$3,BD!$B$3:$B$5001,$A$76))) | G76: =IF(G$3="","",IF(COUNTIFS(BD!$A$3:$A$5001,G$3,BD!$B$3:$B$5001,$A$76,BD!$C$3:$C$5001,"<>")=0,"",SUMIFS(BD!$C$3:$C$5001,BD!$A$3:$A$5001,G$3,BD!$B$3:$B$5001,$A$76))) | H76: =IF(H$3="","",IF(COUNTIFS(BD!$A$3:$A$5001,H$3,BD!$B$3:$B$5001,$A$76,BD!$C$3:$C$5001,"<>")=0,"",SUMIFS(BD!$C$3:$C$5001,BD!$A$3:$A$5001,H$3,BD!$B$3:$B$5001,$A$76))) | I76: =IF(I$3="","",IF(COUNTIFS(BD!$A$3:$A$5001,I$3,BD!$B$3:$B$5001,$A$76,BD!$C$3:$C$5001,"<>")=0,"",SUMIFS(BD!$C$3:$C$5001,BD!$A$3:$A$5001,I$3,BD!$B$3:$B$5001,$A$76))) | J76: =IF(J$3="","",IF(COUNTIFS(BD!$A$3:$A$5001,J$3,BD!$B$3:$B$5001,$A$76,BD!$C$3:$C$5001,"<>")=0,"",SUMIFS(BD!$C$3:$C$5001,BD!$A$3:$A$5001,J$3,BD!$B$3:$B$5001,$A$76))) | K76: =IF(K$3="","",IF(COUNTIFS(BD!$A$3:$A$5001,K$3,BD!$B$3:$B$5001,$A$76,BD!$C$3:$C$5001,"<>")=0,"",SUMIFS(BD!$C$3:$C$5001,BD!$A$3:$A$5001,K$3,BD!$B$3:$B$5001,$A$76))) | L76: =IF(L$3="","",IF(COUNTIFS(BD!$A$3:$A$5001,L$3,BD!$B$3:$B$5001,$A$76,BD!$C$3:$C$5001,"<>")=0,"",SUMIFS(BD!$C$3:$C$5001,BD!$A$3:$A$5001,L$3,BD!$B$3:$B$5001,$A$76))) | M76: =IF(M$3="","",IF(COUNTIFS(BD!$A$3:$A$5001,M$3,BD!$B$3:$B$5001,$A$76,BD!$C$3:$C$5001,"<>")=0,"",SUMIFS(BD!$C$3:$C$5001,BD!$A$3:$A$5001,M$3,BD!$B$3:$B$5001,$A$76))) | ... AJ76: =IF(AJ$3="","",IF(COUNTIFS(BD!$A$3:$A$5001,AJ$3,BD!$B$3:$B$5001,$A$76,BD!$C$3:$C$5001,"<>")=0,"",SUMIFS(BD!$C$3:$C$5001,BD!$A$3:$A$5001,AJ$3,BD!$B$3:$B$5001,$A$76))) | AK76: =IF(COUNT(F76:AJ76)=0,"",SUM(F76:AJ76))
C77: Pallets Movimentados | D77: =IFERROR(1/(1/INDEX(BD!$AF$24:$AZ$24,MATCH($A$76,BD!$AF$22:$AZ$22,0))),"") | F77: =IF(F$3="","",IF(COUNTIFS(BD!$A$3:$A$5001,F$3,BD!$B$3:$B$5001,$A$76,BD!$D$3:$D$5001,"<>")=0,"",SUMIFS(BD!$D$3:$D$5001,BD!$A$3:$A$5001,F$3,BD!$B$3:$B$5001,$A$76))) | G77: =IF(G$3="","",IF(COUNTIFS(BD!$A$3:$A$5001,G$3,BD!$B$3:$B$5001,$A$76,BD!$D$3:$D$5001,"<>")=0,"",SUMIFS(BD!$D$3:$D$5001,BD!$A$3:$A$5001,G$3,BD!$B$3:$B$5001,$A$76))) | H77: =IF(H$3="","",IF(COUNTIFS(BD!$A$3:$A$5001,H$3,BD!$B$3:$B$5001,$A$76,BD!$D$3:$D$5001,"<>")=0,"",SUMIFS(BD!$D$3:$D$5001,BD!$A$3:$A$5001,H$3,BD!$B$3:$B$5001,$A$76))) | I77: =IF(I$3="","",IF(COUNTIFS(BD!$A$3:$A$5001,I$3,BD!$B$3:$B$5001,$A$76,BD!$D$3:$D$5001,"<>")=0,"",SUMIFS(BD!$D$3:$D$5001,BD!$A$3:$A$5001,I$3,BD!$B$3:$B$5001,$A$76))) | J77: =IF(J$3="","",IF(COUNTIFS(BD!$A$3:$A$5001,J$3,BD!$B$3:$B$5001,$A$76,BD!$D$3:$D$5001,"<>")=0,"",SUMIFS(BD!$D$3:$D$5001,BD!$A$3:$A$5001,J$3,BD!$B$3:$B$5001,$A$76))) | K77: =IF(K$3="","",IF(COUNTIFS(BD!$A$3:$A$5001,K$3,BD!$B$3:$B$5001,$A$76,BD!$D$3:$D$5001,"<>")=0,"",SUMIFS(BD!$D$3:$D$5001,BD!$A$3:$A$5001,K$3,BD!$B$3:$B$5001,$A$76))) | L77: =IF(L$3="","",IF(COUNTIFS(BD!$A$3:$A$5001,L$3,BD!$B$3:$B$5001,$A$76,BD!$D$3:$D$5001,"<>")=0,"",SUMIFS(BD!$D$3:$D$5001,BD!$A$3:$A$5001,L$3,BD!$B$3:$B$5001,$A$76))) | M77: =IF(M$3="","",IF(COUNTIFS(BD!$A$3:$A$5001,M$3,BD!$B$3:$B$5001,$A$76,BD!$D$3:$D$5001,"<>")=0,"",SUMIFS(BD!$D$3:$D$5001,BD!$A$3:$A$5001,M$3,BD!$B$3:$B$5001,$A$76))) | ... AJ77: =IF(AJ$3="","",IF(COUNTIFS(BD!$A$3:$A$5001,AJ$3,BD!$B$3:$B$5001,$A$76,BD!$D$3:$D$5001,"<>")=0,"",SUMIFS(BD!$D$3:$D$5001,BD!$A$3:$A$5001,AJ$3,BD!$B$3:$B$5001,$A$76))) | AK77: =IF(COUNT(F77:AJ77)=0,"",SUM(F77:AJ77))
C78: Toneladas Movimentadas | D78: =IFERROR(1/(1/INDEX(BD!$AF$25:$AZ$25,MATCH($A$76,BD!$AF$22:$AZ$22,0))),"") | F78: =IF(F$3="","",IF(COUNTIFS(BD!$A$3:$A$5001,F$3,BD!$B$3:$B$5001,$A$76,BD!$E$3:$E$5001,"<>")=0,"",SUMIFS(BD!$E$3:$E$5001,BD!$A$3:$A$5001,F$3,BD!$B$3:$B$5001,$A$76))) | G78: =IF(G$3="","",IF(COUNTIFS(BD!$A$3:$A$5001,G$3,BD!$B$3:$B$5001,$A$76,BD!$E$3:$E$5001,"<>")=0,"",SUMIFS(BD!$E$3:$E$5001,BD!$A$3:$A$5001,G$3,BD!$B$3:$B$5001,$A$76))) | H78: =IF(H$3="","",IF(COUNTIFS(BD!$A$3:$A$5001,H$3,BD!$B$3:$B$5001,$A$76,BD!$E$3:$E$5001,"<>")=0,"",SUMIFS(BD!$E$3:$E$5001,BD!$A$3:$A$5001,H$3,BD!$B$3:$B$5001,$A$76))) | I78: =IF(I$3="","",IF(COUNTIFS(BD!$A$3:$A$5001,I$3,BD!$B$3:$B$5001,$A$76,BD!$E$3:$E$5001,"<>")=0,"",SUMIFS(BD!$E$3:$E$5001,BD!$A$3:$A$5001,I$3,BD!$B$3:$B$5001,$A$76))) | J78: =IF(J$3="","",IF(COUNTIFS(BD!$A$3:$A$5001,J$3,BD!$B$3:$B$5001,$A$76,BD!$E$3:$E$5001,"<>")=0,"",SUMIFS(BD!$E$3:$E$5001,BD!$A$3:$A$5001,J$3,BD!$B$3:$B$5001,$A$76))) | K78: =IF(K$3="","",IF(COUNTIFS(BD!$A$3:$A$5001,K$3,BD!$B$3:$B$5001,$A$76,BD!$E$3:$E$5001,"<>")=0,"",SUMIFS(BD!$E$3:$E$5001,BD!$A$3:$A$5001,K$3,BD!$B$3:$B$5001,$A$76))) | L78: =IF(L$3="","",IF(COUNTIFS(BD!$A$3:$A$5001,L$3,BD!$B$3:$B$5001,$A$76,BD!$E$3:$E$5001,"<>")=0,"",SUMIFS(BD!$E$3:$E$5001,BD!$A$3:$A$5001,L$3,BD!$B$3:$B$5001,$A$76))) | M78: =IF(M$3="","",IF(COUNTIFS(BD!$A$3:$A$5001,M$3,BD!$B$3:$B$5001,$A$76,BD!$E$3:$E$5001,"<>")=0,"",SUMIFS(BD!$E$3:$E$5001,BD!$A$3:$A$5001,M$3,BD!$B$3:$B$5001,$A$76))) | ... AJ78: =IF(AJ$3="","",IF(COUNTIFS(BD!$A$3:$A$5001,AJ$3,BD!$B$3:$B$5001,$A$76,BD!$E$3:$E$5001,"<>")=0,"",SUMIFS(BD!$E$3:$E$5001,BD!$A$3:$A$5001,AJ$3,BD!$B$3:$B$5001,$A$76))) | AK78: =IF(COUNT(F78:AJ78)=0,"",SUM(F78:AJ78))
C79: Caixas Recebidas | D79: =IFERROR(1/(1/INDEX(BD!$AF$26:$AZ$26,MATCH($A$76,BD!$AF$22:$AZ$22,0))),"") | F79: =IF(F$3="","",IF(COUNTIFS(BD!$A$3:$A$5001,F$3,BD!$B$3:$B$5001,$A$76,BD!$F$3:$F$5001,"<>")=0,"",SUMIFS(BD!$F$3:$F$5001,BD!$A$3:$A$5001,F$3,BD!$B$3:$B$5001,$A$76))) | G79: =IF(G$3="","",IF(COUNTIFS(BD!$A$3:$A$5001,G$3,BD!$B$3:$B$5001,$A$76,BD!$F$3:$F$5001,"<>")=0,"",SUMIFS(BD!$F$3:$F$5001,BD!$A$3:$A$5001,G$3,BD!$B$3:$B$5001,$A$76))) | H79: =IF(H$3="","",IF(COUNTIFS(BD!$A$3:$A$5001,H$3,BD!$B$3:$B$5001,$A$76,BD!$F$3:$F$5001,"<>")=0,"",SUMIFS(BD!$F$3:$F$5001,BD!$A$3:$A$5001,H$3,BD!$B$3:$B$5001,$A$76))) | I79: =IF(I$3="","",IF(COUNTIFS(BD!$A$3:$A$5001,I$3,BD!$B$3:$B$5001,$A$76,BD!$F$3:$F$5001,"<>")=0,"",SUMIFS(BD!$F$3:$F$5001,BD!$A$3:$A$5001,I$3,BD!$B$3:$B$5001,$A$76))) | J79: =IF(J$3="","",IF(COUNTIFS(BD!$A$3:$A$5001,J$3,BD!$B$3:$B$5001,$A$76,BD!$F$3:$F$5001,"<>")=0,"",SUMIFS(BD!$F$3:$F$5001,BD!$A$3:$A$5001,J$3,BD!$B$3:$B$5001,$A$76))) | K79: =IF(K$3="","",IF(COUNTIFS(BD!$A$3:$A$5001,K$3,BD!$B$3:$B$5001,$A$76,BD!$F$3:$F$5001,"<>")=0,"",SUMIFS(BD!$F$3:$F$5001,BD!$A$3:$A$5001,K$3,BD!$B$3:$B$5001,$A$76))) | L79: =IF(L$3="","",IF(COUNTIFS(BD!$A$3:$A$5001,L$3,BD!$B$3:$B$5001,$A$76,BD!$F$3:$F$5001,"<>")=0,"",SUMIFS(BD!$F$3:$F$5001,BD!$A$3:$A$5001,L$3,BD!$B$3:$B$5001,$A$76))) | M79: =IF(M$3="","",IF(COUNTIFS(BD!$A$3:$A$5001,M$3,BD!$B$3:$B$5001,$A$76,BD!$F$3:$F$5001,"<>")=0,"",SUMIFS(BD!$F$3:$F$5001,BD!$A$3:$A$5001,M$3,BD!$B$3:$B$5001,$A$76))) | ... AJ79: =IF(AJ$3="","",IF(COUNTIFS(BD!$A$3:$A$5001,AJ$3,BD!$B$3:$B$5001,$A$76,BD!$F$3:$F$5001,"<>")=0,"",SUMIFS(BD!$F$3:$F$5001,BD!$A$3:$A$5001,AJ$3,BD!$B$3:$B$5001,$A$76))) | AK79: =IF(COUNT(F79:AJ79)=0,"",SUM(F79:AJ79))
B80: OUT | C80: Veículos Expedidos | D80: =IFERROR(1/(1/INDEX(BD!$AF$28:$AZ$28,MATCH($A$76,BD!$AF$22:$AZ$22,0))),"") | F80: =IF(F$3="","",IF(COUNTIFS(BD!$A$3:$A$5001,F$3,BD!$B$3:$B$5001,$A$76,BD!$H$3:$H$5001,"<>")=0,"",SUMIFS(BD!$H$3:$H$5001,BD!$A$3:$A$5001,F$3,BD!$B$3:$B$5001,$A$76))) | G80: =IF(G$3="","",IF(COUNTIFS(BD!$A$3:$A$5001,G$3,BD!$B$3:$B$5001,$A$76,BD!$H$3:$H$5001,"<>")=0,"",SUMIFS(BD!$H$3:$H$5001,BD!$A$3:$A$5001,G$3,BD!$B$3:$B$5001,$A$76))) | H80: =IF(H$3="","",IF(COUNTIFS(BD!$A$3:$A$5001,H$3,BD!$B$3:$B$5001,$A$76,BD!$H$3:$H$5001,"<>")=0,"",SUMIFS(BD!$H$3:$H$5001,BD!$A$3:$A$5001,H$3,BD!$B$3:$B$5001,$A$76))) | I80: =IF(I$3="","",IF(COUNTIFS(BD!$A$3:$A$5001,I$3,BD!$B$3:$B$5001,$A$76,BD!$H$3:$H$5001,"<>")=0,"",SUMIFS(BD!$H$3:$H$5001,BD!$A$3:$A$5001,I$3,BD!$B$3:$B$5001,$A$76))) | J80: =IF(J$3="","",IF(COUNTIFS(BD!$A$3:$A$5001,J$3,BD!$B$3:$B$5001,$A$76,BD!$H$3:$H$5001,"<>")=0,"",SUMIFS(BD!$H$3:$H$5001,BD!$A$3:$A$5001,J$3,BD!$B$3:$B$5001,$A$76))) | K80: =IF(K$3="","",IF(COUNTIFS(BD!$A$3:$A$5001,K$3,BD!$B$3:$B$5001,$A$76,BD!$H$3:$H$5001,"<>")=0,"",SUMIFS(BD!$H$3:$H$5001,BD!$A$3:$A$5001,K$3,BD!$B$3:$B$5001,$A$76))) | L80: =IF(L$3="","",IF(COUNTIFS(BD!$A$3:$A$5001,L$3,BD!$B$3:$B$5001,$A$76,BD!$H$3:$H$5001,"<>")=0,"",SUMIFS(BD!$H$3:$H$5001,BD!$A$3:$A$5001,L$3,BD!$B$3:$B$5001,$A$76))) | M80: =IF(M$3="","",IF(COUNTIFS(BD!$A$3:$A$5001,M$3,BD!$B$3:$B$5001,$A$76,BD!$H$3:$H$5001,"<>")=0,"",SUMIFS(BD!$H$3:$H$5001,BD!$A$3:$A$5001,M$3,BD!$B$3:$B$5001,$A$76))) | ... AJ80: =IF(AJ$3="","",IF(COUNTIFS(BD!$A$3:$A$5001,AJ$3,BD!$B$3:$B$5001,$A$76,BD!$H$3:$H$5001,"<>")=0,"",SUMIFS(BD!$H$3:$H$5001,BD!$A$3:$A$5001,AJ$3,BD!$B$3:$B$5001,$A$76))) | AK80: =IF(COUNT(F80:AJ80)=0,"",SUM(F80:AJ80))
C81: Pallets Movimentados | D81: =IFERROR(1/(1/INDEX(BD!$AF$29:$AZ$29,MATCH($A$76,BD!$AF$22:$AZ$22,0))),"") | F81: =IF(F$3="","",IF(COUNTIFS(BD!$A$3:$A$5001,F$3,BD!$B$3:$B$5001,$A$76,BD!$I$3:$I$5001,"<>")=0,"",SUMIFS(BD!$I$3:$I$5001,BD!$A$3:$A$5001,F$3,BD!$B$3:$B$5001,$A$76))) | G81: =IF(G$3="","",IF(COUNTIFS(BD!$A$3:$A$5001,G$3,BD!$B$3:$B$5001,$A$76,BD!$I$3:$I$5001,"<>")=0,"",SUMIFS(BD!$I$3:$I$5001,BD!$A$3:$A$5001,G$3,BD!$B$3:$B$5001,$A$76))) | H81: =IF(H$3="","",IF(COUNTIFS(BD!$A$3:$A$5001,H$3,BD!$B$3:$B$5001,$A$76,BD!$I$3:$I$5001,"<>")=0,"",SUMIFS(BD!$I$3:$I$5001,BD!$A$3:$A$5001,H$3,BD!$B$3:$B$5001,$A$76))) | I81: =IF(I$3="","",IF(COUNTIFS(BD!$A$3:$A$5001,I$3,BD!$B$3:$B$5001,$A$76,BD!$I$3:$I$5001,"<>")=0,"",SUMIFS(BD!$I$3:$I$5001,BD!$A$3:$A$5001,I$3,BD!$B$3:$B$5001,$A$76))) | J81: =IF(J$3="","",IF(COUNTIFS(BD!$A$3:$A$5001,J$3,BD!$B$3:$B$5001,$A$76,BD!$I$3:$I$5001,"<>")=0,"",SUMIFS(BD!$I$3:$I$5001,BD!$A$3:$A$5001,J$3,BD!$B$3:$B$5001,$A$76))) | K81: =IF(K$3="","",IF(COUNTIFS(BD!$A$3:$A$5001,K$3,BD!$B$3:$B$5001,$A$76,BD!$I$3:$I$5001,"<>")=0,"",SUMIFS(BD!$I$3:$I$5001,BD!$A$3:$A$5001,K$3,BD!$B$3:$B$5001,$A$76))) | L81: =IF(L$3="","",IF(COUNTIFS(BD!$A$3:$A$5001,L$3,BD!$B$3:$B$5001,$A$76,BD!$I$3:$I$5001,"<>")=0,"",SUMIFS(BD!$I$3:$I$5001,BD!$A$3:$A$5001,L$3,BD!$B$3:$B$5001,$A$76))) | M81: =IF(M$3="","",IF(COUNTIFS(BD!$A$3:$A$5001,M$3,BD!$B$3:$B$5001,$A$76,BD!$I$3:$I$5001,"<>")=0,"",SUMIFS(BD!$I$3:$I$5001,BD!$A$3:$A$5001,M$3,BD!$B$3:$B$5001,$A$76))) | ... AJ81: =IF(AJ$3="","",IF(COUNTIFS(BD!$A$3:$A$5001,AJ$3,BD!$B$3:$B$5001,$A$76,BD!$I$3:$I$5001,"<>")=0,"",SUMIFS(BD!$I$3:$I$5001,BD!$A$3:$A$5001,AJ$3,BD!$B$3:$B$5001,$A$76))) | AK81: =IF(COUNT(F81:AJ81)=0,"",SUM(F81:AJ81))
C82: Toneladas Movimentadas | D82: =IFERROR(1/(1/INDEX(BD!$AF$30:$AZ$30,MATCH($A$76,BD!$AF$22:$AZ$22,0))),"") | F82: =IF(F$3="","",IF(COUNTIFS(BD!$A$3:$A$5001,F$3,BD!$B$3:$B$5001,$A$76,BD!$J$3:$J$5001,"<>")=0,"",SUMIFS(BD!$J$3:$J$5001,BD!$A$3:$A$5001,F$3,BD!$B$3:$B$5001,$A$76))) | G82: =IF(G$3="","",IF(COUNTIFS(BD!$A$3:$A$5001,G$3,BD!$B$3:$B$5001,$A$76,BD!$J$3:$J$5001,"<>")=0,"",SUMIFS(BD!$J$3:$J$5001,BD!$A$3:$A$5001,G$3,BD!$B$3:$B$5001,$A$76))) | H82: =IF(H$3="","",IF(COUNTIFS(BD!$A$3:$A$5001,H$3,BD!$B$3:$B$5001,$A$76,BD!$J$3:$J$5001,"<>")=0,"",SUMIFS(BD!$J$3:$J$5001,BD!$A$3:$A$5001,H$3,BD!$B$3:$B$5001,$A$76))) | I82: =IF(I$3="","",IF(COUNTIFS(BD!$A$3:$A$5001,I$3,BD!$B$3:$B$5001,$A$76,BD!$J$3:$J$5001,"<>")=0,"",SUMIFS(BD!$J$3:$J$5001,BD!$A$3:$A$5001,I$3,BD!$B$3:$B$5001,$A$76))) | J82: =IF(J$3="","",IF(COUNTIFS(BD!$A$3:$A$5001,J$3,BD!$B$3:$B$5001,$A$76,BD!$J$3:$J$5001,"<>")=0,"",SUMIFS(BD!$J$3:$J$5001,BD!$A$3:$A$5001,J$3,BD!$B$3:$B$5001,$A$76))) | K82: =IF(K$3="","",IF(COUNTIFS(BD!$A$3:$A$5001,K$3,BD!$B$3:$B$5001,$A$76,BD!$J$3:$J$5001,"<>")=0,"",SUMIFS(BD!$J$3:$J$5001,BD!$A$3:$A$5001,K$3,BD!$B$3:$B$5001,$A$76))) | L82: =IF(L$3="","",IF(COUNTIFS(BD!$A$3:$A$5001,L$3,BD!$B$3:$B$5001,$A$76,BD!$J$3:$J$5001,"<>")=0,"",SUMIFS(BD!$J$3:$J$5001,BD!$A$3:$A$5001,L$3,BD!$B$3:$B$5001,$A$76))) | M82: =IF(M$3="","",IF(COUNTIFS(BD!$A$3:$A$5001,M$3,BD!$B$3:$B$5001,$A$76,BD!$J$3:$J$5001,"<>")=0,"",SUMIFS(BD!$J$3:$J$5001,BD!$A$3:$A$5001,M$3,BD!$B$3:$B$5001,$A$76))) | ... AJ82: =IF(AJ$3="","",IF(COUNTIFS(BD!$A$3:$A$5001,AJ$3,BD!$B$3:$B$5001,$A$76,BD!$J$3:$J$5001,"<>")=0,"",SUMIFS(BD!$J$3:$J$5001,BD!$A$3:$A$5001,AJ$3,BD!$B$3:$B$5001,$A$76))) | AK82: =IF(COUNT(F82:AJ82)=0,"",SUM(F82:AJ82))
C83: Caixas Expedidas | D83: =IFERROR(1/(1/INDEX(BD!$AF$31:$AZ$31,MATCH($A$76,BD!$AF$22:$AZ$22,0))),"") | F83: =IF(F$3="","",IF(COUNTIFS(BD!$A$3:$A$5001,F$3,BD!$B$3:$B$5001,$A$76,BD!$K$3:$K$5001,"<>")=0,"",SUMIFS(BD!$K$3:$K$5001,BD!$A$3:$A$5001,F$3,BD!$B$3:$B$5001,$A$76))) | G83: =IF(G$3="","",IF(COUNTIFS(BD!$A$3:$A$5001,G$3,BD!$B$3:$B$5001,$A$76,BD!$K$3:$K$5001,"<>")=0,"",SUMIFS(BD!$K$3:$K$5001,BD!$A$3:$A$5001,G$3,BD!$B$3:$B$5001,$A$76))) | H83: =IF(H$3="","",IF(COUNTIFS(BD!$A$3:$A$5001,H$3,BD!$B$3:$B$5001,$A$76,BD!$K$3:$K$5001,"<>")=0,"",SUMIFS(BD!$K$3:$K$5001,BD!$A$3:$A$5001,H$3,BD!$B$3:$B$5001,$A$76))) | I83: =IF(I$3="","",IF(COUNTIFS(BD!$A$3:$A$5001,I$3,BD!$B$3:$B$5001,$A$76,BD!$K$3:$K$5001,"<>")=0,"",SUMIFS(BD!$K$3:$K$5001,BD!$A$3:$A$5001,I$3,BD!$B$3:$B$5001,$A$76))) | J83: =IF(J$3="","",IF(COUNTIFS(BD!$A$3:$A$5001,J$3,BD!$B$3:$B$5001,$A$76,BD!$K$3:$K$5001,"<>")=0,"",SUMIFS(BD!$K$3:$K$5001,BD!$A$3:$A$5001,J$3,BD!$B$3:$B$5001,$A$76))) | K83: =IF(K$3="","",IF(COUNTIFS(BD!$A$3:$A$5001,K$3,BD!$B$3:$B$5001,$A$76,BD!$K$3:$K$5001,"<>")=0,"",SUMIFS(BD!$K$3:$K$5001,BD!$A$3:$A$5001,K$3,BD!$B$3:$B$5001,$A$76))) | L83: =IF(L$3="","",IF(COUNTIFS(BD!$A$3:$A$5001,L$3,BD!$B$3:$B$5001,$A$76,BD!$K$3:$K$5001,"<>")=0,"",SUMIFS(BD!$K$3:$K$5001,BD!$A$3:$A$5001,L$3,BD!$B$3:$B$5001,$A$76))) | M83: =IF(M$3="","",IF(COUNTIFS(BD!$A$3:$A$5001,M$3,BD!$B$3:$B$5001,$A$76,BD!$K$3:$K$5001,"<>")=0,"",SUMIFS(BD!$K$3:$K$5001,BD!$A$3:$A$5001,M$3,BD!$B$3:$B$5001,$A$76))) | ... AJ83: =IF(AJ$3="","",IF(COUNTIFS(BD!$A$3:$A$5001,AJ$3,BD!$B$3:$B$5001,$A$76,BD!$K$3:$K$5001,"<>")=0,"",SUMIFS(BD!$K$3:$K$5001,BD!$A$3:$A$5001,AJ$3,BD!$B$3:$B$5001,$A$76))) | AK83: =IF(COUNT(F83:AJ83)=0,"",SUM(F83:AJ83))
C84: Pedidos Faturados | D84: =IFERROR(1/(1/INDEX(BD!$AF$32:$AZ$32,MATCH($A$76,BD!$AF$22:$AZ$22,0))),"") | F84: =IF(F$3="","",IF(COUNTIFS(BD!$A$3:$A$5001,F$3,BD!$B$3:$B$5001,$A$76,BD!$L$3:$L$5001,"<>")=0,"",SUMIFS(BD!$L$3:$L$5001,BD!$A$3:$A$5001,F$3,BD!$B$3:$B$5001,$A$76))) | G84: =IF(G$3="","",IF(COUNTIFS(BD!$A$3:$A$5001,G$3,BD!$B$3:$B$5001,$A$76,BD!$L$3:$L$5001,"<>")=0,"",SUMIFS(BD!$L$3:$L$5001,BD!$A$3:$A$5001,G$3,BD!$B$3:$B$5001,$A$76))) | H84: =IF(H$3="","",IF(COUNTIFS(BD!$A$3:$A$5001,H$3,BD!$B$3:$B$5001,$A$76,BD!$L$3:$L$5001,"<>")=0,"",SUMIFS(BD!$L$3:$L$5001,BD!$A$3:$A$5001,H$3,BD!$B$3:$B$5001,$A$76))) | I84: =IF(I$3="","",IF(COUNTIFS(BD!$A$3:$A$5001,I$3,BD!$B$3:$B$5001,$A$76,BD!$L$3:$L$5001,"<>")=0,"",SUMIFS(BD!$L$3:$L$5001,BD!$A$3:$A$5001,I$3,BD!$B$3:$B$5001,$A$76))) | J84: =IF(J$3="","",IF(COUNTIFS(BD!$A$3:$A$5001,J$3,BD!$B$3:$B$5001,$A$76,BD!$L$3:$L$5001,"<>")=0,"",SUMIFS(BD!$L$3:$L$5001,BD!$A$3:$A$5001,J$3,BD!$B$3:$B$5001,$A$76))) | K84: =IF(K$3="","",IF(COUNTIFS(BD!$A$3:$A$5001,K$3,BD!$B$3:$B$5001,$A$76,BD!$L$3:$L$5001,"<>")=0,"",SUMIFS(BD!$L$3:$L$5001,BD!$A$3:$A$5001,K$3,BD!$B$3:$B$5001,$A$76))) | L84: =IF(L$3="","",IF(COUNTIFS(BD!$A$3:$A$5001,L$3,BD!$B$3:$B$5001,$A$76,BD!$L$3:$L$5001,"<>")=0,"",SUMIFS(BD!$L$3:$L$5001,BD!$A$3:$A$5001,L$3,BD!$B$3:$B$5001,$A$76))) | M84: =IF(M$3="","",IF(COUNTIFS(BD!$A$3:$A$5001,M$3,BD!$B$3:$B$5001,$A$76,BD!$L$3:$L$5001,"<>")=0,"",SUMIFS(BD!$L$3:$L$5001,BD!$A$3:$A$5001,M$3,BD!$B$3:$B$5001,$A$76))) | ... AJ84: =IF(AJ$3="","",IF(COUNTIFS(BD!$A$3:$A$5001,AJ$3,BD!$B$3:$B$5001,$A$76,BD!$L$3:$L$5001,"<>")=0,"",SUMIFS(BD!$L$3:$L$5001,BD!$A$3:$A$5001,AJ$3,BD!$B$3:$B$5001,$A$76))) | AK84: =IF(COUNT(F84:AJ84)=0,"",SUM(F84:AJ84))
B85: NC | C85: Incidentes | D85: =IFERROR(1/(1/INDEX(BD!$AF$34:$AZ$34,MATCH($A$76,BD!$AF$22:$AZ$22,0))),"") | F85: =IF(F$3="","",IF(COUNTIFS(BD!$A$3:$A$5001,F$3,BD!$B$3:$B$5001,$A$76,BD!$N$3:$N$5001,"<>")=0,"",SUMIFS(BD!$N$3:$N$5001,BD!$A$3:$A$5001,F$3,BD!$B$3:$B$5001,$A$76))) | G85: =IF(G$3="","",IF(COUNTIFS(BD!$A$3:$A$5001,G$3,BD!$B$3:$B$5001,$A$76,BD!$N$3:$N$5001,"<>")=0,"",SUMIFS(BD!$N$3:$N$5001,BD!$A$3:$A$5001,G$3,BD!$B$3:$B$5001,$A$76))) | H85: =IF(H$3="","",IF(COUNTIFS(BD!$A$3:$A$5001,H$3,BD!$B$3:$B$5001,$A$76,BD!$N$3:$N$5001,"<>")=0,"",SUMIFS(BD!$N$3:$N$5001,BD!$A$3:$A$5001,H$3,BD!$B$3:$B$5001,$A$76))) | I85: =IF(I$3="","",IF(COUNTIFS(BD!$A$3:$A$5001,I$3,BD!$B$3:$B$5001,$A$76,BD!$N$3:$N$5001,"<>")=0,"",SUMIFS(BD!$N$3:$N$5001,BD!$A$3:$A$5001,I$3,BD!$B$3:$B$5001,$A$76))) | J85: =IF(J$3="","",IF(COUNTIFS(BD!$A$3:$A$5001,J$3,BD!$B$3:$B$5001,$A$76,BD!$N$3:$N$5001,"<>")=0,"",SUMIFS(BD!$N$3:$N$5001,BD!$A$3:$A$5001,J$3,BD!$B$3:$B$5001,$A$76))) | K85: =IF(K$3="","",IF(COUNTIFS(BD!$A$3:$A$5001,K$3,BD!$B$3:$B$5001,$A$76,BD!$N$3:$N$5001,"<>")=0,"",SUMIFS(BD!$N$3:$N$5001,BD!$A$3:$A$5001,K$3,BD!$B$3:$B$5001,$A$76))) | L85: =IF(L$3="","",IF(COUNTIFS(BD!$A$3:$A$5001,L$3,BD!$B$3:$B$5001,$A$76,BD!$N$3:$N$5001,"<>")=0,"",SUMIFS(BD!$N$3:$N$5001,BD!$A$3:$A$5001,L$3,BD!$B$3:$B$5001,$A$76))) | M85: =IF(M$3="","",IF(COUNTIFS(BD!$A$3:$A$5001,M$3,BD!$B$3:$B$5001,$A$76,BD!$N$3:$N$5001,"<>")=0,"",SUMIFS(BD!$N$3:$N$5001,BD!$A$3:$A$5001,M$3,BD!$B$3:$B$5001,$A$76))) | ... AJ85: =IF(AJ$3="","",IF(COUNTIFS(BD!$A$3:$A$5001,AJ$3,BD!$B$3:$B$5001,$A$76,BD!$N$3:$N$5001,"<>")=0,"",SUMIFS(BD!$N$3:$N$5001,BD!$A$3:$A$5001,AJ$3,BD!$B$3:$B$5001,$A$76))) | AK85: =IF(COUNT(F85:AJ85)=0,"",SUM(F85:AJ85))
C86: No show | D86: =IFERROR(1/(1/INDEX(BD!$AF$35:$AZ$35,MATCH($A$76,BD!$AF$22:$AZ$22,0))),"") | F86: =IF(F$3="","",IF(COUNTIFS(BD!$A$3:$A$5001,F$3,BD!$B$3:$B$5001,$A$76,BD!$O$3:$O$5001,"<>")=0,"",SUMIFS(BD!$O$3:$O$5001,BD!$A$3:$A$5001,F$3,BD!$B$3:$B$5001,$A$76))) | G86: =IF(G$3="","",IF(COUNTIFS(BD!$A$3:$A$5001,G$3,BD!$B$3:$B$5001,$A$76,BD!$O$3:$O$5001,"<>")=0,"",SUMIFS(BD!$O$3:$O$5001,BD!$A$3:$A$5001,G$3,BD!$B$3:$B$5001,$A$76))) | H86: =IF(H$3="","",IF(COUNTIFS(BD!$A$3:$A$5001,H$3,BD!$B$3:$B$5001,$A$76,BD!$O$3:$O$5001,"<>")=0,"",SUMIFS(BD!$O$3:$O$5001,BD!$A$3:$A$5001,H$3,BD!$B$3:$B$5001,$A$76))) | I86: =IF(I$3="","",IF(COUNTIFS(BD!$A$3:$A$5001,I$3,BD!$B$3:$B$5001,$A$76,BD!$O$3:$O$5001,"<>")=0,"",SUMIFS(BD!$O$3:$O$5001,BD!$A$3:$A$5001,I$3,BD!$B$3:$B$5001,$A$76))) | J86: =IF(J$3="","",IF(COUNTIFS(BD!$A$3:$A$5001,J$3,BD!$B$3:$B$5001,$A$76,BD!$O$3:$O$5001,"<>")=0,"",SUMIFS(BD!$O$3:$O$5001,BD!$A$3:$A$5001,J$3,BD!$B$3:$B$5001,$A$76))) | K86: =IF(K$3="","",IF(COUNTIFS(BD!$A$3:$A$5001,K$3,BD!$B$3:$B$5001,$A$76,BD!$O$3:$O$5001,"<>")=0,"",SUMIFS(BD!$O$3:$O$5001,BD!$A$3:$A$5001,K$3,BD!$B$3:$B$5001,$A$76))) | L86: =IF(L$3="","",IF(COUNTIFS(BD!$A$3:$A$5001,L$3,BD!$B$3:$B$5001,$A$76,BD!$O$3:$O$5001,"<>")=0,"",SUMIFS(BD!$O$3:$O$5001,BD!$A$3:$A$5001,L$3,BD!$B$3:$B$5001,$A$76))) | M86: =IF(M$3="","",IF(COUNTIFS(BD!$A$3:$A$5001,M$3,BD!$B$3:$B$5001,$A$76,BD!$O$3:$O$5001,"<>")=0,"",SUMIFS(BD!$O$3:$O$5001,BD!$A$3:$A$5001,M$3,BD!$B$3:$B$5001,$A$76))) | ... AJ86: =IF(AJ$3="","",IF(COUNTIFS(BD!$A$3:$A$5001,AJ$3,BD!$B$3:$B$5001,$A$76,BD!$O$3:$O$5001,"<>")=0,"",SUMIFS(BD!$O$3:$O$5001,BD!$A$3:$A$5001,AJ$3,BD!$B$3:$B$5001,$A$76))) | AK86: =IF(COUNT(F86:AJ86)=0,"",SUM(F86:AJ86))
C87: Backlog Intralog | D87: =IFERROR(1/(1/INDEX(BD!$AF$36:$AZ$36,MATCH($A$76,BD!$AF$22:$AZ$22,0))),"") | F87: =IF(F$3="","",IF(COUNTIFS(BD!$A$3:$A$5001,F$3,BD!$B$3:$B$5001,$A$76,BD!$P$3:$P$5001,"<>")=0,"",SUMIFS(BD!$P$3:$P$5001,BD!$A$3:$A$5001,F$3,BD!$B$3:$B$5001,$A$76))) | G87: =IF(G$3="","",IF(COUNTIFS(BD!$A$3:$A$5001,G$3,BD!$B$3:$B$5001,$A$76,BD!$P$3:$P$5001,"<>")=0,"",SUMIFS(BD!$P$3:$P$5001,BD!$A$3:$A$5001,G$3,BD!$B$3:$B$5001,$A$76))) | H87: =IF(H$3="","",IF(COUNTIFS(BD!$A$3:$A$5001,H$3,BD!$B$3:$B$5001,$A$76,BD!$P$3:$P$5001,"<>")=0,"",SUMIFS(BD!$P$3:$P$5001,BD!$A$3:$A$5001,H$3,BD!$B$3:$B$5001,$A$76))) | I87: =IF(I$3="","",IF(COUNTIFS(BD!$A$3:$A$5001,I$3,BD!$B$3:$B$5001,$A$76,BD!$P$3:$P$5001,"<>")=0,"",SUMIFS(BD!$P$3:$P$5001,BD!$A$3:$A$5001,I$3,BD!$B$3:$B$5001,$A$76))) | J87: =IF(J$3="","",IF(COUNTIFS(BD!$A$3:$A$5001,J$3,BD!$B$3:$B$5001,$A$76,BD!$P$3:$P$5001,"<>")=0,"",SUMIFS(BD!$P$3:$P$5001,BD!$A$3:$A$5001,J$3,BD!$B$3:$B$5001,$A$76))) | K87: =IF(K$3="","",IF(COUNTIFS(BD!$A$3:$A$5001,K$3,BD!$B$3:$B$5001,$A$76,BD!$P$3:$P$5001,"<>")=0,"",SUMIFS(BD!$P$3:$P$5001,BD!$A$3:$A$5001,K$3,BD!$B$3:$B$5001,$A$76))) | L87: =IF(L$3="","",IF(COUNTIFS(BD!$A$3:$A$5001,L$3,BD!$B$3:$B$5001,$A$76,BD!$P$3:$P$5001,"<>")=0,"",SUMIFS(BD!$P$3:$P$5001,BD!$A$3:$A$5001,L$3,BD!$B$3:$B$5001,$A$76))) | M87: =IF(M$3="","",IF(COUNTIFS(BD!$A$3:$A$5001,M$3,BD!$B$3:$B$5001,$A$76,BD!$P$3:$P$5001,"<>")=0,"",SUMIFS(BD!$P$3:$P$5001,BD!$A$3:$A$5001,M$3,BD!$B$3:$B$5001,$A$76))) | ... AJ87: =IF(AJ$3="","",IF(COUNTIFS(BD!$A$3:$A$5001,AJ$3,BD!$B$3:$B$5001,$A$76,BD!$P$3:$P$5001,"<>")=0,"",SUMIFS(BD!$P$3:$P$5001,BD!$A$3:$A$5001,AJ$3,BD!$B$3:$B$5001,$A$76))) | AK87: =IFERROR(LOOKUP(9.99E+307,F87:AJ87),"")
C88: Backlog Cliente | D88: =IFERROR(1/(1/INDEX(BD!$AF$37:$AZ$37,MATCH($A$76,BD!$AF$22:$AZ$22,0))),"") | F88: =IF(F$3="","",IF(COUNTIFS(BD!$A$3:$A$5001,F$3,BD!$B$3:$B$5001,$A$76,BD!$Q$3:$Q$5001,"<>")=0,"",SUMIFS(BD!$Q$3:$Q$5001,BD!$A$3:$A$5001,F$3,BD!$B$3:$B$5001,$A$76))) | G88: =IF(G$3="","",IF(COUNTIFS(BD!$A$3:$A$5001,G$3,BD!$B$3:$B$5001,$A$76,BD!$Q$3:$Q$5001,"<>")=0,"",SUMIFS(BD!$Q$3:$Q$5001,BD!$A$3:$A$5001,G$3,BD!$B$3:$B$5001,$A$76))) | H88: =IF(H$3="","",IF(COUNTIFS(BD!$A$3:$A$5001,H$3,BD!$B$3:$B$5001,$A$76,BD!$Q$3:$Q$5001,"<>")=0,"",SUMIFS(BD!$Q$3:$Q$5001,BD!$A$3:$A$5001,H$3,BD!$B$3:$B$5001,$A$76))) | I88: =IF(I$3="","",IF(COUNTIFS(BD!$A$3:$A$5001,I$3,BD!$B$3:$B$5001,$A$76,BD!$Q$3:$Q$5001,"<>")=0,"",SUMIFS(BD!$Q$3:$Q$5001,BD!$A$3:$A$5001,I$3,BD!$B$3:$B$5001,$A$76))) | J88: =IF(J$3="","",IF(COUNTIFS(BD!$A$3:$A$5001,J$3,BD!$B$3:$B$5001,$A$76,BD!$Q$3:$Q$5001,"<>")=0,"",SUMIFS(BD!$Q$3:$Q$5001,BD!$A$3:$A$5001,J$3,BD!$B$3:$B$5001,$A$76))) | K88: =IF(K$3="","",IF(COUNTIFS(BD!$A$3:$A$5001,K$3,BD!$B$3:$B$5001,$A$76,BD!$Q$3:$Q$5001,"<>")=0,"",SUMIFS(BD!$Q$3:$Q$5001,BD!$A$3:$A$5001,K$3,BD!$B$3:$B$5001,$A$76))) | L88: =IF(L$3="","",IF(COUNTIFS(BD!$A$3:$A$5001,L$3,BD!$B$3:$B$5001,$A$76,BD!$Q$3:$Q$5001,"<>")=0,"",SUMIFS(BD!$Q$3:$Q$5001,BD!$A$3:$A$5001,L$3,BD!$B$3:$B$5001,$A$76))) | M88: =IF(M$3="","",IF(COUNTIFS(BD!$A$3:$A$5001,M$3,BD!$B$3:$B$5001,$A$76,BD!$Q$3:$Q$5001,"<>")=0,"",SUMIFS(BD!$Q$3:$Q$5001,BD!$A$3:$A$5001,M$3,BD!$B$3:$B$5001,$A$76))) | ... AJ88: =IF(AJ$3="","",IF(COUNTIFS(BD!$A$3:$A$5001,AJ$3,BD!$B$3:$B$5001,$A$76,BD!$Q$3:$Q$5001,"<>")=0,"",SUMIFS(BD!$Q$3:$Q$5001,BD!$A$3:$A$5001,AJ$3,BD!$B$3:$B$5001,$A$76))) | AK88: =IFERROR(LOOKUP(9.99E+307,F88:AJ88),"")
B89: OCUPAÇÃO (P.P) | C89: Posições Ocupadas | D89: =IFERROR(1/(1/INDEX(BD!$AF$39:$AZ$39,MATCH($A$76,BD!$AF$22:$AZ$22,0))),"") | F89: =IF(F$3="","",IF(COUNTIFS(BD!$A$3:$A$5001,F$3,BD!$B$3:$B$5001,$A$76,BD!$S$3:$S$5001,"<>")=0,"",SUMIFS(BD!$S$3:$S$5001,BD!$A$3:$A$5001,F$3,BD!$B$3:$B$5001,$A$76))) | G89: =IF(G$3="","",IF(COUNTIFS(BD!$A$3:$A$5001,G$3,BD!$B$3:$B$5001,$A$76,BD!$S$3:$S$5001,"<>")=0,"",SUMIFS(BD!$S$3:$S$5001,BD!$A$3:$A$5001,G$3,BD!$B$3:$B$5001,$A$76))) | H89: =IF(H$3="","",IF(COUNTIFS(BD!$A$3:$A$5001,H$3,BD!$B$3:$B$5001,$A$76,BD!$S$3:$S$5001,"<>")=0,"",SUMIFS(BD!$S$3:$S$5001,BD!$A$3:$A$5001,H$3,BD!$B$3:$B$5001,$A$76))) | I89: =IF(I$3="","",IF(COUNTIFS(BD!$A$3:$A$5001,I$3,BD!$B$3:$B$5001,$A$76,BD!$S$3:$S$5001,"<>")=0,"",SUMIFS(BD!$S$3:$S$5001,BD!$A$3:$A$5001,I$3,BD!$B$3:$B$5001,$A$76))) | J89: =IF(J$3="","",IF(COUNTIFS(BD!$A$3:$A$5001,J$3,BD!$B$3:$B$5001,$A$76,BD!$S$3:$S$5001,"<>")=0,"",SUMIFS(BD!$S$3:$S$5001,BD!$A$3:$A$5001,J$3,BD!$B$3:$B$5001,$A$76))) | K89: =IF(K$3="","",IF(COUNTIFS(BD!$A$3:$A$5001,K$3,BD!$B$3:$B$5001,$A$76,BD!$S$3:$S$5001,"<>")=0,"",SUMIFS(BD!$S$3:$S$5001,BD!$A$3:$A$5001,K$3,BD!$B$3:$B$5001,$A$76))) | L89: =IF(L$3="","",IF(COUNTIFS(BD!$A$3:$A$5001,L$3,BD!$B$3:$B$5001,$A$76,BD!$S$3:$S$5001,"<>")=0,"",SUMIFS(BD!$S$3:$S$5001,BD!$A$3:$A$5001,L$3,BD!$B$3:$B$5001,$A$76))) | M89: =IF(M$3="","",IF(COUNTIFS(BD!$A$3:$A$5001,M$3,BD!$B$3:$B$5001,$A$76,BD!$S$3:$S$5001,"<>")=0,"",SUMIFS(BD!$S$3:$S$5001,BD!$A$3:$A$5001,M$3,BD!$B$3:$B$5001,$A$76))) | ... AJ89: =IF(AJ$3="","",IF(COUNTIFS(BD!$A$3:$A$5001,AJ$3,BD!$B$3:$B$5001,$A$76,BD!$S$3:$S$5001,"<>")=0,"",SUMIFS(BD!$S$3:$S$5001,BD!$A$3:$A$5001,AJ$3,BD!$B$3:$B$5001,$A$76))) | AK89: =IFERROR(LOOKUP(9.99E+307,F89:AJ89),"")
B90: GENTE | C90: Efetivo Op. | D90: =IFERROR(1/(1/INDEX(BD!$AF$41:$AZ$41,MATCH($A$76,BD!$AF$22:$AZ$22,0))),"") | F90: =IF(F$3="","",IF(COUNTIFS(BD!$A$3:$A$5001,F$3,BD!$B$3:$B$5001,$A$76,BD!$T$3:$T$5001,"<>")=0,"",SUMIFS(BD!$T$3:$T$5001,BD!$A$3:$A$5001,F$3,BD!$B$3:$B$5001,$A$76))) | G90: =IF(G$3="","",IF(COUNTIFS(BD!$A$3:$A$5001,G$3,BD!$B$3:$B$5001,$A$76,BD!$T$3:$T$5001,"<>")=0,"",SUMIFS(BD!$T$3:$T$5001,BD!$A$3:$A$5001,G$3,BD!$B$3:$B$5001,$A$76))) | H90: =IF(H$3="","",IF(COUNTIFS(BD!$A$3:$A$5001,H$3,BD!$B$3:$B$5001,$A$76,BD!$T$3:$T$5001,"<>")=0,"",SUMIFS(BD!$T$3:$T$5001,BD!$A$3:$A$5001,H$3,BD!$B$3:$B$5001,$A$76))) | I90: =IF(I$3="","",IF(COUNTIFS(BD!$A$3:$A$5001,I$3,BD!$B$3:$B$5001,$A$76,BD!$T$3:$T$5001,"<>")=0,"",SUMIFS(BD!$T$3:$T$5001,BD!$A$3:$A$5001,I$3,BD!$B$3:$B$5001,$A$76))) | J90: =IF(J$3="","",IF(COUNTIFS(BD!$A$3:$A$5001,J$3,BD!$B$3:$B$5001,$A$76,BD!$T$3:$T$5001,"<>")=0,"",SUMIFS(BD!$T$3:$T$5001,BD!$A$3:$A$5001,J$3,BD!$B$3:$B$5001,$A$76))) | K90: =IF(K$3="","",IF(COUNTIFS(BD!$A$3:$A$5001,K$3,BD!$B$3:$B$5001,$A$76,BD!$T$3:$T$5001,"<>")=0,"",SUMIFS(BD!$T$3:$T$5001,BD!$A$3:$A$5001,K$3,BD!$B$3:$B$5001,$A$76))) | L90: =IF(L$3="","",IF(COUNTIFS(BD!$A$3:$A$5001,L$3,BD!$B$3:$B$5001,$A$76,BD!$T$3:$T$5001,"<>")=0,"",SUMIFS(BD!$T$3:$T$5001,BD!$A$3:$A$5001,L$3,BD!$B$3:$B$5001,$A$76))) | M90: =IF(M$3="","",IF(COUNTIFS(BD!$A$3:$A$5001,M$3,BD!$B$3:$B$5001,$A$76,BD!$T$3:$T$5001,"<>")=0,"",SUMIFS(BD!$T$3:$T$5001,BD!$A$3:$A$5001,M$3,BD!$B$3:$B$5001,$A$76))) | ... AJ90: =IF(AJ$3="","",IF(COUNTIFS(BD!$A$3:$A$5001,AJ$3,BD!$B$3:$B$5001,$A$76,BD!$T$3:$T$5001,"<>")=0,"",SUMIFS(BD!$T$3:$T$5001,BD!$A$3:$A$5001,AJ$3,BD!$B$3:$B$5001,$A$76))) | AK90: =IFERROR(LOOKUP(9.99E+307,F90:AJ90),"")
C91: Falta | D91: =IFERROR(1/(1/INDEX(BD!$AF$42:$AZ$42,MATCH($A$76,BD!$AF$22:$AZ$22,0))),"") | F91: =IF(F$3="","",IF(COUNTIFS(BD!$A$3:$A$5001,F$3,BD!$B$3:$B$5001,$A$76,BD!$U$3:$U$5001,"<>")=0,"",SUMIFS(BD!$U$3:$U$5001,BD!$A$3:$A$5001,F$3,BD!$B$3:$B$5001,$A$76))) | G91: =IF(G$3="","",IF(COUNTIFS(BD!$A$3:$A$5001,G$3,BD!$B$3:$B$5001,$A$76,BD!$U$3:$U$5001,"<>")=0,"",SUMIFS(BD!$U$3:$U$5001,BD!$A$3:$A$5001,G$3,BD!$B$3:$B$5001,$A$76))) | H91: =IF(H$3="","",IF(COUNTIFS(BD!$A$3:$A$5001,H$3,BD!$B$3:$B$5001,$A$76,BD!$U$3:$U$5001,"<>")=0,"",SUMIFS(BD!$U$3:$U$5001,BD!$A$3:$A$5001,H$3,BD!$B$3:$B$5001,$A$76))) | I91: =IF(I$3="","",IF(COUNTIFS(BD!$A$3:$A$5001,I$3,BD!$B$3:$B$5001,$A$76,BD!$U$3:$U$5001,"<>")=0,"",SUMIFS(BD!$U$3:$U$5001,BD!$A$3:$A$5001,I$3,BD!$B$3:$B$5001,$A$76))) | J91: =IF(J$3="","",IF(COUNTIFS(BD!$A$3:$A$5001,J$3,BD!$B$3:$B$5001,$A$76,BD!$U$3:$U$5001,"<>")=0,"",SUMIFS(BD!$U$3:$U$5001,BD!$A$3:$A$5001,J$3,BD!$B$3:$B$5001,$A$76))) | K91: =IF(K$3="","",IF(COUNTIFS(BD!$A$3:$A$5001,K$3,BD!$B$3:$B$5001,$A$76,BD!$U$3:$U$5001,"<>")=0,"",SUMIFS(BD!$U$3:$U$5001,BD!$A$3:$A$5001,K$3,BD!$B$3:$B$5001,$A$76))) | L91: =IF(L$3="","",IF(COUNTIFS(BD!$A$3:$A$5001,L$3,BD!$B$3:$B$5001,$A$76,BD!$U$3:$U$5001,"<>")=0,"",SUMIFS(BD!$U$3:$U$5001,BD!$A$3:$A$5001,L$3,BD!$B$3:$B$5001,$A$76))) | M91: =IF(M$3="","",IF(COUNTIFS(BD!$A$3:$A$5001,M$3,BD!$B$3:$B$5001,$A$76,BD!$U$3:$U$5001,"<>")=0,"",SUMIFS(BD!$U$3:$U$5001,BD!$A$3:$A$5001,M$3,BD!$B$3:$B$5001,$A$76))) | ... AJ91: =IF(AJ$3="","",IF(COUNTIFS(BD!$A$3:$A$5001,AJ$3,BD!$B$3:$B$5001,$A$76,BD!$U$3:$U$5001,"<>")=0,"",SUMIFS(BD!$U$3:$U$5001,BD!$A$3:$A$5001,AJ$3,BD!$B$3:$B$5001,$A$76))) | AK91: =IF(COUNT(F91:AJ91)=0,"",SUM(F91:AJ91))
C92: Absenteísmo (H/H) | D92: =IFERROR(1/(1/INDEX(BD!$AF$43:$AZ$43,MATCH($A$76,BD!$AF$22:$AZ$22,0))),"") | F92: =IF(F$3="","",IF(COUNTIFS(BD!$A$3:$A$5001,F$3,BD!$B$3:$B$5001,$A$76,BD!$V$3:$V$5001,"<>")=0,"",SUMIFS(BD!$V$3:$V$5001,BD!$A$3:$A$5001,F$3,BD!$B$3:$B$5001,$A$76))) | G92: =IF(G$3="","",IF(COUNTIFS(BD!$A$3:$A$5001,G$3,BD!$B$3:$B$5001,$A$76,BD!$V$3:$V$5001,"<>")=0,"",SUMIFS(BD!$V$3:$V$5001,BD!$A$3:$A$5001,G$3,BD!$B$3:$B$5001,$A$76))) | H92: =IF(H$3="","",IF(COUNTIFS(BD!$A$3:$A$5001,H$3,BD!$B$3:$B$5001,$A$76,BD!$V$3:$V$5001,"<>")=0,"",SUMIFS(BD!$V$3:$V$5001,BD!$A$3:$A$5001,H$3,BD!$B$3:$B$5001,$A$76))) | I92: =IF(I$3="","",IF(COUNTIFS(BD!$A$3:$A$5001,I$3,BD!$B$3:$B$5001,$A$76,BD!$V$3:$V$5001,"<>")=0,"",SUMIFS(BD!$V$3:$V$5001,BD!$A$3:$A$5001,I$3,BD!$B$3:$B$5001,$A$76))) | J92: =IF(J$3="","",IF(COUNTIFS(BD!$A$3:$A$5001,J$3,BD!$B$3:$B$5001,$A$76,BD!$V$3:$V$5001,"<>")=0,"",SUMIFS(BD!$V$3:$V$5001,BD!$A$3:$A$5001,J$3,BD!$B$3:$B$5001,$A$76))) | K92: =IF(K$3="","",IF(COUNTIFS(BD!$A$3:$A$5001,K$3,BD!$B$3:$B$5001,$A$76,BD!$V$3:$V$5001,"<>")=0,"",SUMIFS(BD!$V$3:$V$5001,BD!$A$3:$A$5001,K$3,BD!$B$3:$B$5001,$A$76))) | L92: =IF(L$3="","",IF(COUNTIFS(BD!$A$3:$A$5001,L$3,BD!$B$3:$B$5001,$A$76,BD!$V$3:$V$5001,"<>")=0,"",SUMIFS(BD!$V$3:$V$5001,BD!$A$3:$A$5001,L$3,BD!$B$3:$B$5001,$A$76))) | M92: =IF(M$3="","",IF(COUNTIFS(BD!$A$3:$A$5001,M$3,BD!$B$3:$B$5001,$A$76,BD!$V$3:$V$5001,"<>")=0,"",SUMIFS(BD!$V$3:$V$5001,BD!$A$3:$A$5001,M$3,BD!$B$3:$B$5001,$A$76))) | ... AJ92: =IF(AJ$3="","",IF(COUNTIFS(BD!$A$3:$A$5001,AJ$3,BD!$B$3:$B$5001,$A$76,BD!$V$3:$V$5001,"<>")=0,"",SUMIFS(BD!$V$3:$V$5001,BD!$A$3:$A$5001,AJ$3,BD!$B$3:$B$5001,$A$76))) | AK92: =IF(COUNT(F92:AJ92)=0,"",SUM(F92:AJ92))
C93: Folga | D93: =IFERROR(1/(1/INDEX(BD!$AF$44:$AZ$44,MATCH($A$76,BD!$AF$22:$AZ$22,0))),"") | F93: =IF(F$3="","",IF(COUNTIFS(BD!$A$3:$A$5001,F$3,BD!$B$3:$B$5001,$A$76,BD!$W$3:$W$5001,"<>")=0,"",SUMIFS(BD!$W$3:$W$5001,BD!$A$3:$A$5001,F$3,BD!$B$3:$B$5001,$A$76))) | G93: =IF(G$3="","",IF(COUNTIFS(BD!$A$3:$A$5001,G$3,BD!$B$3:$B$5001,$A$76,BD!$W$3:$W$5001,"<>")=0,"",SUMIFS(BD!$W$3:$W$5001,BD!$A$3:$A$5001,G$3,BD!$B$3:$B$5001,$A$76))) | H93: =IF(H$3="","",IF(COUNTIFS(BD!$A$3:$A$5001,H$3,BD!$B$3:$B$5001,$A$76,BD!$W$3:$W$5001,"<>")=0,"",SUMIFS(BD!$W$3:$W$5001,BD!$A$3:$A$5001,H$3,BD!$B$3:$B$5001,$A$76))) | I93: =IF(I$3="","",IF(COUNTIFS(BD!$A$3:$A$5001,I$3,BD!$B$3:$B$5001,$A$76,BD!$W$3:$W$5001,"<>")=0,"",SUMIFS(BD!$W$3:$W$5001,BD!$A$3:$A$5001,I$3,BD!$B$3:$B$5001,$A$76))) | J93: =IF(J$3="","",IF(COUNTIFS(BD!$A$3:$A$5001,J$3,BD!$B$3:$B$5001,$A$76,BD!$W$3:$W$5001,"<>")=0,"",SUMIFS(BD!$W$3:$W$5001,BD!$A$3:$A$5001,J$3,BD!$B$3:$B$5001,$A$76))) | K93: =IF(K$3="","",IF(COUNTIFS(BD!$A$3:$A$5001,K$3,BD!$B$3:$B$5001,$A$76,BD!$W$3:$W$5001,"<>")=0,"",SUMIFS(BD!$W$3:$W$5001,BD!$A$3:$A$5001,K$3,BD!$B$3:$B$5001,$A$76))) | L93: =IF(L$3="","",IF(COUNTIFS(BD!$A$3:$A$5001,L$3,BD!$B$3:$B$5001,$A$76,BD!$W$3:$W$5001,"<>")=0,"",SUMIFS(BD!$W$3:$W$5001,BD!$A$3:$A$5001,L$3,BD!$B$3:$B$5001,$A$76))) | M93: =IF(M$3="","",IF(COUNTIFS(BD!$A$3:$A$5001,M$3,BD!$B$3:$B$5001,$A$76,BD!$W$3:$W$5001,"<>")=0,"",SUMIFS(BD!$W$3:$W$5001,BD!$A$3:$A$5001,M$3,BD!$B$3:$B$5001,$A$76))) | ... AJ93: =IF(AJ$3="","",IF(COUNTIFS(BD!$A$3:$A$5001,AJ$3,BD!$B$3:$B$5001,$A$76,BD!$W$3:$W$5001,"<>")=0,"",SUMIFS(BD!$W$3:$W$5001,BD!$A$3:$A$5001,AJ$3,BD!$B$3:$B$5001,$A$76))) | AK93: =IF(COUNT(F93:AJ93)=0,"",SUM(F93:AJ93))
C94: Férias | D94: =IFERROR(1/(1/INDEX(BD!$AF$45:$AZ$45,MATCH($A$76,BD!$AF$22:$AZ$22,0))),"") | F94: =IF(F$3="","",IF(COUNTIFS(BD!$A$3:$A$5001,F$3,BD!$B$3:$B$5001,$A$76,BD!$X$3:$X$5001,"<>")=0,"",SUMIFS(BD!$X$3:$X$5001,BD!$A$3:$A$5001,F$3,BD!$B$3:$B$5001,$A$76))) | G94: =IF(G$3="","",IF(COUNTIFS(BD!$A$3:$A$5001,G$3,BD!$B$3:$B$5001,$A$76,BD!$X$3:$X$5001,"<>")=0,"",SUMIFS(BD!$X$3:$X$5001,BD!$A$3:$A$5001,G$3,BD!$B$3:$B$5001,$A$76))) | H94: =IF(H$3="","",IF(COUNTIFS(BD!$A$3:$A$5001,H$3,BD!$B$3:$B$5001,$A$76,BD!$X$3:$X$5001,"<>")=0,"",SUMIFS(BD!$X$3:$X$5001,BD!$A$3:$A$5001,H$3,BD!$B$3:$B$5001,$A$76))) | I94: =IF(I$3="","",IF(COUNTIFS(BD!$A$3:$A$5001,I$3,BD!$B$3:$B$5001,$A$76,BD!$X$3:$X$5001,"<>")=0,"",SUMIFS(BD!$X$3:$X$5001,BD!$A$3:$A$5001,I$3,BD!$B$3:$B$5001,$A$76))) | J94: =IF(J$3="","",IF(COUNTIFS(BD!$A$3:$A$5001,J$3,BD!$B$3:$B$5001,$A$76,BD!$X$3:$X$5001,"<>")=0,"",SUMIFS(BD!$X$3:$X$5001,BD!$A$3:$A$5001,J$3,BD!$B$3:$B$5001,$A$76))) | K94: =IF(K$3="","",IF(COUNTIFS(BD!$A$3:$A$5001,K$3,BD!$B$3:$B$5001,$A$76,BD!$X$3:$X$5001,"<>")=0,"",SUMIFS(BD!$X$3:$X$5001,BD!$A$3:$A$5001,K$3,BD!$B$3:$B$5001,$A$76))) | L94: =IF(L$3="","",IF(COUNTIFS(BD!$A$3:$A$5001,L$3,BD!$B$3:$B$5001,$A$76,BD!$X$3:$X$5001,"<>")=0,"",SUMIFS(BD!$X$3:$X$5001,BD!$A$3:$A$5001,L$3,BD!$B$3:$B$5001,$A$76))) | M94: =IF(M$3="","",IF(COUNTIFS(BD!$A$3:$A$5001,M$3,BD!$B$3:$B$5001,$A$76,BD!$X$3:$X$5001,"<>")=0,"",SUMIFS(BD!$X$3:$X$5001,BD!$A$3:$A$5001,M$3,BD!$B$3:$B$5001,$A$76))) | ... AJ94: =IF(AJ$3="","",IF(COUNTIFS(BD!$A$3:$A$5001,AJ$3,BD!$B$3:$B$5001,$A$76,BD!$X$3:$X$5001,"<>")=0,"",SUMIFS(BD!$X$3:$X$5001,BD!$A$3:$A$5001,AJ$3,BD!$B$3:$B$5001,$A$76))) | AK94: =IF(COUNT(F94:AJ94)=0,"",SUM(F94:AJ94))
C95: Desligamento | D95: =IFERROR(1/(1/INDEX(BD!$AF$46:$AZ$46,MATCH($A$76,BD!$AF$22:$AZ$22,0))),"") | F95: =IF(F$3="","",IF(COUNTIFS(BD!$A$3:$A$5001,F$3,BD!$B$3:$B$5001,$A$76,BD!$Y$3:$Y$5001,"<>")=0,"",SUMIFS(BD!$Y$3:$Y$5001,BD!$A$3:$A$5001,F$3,BD!$B$3:$B$5001,$A$76))) | G95: =IF(G$3="","",IF(COUNTIFS(BD!$A$3:$A$5001,G$3,BD!$B$3:$B$5001,$A$76,BD!$Y$3:$Y$5001,"<>")=0,"",SUMIFS(BD!$Y$3:$Y$5001,BD!$A$3:$A$5001,G$3,BD!$B$3:$B$5001,$A$76))) | H95: =IF(H$3="","",IF(COUNTIFS(BD!$A$3:$A$5001,H$3,BD!$B$3:$B$5001,$A$76,BD!$Y$3:$Y$5001,"<>")=0,"",SUMIFS(BD!$Y$3:$Y$5001,BD!$A$3:$A$5001,H$3,BD!$B$3:$B$5001,$A$76))) | I95: =IF(I$3="","",IF(COUNTIFS(BD!$A$3:$A$5001,I$3,BD!$B$3:$B$5001,$A$76,BD!$Y$3:$Y$5001,"<>")=0,"",SUMIFS(BD!$Y$3:$Y$5001,BD!$A$3:$A$5001,I$3,BD!$B$3:$B$5001,$A$76))) | J95: =IF(J$3="","",IF(COUNTIFS(BD!$A$3:$A$5001,J$3,BD!$B$3:$B$5001,$A$76,BD!$Y$3:$Y$5001,"<>")=0,"",SUMIFS(BD!$Y$3:$Y$5001,BD!$A$3:$A$5001,J$3,BD!$B$3:$B$5001,$A$76))) | K95: =IF(K$3="","",IF(COUNTIFS(BD!$A$3:$A$5001,K$3,BD!$B$3:$B$5001,$A$76,BD!$Y$3:$Y$5001,"<>")=0,"",SUMIFS(BD!$Y$3:$Y$5001,BD!$A$3:$A$5001,K$3,BD!$B$3:$B$5001,$A$76))) | L95: =IF(L$3="","",IF(COUNTIFS(BD!$A$3:$A$5001,L$3,BD!$B$3:$B$5001,$A$76,BD!$Y$3:$Y$5001,"<>")=0,"",SUMIFS(BD!$Y$3:$Y$5001,BD!$A$3:$A$5001,L$3,BD!$B$3:$B$5001,$A$76))) | M95: =IF(M$3="","",IF(COUNTIFS(BD!$A$3:$A$5001,M$3,BD!$B$3:$B$5001,$A$76,BD!$Y$3:$Y$5001,"<>")=0,"",SUMIFS(BD!$Y$3:$Y$5001,BD!$A$3:$A$5001,M$3,BD!$B$3:$B$5001,$A$76))) | ... AJ95: =IF(AJ$3="","",IF(COUNTIFS(BD!$A$3:$A$5001,AJ$3,BD!$B$3:$B$5001,$A$76,BD!$Y$3:$Y$5001,"<>")=0,"",SUMIFS(BD!$Y$3:$Y$5001,BD!$A$3:$A$5001,AJ$3,BD!$B$3:$B$5001,$A$76))) | AK95: =IF(COUNT(F95:AJ95)=0,"",SUM(F95:AJ95))
C96: Desvios Comportamentais | D96: =IFERROR(1/(1/INDEX(BD!$AF$47:$AZ$47,MATCH($A$76,BD!$AF$22:$AZ$22,0))),"") | F96: =IF(F$3="","",IF(COUNTIFS(BD!$A$3:$A$5001,F$3,BD!$B$3:$B$5001,$A$76,BD!$Z$3:$Z$5001,"<>")=0,"",SUMIFS(BD!$Z$3:$Z$5001,BD!$A$3:$A$5001,F$3,BD!$B$3:$B$5001,$A$76))) | G96: =IF(G$3="","",IF(COUNTIFS(BD!$A$3:$A$5001,G$3,BD!$B$3:$B$5001,$A$76,BD!$Z$3:$Z$5001,"<>")=0,"",SUMIFS(BD!$Z$3:$Z$5001,BD!$A$3:$A$5001,G$3,BD!$B$3:$B$5001,$A$76))) | H96: =IF(H$3="","",IF(COUNTIFS(BD!$A$3:$A$5001,H$3,BD!$B$3:$B$5001,$A$76,BD!$Z$3:$Z$5001,"<>")=0,"",SUMIFS(BD!$Z$3:$Z$5001,BD!$A$3:$A$5001,H$3,BD!$B$3:$B$5001,$A$76))) | I96: =IF(I$3="","",IF(COUNTIFS(BD!$A$3:$A$5001,I$3,BD!$B$3:$B$5001,$A$76,BD!$Z$3:$Z$5001,"<>")=0,"",SUMIFS(BD!$Z$3:$Z$5001,BD!$A$3:$A$5001,I$3,BD!$B$3:$B$5001,$A$76))) | J96: =IF(J$3="","",IF(COUNTIFS(BD!$A$3:$A$5001,J$3,BD!$B$3:$B$5001,$A$76,BD!$Z$3:$Z$5001,"<>")=0,"",SUMIFS(BD!$Z$3:$Z$5001,BD!$A$3:$A$5001,J$3,BD!$B$3:$B$5001,$A$76))) | K96: =IF(K$3="","",IF(COUNTIFS(BD!$A$3:$A$5001,K$3,BD!$B$3:$B$5001,$A$76,BD!$Z$3:$Z$5001,"<>")=0,"",SUMIFS(BD!$Z$3:$Z$5001,BD!$A$3:$A$5001,K$3,BD!$B$3:$B$5001,$A$76))) | L96: =IF(L$3="","",IF(COUNTIFS(BD!$A$3:$A$5001,L$3,BD!$B$3:$B$5001,$A$76,BD!$Z$3:$Z$5001,"<>")=0,"",SUMIFS(BD!$Z$3:$Z$5001,BD!$A$3:$A$5001,L$3,BD!$B$3:$B$5001,$A$76))) | M96: =IF(M$3="","",IF(COUNTIFS(BD!$A$3:$A$5001,M$3,BD!$B$3:$B$5001,$A$76,BD!$Z$3:$Z$5001,"<>")=0,"",SUMIFS(BD!$Z$3:$Z$5001,BD!$A$3:$A$5001,M$3,BD!$B$3:$B$5001,$A$76))) | ... AJ96: =IF(AJ$3="","",IF(COUNTIFS(BD!$A$3:$A$5001,AJ$3,BD!$B$3:$B$5001,$A$76,BD!$Z$3:$Z$5001,"<>")=0,"",SUMIFS(BD!$Z$3:$Z$5001,BD!$A$3:$A$5001,AJ$3,BD!$B$3:$B$5001,$A$76))) | AK96: =IF(COUNT(F96:AJ96)=0,"",SUM(F96:AJ96))
C97: Acidentes CAF | D97: =IFERROR(1/(1/INDEX(BD!$AF$48:$AZ$48,MATCH($A$76,BD!$AF$22:$AZ$22,0))),"") | F97: =IF(F$3="","",IF(COUNTIFS(BD!$A$3:$A$5001,F$3,BD!$B$3:$B$5001,$A$76,BD!$AA$3:$AA$5001,"<>")=0,"",SUMIFS(BD!$AA$3:$AA$5001,BD!$A$3:$A$5001,F$3,BD!$B$3:$B$5001,$A$76))) | G97: =IF(G$3="","",IF(COUNTIFS(BD!$A$3:$A$5001,G$3,BD!$B$3:$B$5001,$A$76,BD!$AA$3:$AA$5001,"<>")=0,"",SUMIFS(BD!$AA$3:$AA$5001,BD!$A$3:$A$5001,G$3,BD!$B$3:$B$5001,$A$76))) | H97: =IF(H$3="","",IF(COUNTIFS(BD!$A$3:$A$5001,H$3,BD!$B$3:$B$5001,$A$76,BD!$AA$3:$AA$5001,"<>")=0,"",SUMIFS(BD!$AA$3:$AA$5001,BD!$A$3:$A$5001,H$3,BD!$B$3:$B$5001,$A$76))) | I97: =IF(I$3="","",IF(COUNTIFS(BD!$A$3:$A$5001,I$3,BD!$B$3:$B$5001,$A$76,BD!$AA$3:$AA$5001,"<>")=0,"",SUMIFS(BD!$AA$3:$AA$5001,BD!$A$3:$A$5001,I$3,BD!$B$3:$B$5001,$A$76))) | J97: =IF(J$3="","",IF(COUNTIFS(BD!$A$3:$A$5001,J$3,BD!$B$3:$B$5001,$A$76,BD!$AA$3:$AA$5001,"<>")=0,"",SUMIFS(BD!$AA$3:$AA$5001,BD!$A$3:$A$5001,J$3,BD!$B$3:$B$5001,$A$76))) | K97: =IF(K$3="","",IF(COUNTIFS(BD!$A$3:$A$5001,K$3,BD!$B$3:$B$5001,$A$76,BD!$AA$3:$AA$5001,"<>")=0,"",SUMIFS(BD!$AA$3:$AA$5001,BD!$A$3:$A$5001,K$3,BD!$B$3:$B$5001,$A$76))) | L97: =IF(L$3="","",IF(COUNTIFS(BD!$A$3:$A$5001,L$3,BD!$B$3:$B$5001,$A$76,BD!$AA$3:$AA$5001,"<>")=0,"",SUMIFS(BD!$AA$3:$AA$5001,BD!$A$3:$A$5001,L$3,BD!$B$3:$B$5001,$A$76))) | M97: =IF(M$3="","",IF(COUNTIFS(BD!$A$3:$A$5001,M$3,BD!$B$3:$B$5001,$A$76,BD!$AA$3:$AA$5001,"<>")=0,"",SUMIFS(BD!$AA$3:$AA$5001,BD!$A$3:$A$5001,M$3,BD!$B$3:$B$5001,$A$76))) | ... AJ97: =IF(AJ$3="","",IF(COUNTIFS(BD!$A$3:$A$5001,AJ$3,BD!$B$3:$B$5001,$A$76,BD!$AA$3:$AA$5001,"<>")=0,"",SUMIFS(BD!$AA$3:$AA$5001,BD!$A$3:$A$5001,AJ$3,BD!$B$3:$B$5001,$A$76))) | AK97: =IF(COUNT(F97:AJ97)=0,"",SUM(F97:AJ97))
C98: Acidentes SAF | D98: =IFERROR(1/(1/INDEX(BD!$AF$49:$AZ$49,MATCH($A$76,BD!$AF$22:$AZ$22,0))),"") | F98: =IF(F$3="","",IF(COUNTIFS(BD!$A$3:$A$5001,F$3,BD!$B$3:$B$5001,$A$76,BD!$AB$3:$AB$5001,"<>")=0,"",SUMIFS(BD!$AB$3:$AB$5001,BD!$A$3:$A$5001,F$3,BD!$B$3:$B$5001,$A$76))) | G98: =IF(G$3="","",IF(COUNTIFS(BD!$A$3:$A$5001,G$3,BD!$B$3:$B$5001,$A$76,BD!$AB$3:$AB$5001,"<>")=0,"",SUMIFS(BD!$AB$3:$AB$5001,BD!$A$3:$A$5001,G$3,BD!$B$3:$B$5001,$A$76))) | H98: =IF(H$3="","",IF(COUNTIFS(BD!$A$3:$A$5001,H$3,BD!$B$3:$B$5001,$A$76,BD!$AB$3:$AB$5001,"<>")=0,"",SUMIFS(BD!$AB$3:$AB$5001,BD!$A$3:$A$5001,H$3,BD!$B$3:$B$5001,$A$76))) | I98: =IF(I$3="","",IF(COUNTIFS(BD!$A$3:$A$5001,I$3,BD!$B$3:$B$5001,$A$76,BD!$AB$3:$AB$5001,"<>")=0,"",SUMIFS(BD!$AB$3:$AB$5001,BD!$A$3:$A$5001,I$3,BD!$B$3:$B$5001,$A$76))) | J98: =IF(J$3="","",IF(COUNTIFS(BD!$A$3:$A$5001,J$3,BD!$B$3:$B$5001,$A$76,BD!$AB$3:$AB$5001,"<>")=0,"",SUMIFS(BD!$AB$3:$AB$5001,BD!$A$3:$A$5001,J$3,BD!$B$3:$B$5001,$A$76))) | K98: =IF(K$3="","",IF(COUNTIFS(BD!$A$3:$A$5001,K$3,BD!$B$3:$B$5001,$A$76,BD!$AB$3:$AB$5001,"<>")=0,"",SUMIFS(BD!$AB$3:$AB$5001,BD!$A$3:$A$5001,K$3,BD!$B$3:$B$5001,$A$76))) | L98: =IF(L$3="","",IF(COUNTIFS(BD!$A$3:$A$5001,L$3,BD!$B$3:$B$5001,$A$76,BD!$AB$3:$AB$5001,"<>")=0,"",SUMIFS(BD!$AB$3:$AB$5001,BD!$A$3:$A$5001,L$3,BD!$B$3:$B$5001,$A$76))) | M98: =IF(M$3="","",IF(COUNTIFS(BD!$A$3:$A$5001,M$3,BD!$B$3:$B$5001,$A$76,BD!$AB$3:$AB$5001,"<>")=0,"",SUMIFS(BD!$AB$3:$AB$5001,BD!$A$3:$A$5001,M$3,BD!$B$3:$B$5001,$A$76))) | ... AJ98: =IF(AJ$3="","",IF(COUNTIFS(BD!$A$3:$A$5001,AJ$3,BD!$B$3:$B$5001,$A$76,BD!$AB$3:$AB$5001,"<>")=0,"",SUMIFS(BD!$AB$3:$AB$5001,BD!$A$3:$A$5001,AJ$3,BD!$B$3:$B$5001,$A$76))) | AK98: =IF(COUNT(F98:AJ98)=0,"",SUM(F98:AJ98))
A100: PMB | B100: IN | C100: Veículos Recebidos | D100: =IFERROR(1/(1/INDEX(BD!$AF$23:$AZ$23,MATCH($A$100,BD!$AF$22:$AZ$22,0))),"") | F100: =IF(F$3="","",IF(COUNTIFS(BD!$A$3:$A$5001,F$3,BD!$B$3:$B$5001,$A$100,BD!$C$3:$C$5001,"<>")=0,"",SUMIFS(BD!$C$3:$C$5001,BD!$A$3:$A$5001,F$3,BD!$B$3:$B$5001,$A$100))) | G100: =IF(G$3="","",IF(COUNTIFS(BD!$A$3:$A$5001,G$3,BD!$B$3:$B$5001,$A$100,BD!$C$3:$C$5001,"<>")=0,"",SUMIFS(BD!$C$3:$C$5001,BD!$A$3:$A$5001,G$3,BD!$B$3:$B$5001,$A$100))) | H100: =IF(H$3="","",IF(COUNTIFS(BD!$A$3:$A$5001,H$3,BD!$B$3:$B$5001,$A$100,BD!$C$3:$C$5001,"<>")=0,"",SUMIFS(BD!$C$3:$C$5001,BD!$A$3:$A$5001,H$3,BD!$B$3:$B$5001,$A$100))) | I100: =IF(I$3="","",IF(COUNTIFS(BD!$A$3:$A$5001,I$3,BD!$B$3:$B$5001,$A$100,BD!$C$3:$C$5001,"<>")=0,"",SUMIFS(BD!$C$3:$C$5001,BD!$A$3:$A$5001,I$3,BD!$B$3:$B$5001,$A$100))) | J100: =IF(J$3="","",IF(COUNTIFS(BD!$A$3:$A$5001,J$3,BD!$B$3:$B$5001,$A$100,BD!$C$3:$C$5001,"<>")=0,"",SUMIFS(BD!$C$3:$C$5001,BD!$A$3:$A$5001,J$3,BD!$B$3:$B$5001,$A$100))) | K100: =IF(K$3="","",IF(COUNTIFS(BD!$A$3:$A$5001,K$3,BD!$B$3:$B$5001,$A$100,BD!$C$3:$C$5001,"<>")=0,"",SUMIFS(BD!$C$3:$C$5001,BD!$A$3:$A$5001,K$3,BD!$B$3:$B$5001,$A$100))) | L100: =IF(L$3="","",IF(COUNTIFS(BD!$A$3:$A$5001,L$3,BD!$B$3:$B$5001,$A$100,BD!$C$3:$C$5001,"<>")=0,"",SUMIFS(BD!$C$3:$C$5001,BD!$A$3:$A$5001,L$3,BD!$B$3:$B$5001,$A$100))) | M100: =IF(M$3="","",IF(COUNTIFS(BD!$A$3:$A$5001,M$3,BD!$B$3:$B$5001,$A$100,BD!$C$3:$C$5001,"<>")=0,"",SUMIFS(BD!$C$3:$C$5001,BD!$A$3:$A$5001,M$3,BD!$B$3:$B$5001,$A$100))) | ... AJ100: =IF(AJ$3="","",IF(COUNTIFS(BD!$A$3:$A$5001,AJ$3,BD!$B$3:$B$5001,$A$100,BD!$C$3:$C$5001,"<>")=0,"",SUMIFS(BD!$C$3:$C$5001,BD!$A$3:$A$5001,AJ$3,BD!$B$3:$B$5001,$A$100))) | AK100: =IF(COUNT(F100:AJ100)=0,"",SUM(F100:AJ100))
C101: Pallets Movimentados | D101: =IFERROR(1/(1/INDEX(BD!$AF$24:$AZ$24,MATCH($A$100,BD!$AF$22:$AZ$22,0))),"") | F101: =IF(F$3="","",IF(COUNTIFS(BD!$A$3:$A$5001,F$3,BD!$B$3:$B$5001,$A$100,BD!$D$3:$D$5001,"<>")=0,"",SUMIFS(BD!$D$3:$D$5001,BD!$A$3:$A$5001,F$3,BD!$B$3:$B$5001,$A$100))) | G101: =IF(G$3="","",IF(COUNTIFS(BD!$A$3:$A$5001,G$3,BD!$B$3:$B$5001,$A$100,BD!$D$3:$D$5001,"<>")=0,"",SUMIFS(BD!$D$3:$D$5001,BD!$A$3:$A$5001,G$3,BD!$B$3:$B$5001,$A$100))) | H101: =IF(H$3="","",IF(COUNTIFS(BD!$A$3:$A$5001,H$3,BD!$B$3:$B$5001,$A$100,BD!$D$3:$D$5001,"<>")=0,"",SUMIFS(BD!$D$3:$D$5001,BD!$A$3:$A$5001,H$3,BD!$B$3:$B$5001,$A$100))) | I101: =IF(I$3="","",IF(COUNTIFS(BD!$A$3:$A$5001,I$3,BD!$B$3:$B$5001,$A$100,BD!$D$3:$D$5001,"<>")=0,"",SUMIFS(BD!$D$3:$D$5001,BD!$A$3:$A$5001,I$3,BD!$B$3:$B$5001,$A$100))) | J101: =IF(J$3="","",IF(COUNTIFS(BD!$A$3:$A$5001,J$3,BD!$B$3:$B$5001,$A$100,BD!$D$3:$D$5001,"<>")=0,"",SUMIFS(BD!$D$3:$D$5001,BD!$A$3:$A$5001,J$3,BD!$B$3:$B$5001,$A$100))) | K101: =IF(K$3="","",IF(COUNTIFS(BD!$A$3:$A$5001,K$3,BD!$B$3:$B$5001,$A$100,BD!$D$3:$D$5001,"<>")=0,"",SUMIFS(BD!$D$3:$D$5001,BD!$A$3:$A$5001,K$3,BD!$B$3:$B$5001,$A$100))) | L101: =IF(L$3="","",IF(COUNTIFS(BD!$A$3:$A$5001,L$3,BD!$B$3:$B$5001,$A$100,BD!$D$3:$D$5001,"<>")=0,"",SUMIFS(BD!$D$3:$D$5001,BD!$A$3:$A$5001,L$3,BD!$B$3:$B$5001,$A$100))) | M101: =IF(M$3="","",IF(COUNTIFS(BD!$A$3:$A$5001,M$3,BD!$B$3:$B$5001,$A$100,BD!$D$3:$D$5001,"<>")=0,"",SUMIFS(BD!$D$3:$D$5001,BD!$A$3:$A$5001,M$3,BD!$B$3:$B$5001,$A$100))) | ... AJ101: =IF(AJ$3="","",IF(COUNTIFS(BD!$A$3:$A$5001,AJ$3,BD!$B$3:$B$5001,$A$100,BD!$D$3:$D$5001,"<>")=0,"",SUMIFS(BD!$D$3:$D$5001,BD!$A$3:$A$5001,AJ$3,BD!$B$3:$B$5001,$A$100))) | AK101: =IF(COUNT(F101:AJ101)=0,"",SUM(F101:AJ101))
C102: Toneladas Movimentadas | D102: =IFERROR(1/(1/INDEX(BD!$AF$25:$AZ$25,MATCH($A$100,BD!$AF$22:$AZ$22,0))),"") | F102: =IF(F$3="","",IF(COUNTIFS(BD!$A$3:$A$5001,F$3,BD!$B$3:$B$5001,$A$100,BD!$E$3:$E$5001,"<>")=0,"",SUMIFS(BD!$E$3:$E$5001,BD!$A$3:$A$5001,F$3,BD!$B$3:$B$5001,$A$100))) | G102: =IF(G$3="","",IF(COUNTIFS(BD!$A$3:$A$5001,G$3,BD!$B$3:$B$5001,$A$100,BD!$E$3:$E$5001,"<>")=0,"",SUMIFS(BD!$E$3:$E$5001,BD!$A$3:$A$5001,G$3,BD!$B$3:$B$5001,$A$100))) | H102: =IF(H$3="","",IF(COUNTIFS(BD!$A$3:$A$5001,H$3,BD!$B$3:$B$5001,$A$100,BD!$E$3:$E$5001,"<>")=0,"",SUMIFS(BD!$E$3:$E$5001,BD!$A$3:$A$5001,H$3,BD!$B$3:$B$5001,$A$100))) | I102: =IF(I$3="","",IF(COUNTIFS(BD!$A$3:$A$5001,I$3,BD!$B$3:$B$5001,$A$100,BD!$E$3:$E$5001,"<>")=0,"",SUMIFS(BD!$E$3:$E$5001,BD!$A$3:$A$5001,I$3,BD!$B$3:$B$5001,$A$100))) | J102: =IF(J$3="","",IF(COUNTIFS(BD!$A$3:$A$5001,J$3,BD!$B$3:$B$5001,$A$100,BD!$E$3:$E$5001,"<>")=0,"",SUMIFS(BD!$E$3:$E$5001,BD!$A$3:$A$5001,J$3,BD!$B$3:$B$5001,$A$100))) | K102: =IF(K$3="","",IF(COUNTIFS(BD!$A$3:$A$5001,K$3,BD!$B$3:$B$5001,$A$100,BD!$E$3:$E$5001,"<>")=0,"",SUMIFS(BD!$E$3:$E$5001,BD!$A$3:$A$5001,K$3,BD!$B$3:$B$5001,$A$100))) | L102: =IF(L$3="","",IF(COUNTIFS(BD!$A$3:$A$5001,L$3,BD!$B$3:$B$5001,$A$100,BD!$E$3:$E$5001,"<>")=0,"",SUMIFS(BD!$E$3:$E$5001,BD!$A$3:$A$5001,L$3,BD!$B$3:$B$5001,$A$100))) | M102: =IF(M$3="","",IF(COUNTIFS(BD!$A$3:$A$5001,M$3,BD!$B$3:$B$5001,$A$100,BD!$E$3:$E$5001,"<>")=0,"",SUMIFS(BD!$E$3:$E$5001,BD!$A$3:$A$5001,M$3,BD!$B$3:$B$5001,$A$100))) | ... AJ102: =IF(AJ$3="","",IF(COUNTIFS(BD!$A$3:$A$5001,AJ$3,BD!$B$3:$B$5001,$A$100,BD!$E$3:$E$5001,"<>")=0,"",SUMIFS(BD!$E$3:$E$5001,BD!$A$3:$A$5001,AJ$3,BD!$B$3:$B$5001,$A$100))) | AK102: =IF(COUNT(F102:AJ102)=0,"",SUM(F102:AJ102))
C103: Caixas Recebidas | D103: =IFERROR(1/(1/INDEX(BD!$AF$26:$AZ$26,MATCH($A$100,BD!$AF$22:$AZ$22,0))),"") | F103: =IF(F$3="","",IF(COUNTIFS(BD!$A$3:$A$5001,F$3,BD!$B$3:$B$5001,$A$100,BD!$F$3:$F$5001,"<>")=0,"",SUMIFS(BD!$F$3:$F$5001,BD!$A$3:$A$5001,F$3,BD!$B$3:$B$5001,$A$100))) | G103: =IF(G$3="","",IF(COUNTIFS(BD!$A$3:$A$5001,G$3,BD!$B$3:$B$5001,$A$100,BD!$F$3:$F$5001,"<>")=0,"",SUMIFS(BD!$F$3:$F$5001,BD!$A$3:$A$5001,G$3,BD!$B$3:$B$5001,$A$100))) | H103: =IF(H$3="","",IF(COUNTIFS(BD!$A$3:$A$5001,H$3,BD!$B$3:$B$5001,$A$100,BD!$F$3:$F$5001,"<>")=0,"",SUMIFS(BD!$F$3:$F$5001,BD!$A$3:$A$5001,H$3,BD!$B$3:$B$5001,$A$100))) | I103: =IF(I$3="","",IF(COUNTIFS(BD!$A$3:$A$5001,I$3,BD!$B$3:$B$5001,$A$100,BD!$F$3:$F$5001,"<>")=0,"",SUMIFS(BD!$F$3:$F$5001,BD!$A$3:$A$5001,I$3,BD!$B$3:$B$5001,$A$100))) | J103: =IF(J$3="","",IF(COUNTIFS(BD!$A$3:$A$5001,J$3,BD!$B$3:$B$5001,$A$100,BD!$F$3:$F$5001,"<>")=0,"",SUMIFS(BD!$F$3:$F$5001,BD!$A$3:$A$5001,J$3,BD!$B$3:$B$5001,$A$100))) | K103: =IF(K$3="","",IF(COUNTIFS(BD!$A$3:$A$5001,K$3,BD!$B$3:$B$5001,$A$100,BD!$F$3:$F$5001,"<>")=0,"",SUMIFS(BD!$F$3:$F$5001,BD!$A$3:$A$5001,K$3,BD!$B$3:$B$5001,$A$100))) | L103: =IF(L$3="","",IF(COUNTIFS(BD!$A$3:$A$5001,L$3,BD!$B$3:$B$5001,$A$100,BD!$F$3:$F$5001,"<>")=0,"",SUMIFS(BD!$F$3:$F$5001,BD!$A$3:$A$5001,L$3,BD!$B$3:$B$5001,$A$100))) | M103: =IF(M$3="","",IF(COUNTIFS(BD!$A$3:$A$5001,M$3,BD!$B$3:$B$5001,$A$100,BD!$F$3:$F$5001,"<>")=0,"",SUMIFS(BD!$F$3:$F$5001,BD!$A$3:$A$5001,M$3,BD!$B$3:$B$5001,$A$100))) | ... AJ103: =IF(AJ$3="","",IF(COUNTIFS(BD!$A$3:$A$5001,AJ$3,BD!$B$3:$B$5001,$A$100,BD!$F$3:$F$5001,"<>")=0,"",SUMIFS(BD!$F$3:$F$5001,BD!$A$3:$A$5001,AJ$3,BD!$B$3:$B$5001,$A$100))) | AK103: =IF(COUNT(F103:AJ103)=0,"",SUM(F103:AJ103))
B104: OUT | C104: Veículos Expedidos | D104: =IFERROR(1/(1/INDEX(BD!$AF$28:$AZ$28,MATCH($A$100,BD!$AF$22:$AZ$22,0))),"") | F104: =IF(F$3="","",IF(COUNTIFS(BD!$A$3:$A$5001,F$3,BD!$B$3:$B$5001,$A$100,BD!$H$3:$H$5001,"<>")=0,"",SUMIFS(BD!$H$3:$H$5001,BD!$A$3:$A$5001,F$3,BD!$B$3:$B$5001,$A$100))) | G104: =IF(G$3="","",IF(COUNTIFS(BD!$A$3:$A$5001,G$3,BD!$B$3:$B$5001,$A$100,BD!$H$3:$H$5001,"<>")=0,"",SUMIFS(BD!$H$3:$H$5001,BD!$A$3:$A$5001,G$3,BD!$B$3:$B$5001,$A$100))) | H104: =IF(H$3="","",IF(COUNTIFS(BD!$A$3:$A$5001,H$3,BD!$B$3:$B$5001,$A$100,BD!$H$3:$H$5001,"<>")=0,"",SUMIFS(BD!$H$3:$H$5001,BD!$A$3:$A$5001,H$3,BD!$B$3:$B$5001,$A$100))) | I104: =IF(I$3="","",IF(COUNTIFS(BD!$A$3:$A$5001,I$3,BD!$B$3:$B$5001,$A$100,BD!$H$3:$H$5001,"<>")=0,"",SUMIFS(BD!$H$3:$H$5001,BD!$A$3:$A$5001,I$3,BD!$B$3:$B$5001,$A$100))) | J104: =IF(J$3="","",IF(COUNTIFS(BD!$A$3:$A$5001,J$3,BD!$B$3:$B$5001,$A$100,BD!$H$3:$H$5001,"<>")=0,"",SUMIFS(BD!$H$3:$H$5001,BD!$A$3:$A$5001,J$3,BD!$B$3:$B$5001,$A$100))) | K104: =IF(K$3="","",IF(COUNTIFS(BD!$A$3:$A$5001,K$3,BD!$B$3:$B$5001,$A$100,BD!$H$3:$H$5001,"<>")=0,"",SUMIFS(BD!$H$3:$H$5001,BD!$A$3:$A$5001,K$3,BD!$B$3:$B$5001,$A$100))) | L104: =IF(L$3="","",IF(COUNTIFS(BD!$A$3:$A$5001,L$3,BD!$B$3:$B$5001,$A$100,BD!$H$3:$H$5001,"<>")=0,"",SUMIFS(BD!$H$3:$H$5001,BD!$A$3:$A$5001,L$3,BD!$B$3:$B$5001,$A$100))) | M104: =IF(M$3="","",IF(COUNTIFS(BD!$A$3:$A$5001,M$3,BD!$B$3:$B$5001,$A$100,BD!$H$3:$H$5001,"<>")=0,"",SUMIFS(BD!$H$3:$H$5001,BD!$A$3:$A$5001,M$3,BD!$B$3:$B$5001,$A$100))) | ... AJ104: =IF(AJ$3="","",IF(COUNTIFS(BD!$A$3:$A$5001,AJ$3,BD!$B$3:$B$5001,$A$100,BD!$H$3:$H$5001,"<>")=0,"",SUMIFS(BD!$H$3:$H$5001,BD!$A$3:$A$5001,AJ$3,BD!$B$3:$B$5001,$A$100))) | AK104: =IF(COUNT(F104:AJ104)=0,"",SUM(F104:AJ104))
C105: Pallets Movimentados | D105: =IFERROR(1/(1/INDEX(BD!$AF$29:$AZ$29,MATCH($A$100,BD!$AF$22:$AZ$22,0))),"") | F105: =IF(F$3="","",IF(COUNTIFS(BD!$A$3:$A$5001,F$3,BD!$B$3:$B$5001,$A$100,BD!$I$3:$I$5001,"<>")=0,"",SUMIFS(BD!$I$3:$I$5001,BD!$A$3:$A$5001,F$3,BD!$B$3:$B$5001,$A$100))) | G105: =IF(G$3="","",IF(COUNTIFS(BD!$A$3:$A$5001,G$3,BD!$B$3:$B$5001,$A$100,BD!$I$3:$I$5001,"<>")=0,"",SUMIFS(BD!$I$3:$I$5001,BD!$A$3:$A$5001,G$3,BD!$B$3:$B$5001,$A$100))) | H105: =IF(H$3="","",IF(COUNTIFS(BD!$A$3:$A$5001,H$3,BD!$B$3:$B$5001,$A$100,BD!$I$3:$I$5001,"<>")=0,"",SUMIFS(BD!$I$3:$I$5001,BD!$A$3:$A$5001,H$3,BD!$B$3:$B$5001,$A$100))) | I105: =IF(I$3="","",IF(COUNTIFS(BD!$A$3:$A$5001,I$3,BD!$B$3:$B$5001,$A$100,BD!$I$3:$I$5001,"<>")=0,"",SUMIFS(BD!$I$3:$I$5001,BD!$A$3:$A$5001,I$3,BD!$B$3:$B$5001,$A$100))) | J105: =IF(J$3="","",IF(COUNTIFS(BD!$A$3:$A$5001,J$3,BD!$B$3:$B$5001,$A$100,BD!$I$3:$I$5001,"<>")=0,"",SUMIFS(BD!$I$3:$I$5001,BD!$A$3:$A$5001,J$3,BD!$B$3:$B$5001,$A$100))) | K105: =IF(K$3="","",IF(COUNTIFS(BD!$A$3:$A$5001,K$3,BD!$B$3:$B$5001,$A$100,BD!$I$3:$I$5001,"<>")=0,"",SUMIFS(BD!$I$3:$I$5001,BD!$A$3:$A$5001,K$3,BD!$B$3:$B$5001,$A$100))) | L105: =IF(L$3="","",IF(COUNTIFS(BD!$A$3:$A$5001,L$3,BD!$B$3:$B$5001,$A$100,BD!$I$3:$I$5001,"<>")=0,"",SUMIFS(BD!$I$3:$I$5001,BD!$A$3:$A$5001,L$3,BD!$B$3:$B$5001,$A$100))) | M105: =IF(M$3="","",IF(COUNTIFS(BD!$A$3:$A$5001,M$3,BD!$B$3:$B$5001,$A$100,BD!$I$3:$I$5001,"<>")=0,"",SUMIFS(BD!$I$3:$I$5001,BD!$A$3:$A$5001,M$3,BD!$B$3:$B$5001,$A$100))) | ... AJ105: =IF(AJ$3="","",IF(COUNTIFS(BD!$A$3:$A$5001,AJ$3,BD!$B$3:$B$5001,$A$100,BD!$I$3:$I$5001,"<>")=0,"",SUMIFS(BD!$I$3:$I$5001,BD!$A$3:$A$5001,AJ$3,BD!$B$3:$B$5001,$A$100))) | AK105: =IF(COUNT(F105:AJ105)=0,"",SUM(F105:AJ105))
...

Sheet Consol Mensal
G1: CONSOL MENSAL · QUADRO DE INDICADORES | V1: OUTUBRO · 2026
B3: CLIENTE ▸ | D3: Todos | Q3: =IF(calculos_quadro!$B$9=0,"Sem dados na Base para o mês escolhido","Dados até "&TEXT(calculos_quadro!$C$7+calculos_quadro!$B$9-1,"dd/mm")&"/"&YEAR(calculos_quadro!$C$7)&" · comparação: "&calculos_quadro!$B$8&", dias 1 a "&calculos_quadro!$B$9) -> Sem dados na Base para o mês escolhido
B5: QUADRO DE INDICADORES · cliente e mês selecionados
B6: GRUPO | D6: INDICADOR | H6: META | J6: REALIZADO | M6: MÉDIA / DIA | O6: MÁXIMO NO DIA | R6: MÊS ANTERIOR | T6: VARIAÇÃO | W6: % DA META | Y6: STATUS
B7: IN | D7: Veículos Recebidos | H7: =IF(calculos_quadro!$B$330=0,"—",calculos_quadro!$C$48) | J7: =IF(calculos_quadro!$B$330=0,"—",calculos_quadro!$C$43) -> 0 | M7: =IF(calculos_quadro!$B$330=0,"—",calculos_quadro!$C$44) | O7: =IF(calculos_quadro!$B$330=0,"—",calculos_quadro!$C$45) -> 0 | R7: =IF(calculos_quadro!$B$330=0,"—",calculos_quadro!$C$46) | T7: =IF(calculos_quadro!$B$330=0,"—",calculos_quadro!$C$47) | W7: =IF(calculos_quadro!$B$330=0,"—",calculos_quadro!$C$49) | Y7: =IF(calculos_quadro!$B$330=0,"—",calculos_quadro!$C$50)
D8: Pallets Movimentados | H8: =IF(calculos_quadro!$B$331=0,"—",calculos_quadro!$D$48) | J8: =IF(calculos_quadro!$B$331=0,"—",calculos_quadro!$D$43) -> 0 | M8: =IF(calculos_quadro!$B$331=0,"—",calculos_quadro!$D$44) | O8: =IF(calculos_quadro!$B$331=0,"—",calculos_quadro!$D$45) -> 0 | R8: =IF(calculos_quadro!$B$331=0,"—",calculos_quadro!$D$46) | T8: =IF(calculos_quadro!$B$331=0,"—",calculos_quadro!$D$47) | W8: =IF(calculos_quadro!$B$331=0,"—",calculos_quadro!$D$49) | Y8: =IF(calculos_quadro!$B$331=0,"—",calculos_quadro!$D$50)
D9: Toneladas Movimentadas | H9: =IF(calculos_quadro!$B$332=0,"—",calculos_quadro!$E$48) | J9: =IF(calculos_quadro!$B$332=0,"—",calculos_quadro!$E$43) -> 0 | M9: =IF(calculos_quadro!$B$332=0,"—",calculos_quadro!$E$44) | O9: =IF(calculos_quadro!$B$332=0,"—",calculos_quadro!$E$45) -> 0 | R9: =IF(calculos_quadro!$B$332=0,"—",calculos_quadro!$E$46) | T9: =IF(calculos_quadro!$B$332=0,"—",calculos_quadro!$E$47) | W9: =IF(calculos_quadro!$B$332=0,"—",calculos_quadro!$E$49) | Y9: =IF(calculos_quadro!$B$332=0,"—",calculos_quadro!$E$50)
D10: Caixas Recebidas | H10: =IF(calculos_quadro!$B$333=0,"—",calculos_quadro!$F$48) | J10: =IF(calculos_quadro!$B$333=0,"—",calculos_quadro!$F$43) -> 0 | M10: =IF(calculos_quadro!$B$333=0,"—",calculos_quadro!$F$44) | O10: =IF(calculos_quadro!$B$333=0,"—",calculos_quadro!$F$45) -> 0 | R10: =IF(calculos_quadro!$B$333=0,"—",calculos_quadro!$F$46) | T10: =IF(calculos_quadro!$B$333=0,"—",calculos_quadro!$F$47) | W10: =IF(calculos_quadro!$B$333=0,"—",calculos_quadro!$F$49) | Y10: =IF(calculos_quadro!$B$333=0,"—",calculos_quadro!$F$50)
D11: Bags Recebidos | H11: =IF(calculos_quadro!$B$334=0,"—",calculos_quadro!$G$48) | J11: =IF(calculos_quadro!$B$334=0,"—",calculos_quadro!$G$43) -> 0 | M11: =IF(calculos_quadro!$B$334=0,"—",calculos_quadro!$G$44) | O11: =IF(calculos_quadro!$B$334=0,"—",calculos_quadro!$G$45) -> 0 | R11: =IF(calculos_quadro!$B$334=0,"—",calculos_quadro!$G$46) | T11: =IF(calculos_quadro!$B$334=0,"—",calculos_quadro!$G$47) | W11: =IF(calculos_quadro!$B$334=0,"—",calculos_quadro!$G$49) | Y11: =IF(calculos_quadro!$B$334=0,"—",calculos_quadro!$G$50)
B12: OUT | D12: Veículos Expedidos | H12: =IF(calculos_quadro!$B$335=0,"—",calculos_quadro!$H$48) | J12: =IF(calculos_quadro!$B$335=0,"—",calculos_quadro!$H$43) -> 0 | M12: =IF(calculos_quadro!$B$335=0,"—",calculos_quadro!$H$44) | O12: =IF(calculos_quadro!$B$335=0,"—",calculos_quadro!$H$45) -> 0 | R12: =IF(calculos_quadro!$B$335=0,"—",calculos_quadro!$H$46) | T12: =IF(calculos_quadro!$B$335=0,"—",calculos_quadro!$H$47) | W12: =IF(calculos_quadro!$B$335=0,"—",calculos_quadro!$H$49) | Y12: =IF(calculos_quadro!$B$335=0,"—",calculos_quadro!$H$50)
D13: Pallets Movimentados | H13: =IF(calculos_quadro!$B$336=0,"—",calculos_quadro!$I$48) | J13: =IF(calculos_quadro!$B$336=0,"—",calculos_quadro!$I$43) -> 0 | M13: =IF(calculos_quadro!$B$336=0,"—",calculos_quadro!$I$44) | O13: =IF(calculos_quadro!$B$336=0,"—",calculos_quadro!$I$45) -> 0 | R13: =IF(calculos_quadro!$B$336=0,"—",calculos_quadro!$I$46) | T13: =IF(calculos_quadro!$B$336=0,"—",calculos_quadro!$I$47) | W13: =IF(calculos_quadro!$B$336=0,"—",calculos_quadro!$I$49) | Y13: =IF(calculos_quadro!$B$336=0,"—",calculos_quadro!$I$50)
D14: Toneladas Movimentadas | H14: =IF(calculos_quadro!$B$337=0,"—",calculos_quadro!$J$48) | J14: =IF(calculos_quadro!$B$337=0,"—",calculos_quadro!$J$43) -> 0 | M14: =IF(calculos_quadro!$B$337=0,"—",calculos_quadro!$J$44) | O14: =IF(calculos_quadro!$B$337=0,"—",calculos_quadro!$J$45) -> 0 | R14: =IF(calculos_quadro!$B$337=0,"—",calculos_quadro!$J$46) | T14: =IF(calculos_quadro!$B$337=0,"—",calculos_quadro!$J$47) | W14: =IF(calculos_quadro!$B$337=0,"—",calculos_quadro!$J$49) | Y14: =IF(calculos_quadro!$B$337=0,"—",calculos_quadro!$J$50)
D15: Caixas Expedidas | H15: =IF(calculos_quadro!$B$338=0,"—",calculos_quadro!$K$48) | J15: =IF(calculos_quadro!$B$338=0,"—",calculos_quadro!$K$43) -> 0 | M15: =IF(calculos_quadro!$B$338=0,"—",calculos_quadro!$K$44) | O15: =IF(calculos_quadro!$B$338=0,"—",calculos_quadro!$K$45) -> 0 | R15: =IF(calculos_quadro!$B$338=0,"—",calculos_quadro!$K$46) | T15: =IF(calculos_quadro!$B$338=0,"—",calculos_quadro!$K$47) | W15: =IF(calculos_quadro!$B$338=0,"—",calculos_quadro!$K$49) | Y15: =IF(calculos_quadro!$B$338=0,"—",calculos_quadro!$K$50)
D16: Pedidos Faturados | H16: =IF(calculos_quadro!$B$339=0,"—",calculos_quadro!$L$48) | J16: =IF(calculos_quadro!$B$339=0,"—",calculos_quadro!$L$43) -> 0 | M16: =IF(calculos_quadro!$B$339=0,"—",calculos_quadro!$L$44) | O16: =IF(calculos_quadro!$B$339=0,"—",calculos_quadro!$L$45) -> 0 | R16: =IF(calculos_quadro!$B$339=0,"—",calculos_quadro!$L$46) | T16: =IF(calculos_quadro!$B$339=0,"—",calculos_quadro!$L$47) | W16: =IF(calculos_quadro!$B$339=0,"—",calculos_quadro!$L$49) | Y16: =IF(calculos_quadro!$B$339=0,"—",calculos_quadro!$L$50)
D17: Bags Expedidos | H17: =IF(calculos_quadro!$B$340=0,"—",calculos_quadro!$M$48) | J17: =IF(calculos_quadro!$B$340=0,"—",calculos_quadro!$M$43) -> 0 | M17: =IF(calculos_quadro!$B$340=0,"—",calculos_quadro!$M$44) | O17: =IF(calculos_quadro!$B$340=0,"—",calculos_quadro!$M$45) -> 0 | R17: =IF(calculos_quadro!$B$340=0,"—",calculos_quadro!$M$46) | T17: =IF(calculos_quadro!$B$340=0,"—",calculos_quadro!$M$47) | W17: =IF(calculos_quadro!$B$340=0,"—",calculos_quadro!$M$49) | Y17: =IF(calculos_quadro!$B$340=0,"—",calculos_quadro!$M$50)
B18: NC | D18: Incidentes | H18: =IF(calculos_quadro!$B$341=0,"—",calculos_quadro!$N$48) | J18: =IF(calculos_quadro!$B$341=0,"—",calculos_quadro!$N$43) -> 0 | M18: =IF(calculos_quadro!$B$341=0,"—",calculos_quadro!$N$44) | O18: =IF(calculos_quadro!$B$341=0,"—",calculos_quadro!$N$45) -> 0 | R18: =IF(calculos_quadro!$B$341=0,"—",calculos_quadro!$N$46) | T18: =IF(calculos_quadro!$B$341=0,"—",calculos_quadro!$N$47) | W18: =IF(calculos_quadro!$B$341=0,"—",calculos_quadro!$N$49) | Y18: =IF(calculos_quadro!$B$341=0,"—",calculos_quadro!$N$50)
D19: No show | H19: =IF(calculos_quadro!$B$342=0,"—",calculos_quadro!$O$48) | J19: =IF(calculos_quadro!$B$342=0,"—",calculos_quadro!$O$43) -> 0 | M19: =IF(calculos_quadro!$B$342=0,"—",calculos_quadro!$O$44) | O19: =IF(calculos_quadro!$B$342=0,"—",calculos_quadro!$O$45) -> 0 | R19: =IF(calculos_quadro!$B$342=0,"—",calculos_quadro!$O$46) | T19: =IF(calculos_quadro!$B$342=0,"—",calculos_quadro!$O$47) | W19: =IF(calculos_quadro!$B$342=0,"—",calculos_quadro!$O$49) | Y19: =IF(calculos_quadro!$B$342=0,"—",calculos_quadro!$O$50)
D20: Backlog Intralog | H20: =IF(calculos_quadro!$B$343=0,"—",calculos_quadro!$P$48) | J20: =IF(calculos_quadro!$B$343=0,"—",calculos_quadro!$P$43) | M20: =IF(calculos_quadro!$B$343=0,"—",calculos_quadro!$P$44) | O20: =IF(calculos_quadro!$B$343=0,"—",calculos_quadro!$P$45) | R20: =IF(calculos_quadro!$B$343=0,"—",calculos_quadro!$P$46) | T20: =IF(calculos_quadro!$B$343=0,"—",calculos_quadro!$P$47) | W20: =IF(calculos_quadro!$B$343=0,"—",calculos_quadro!$P$49) | Y20: =IF(calculos_quadro!$B$343=0,"—",calculos_quadro!$P$50)
D21: Backlog Cliente | H21: =IF(calculos_quadro!$B$344=0,"—",calculos_quadro!$Q$48) | J21: =IF(calculos_quadro!$B$344=0,"—",calculos_quadro!$Q$43) | M21: =IF(calculos_quadro!$B$344=0,"—",calculos_quadro!$Q$44) | O21: =IF(calculos_quadro!$B$344=0,"—",calculos_quadro!$Q$45) | R21: =IF(calculos_quadro!$B$344=0,"—",calculos_quadro!$Q$46) | T21: =IF(calculos_quadro!$B$344=0,"—",calculos_quadro!$Q$47) | W21: =IF(calculos_quadro!$B$344=0,"—",calculos_quadro!$Q$49) | Y21: =IF(calculos_quadro!$B$344=0,"—",calculos_quadro!$Q$50)
B22: OCUPAÇÃO (P.P) | D22: Posições Disponíveis | H22: =IF(calculos_quadro!$B$345=0,"—",calculos_quadro!$R$48) | J22: =IF(calculos_quadro!$B$345=0,"—",calculos_quadro!$R$43) | O22: =IF(calculos_quadro!$B$345=0,"—",calculos_quadro!$R$45) | R22: =IF(calculos_quadro!$B$345=0,"—",calculos_quadro!$R$46) | T22: =IF(calculos_quadro!$B$345=0,"—",calculos_quadro!$R$47) | W22: =IF(calculos_quadro!$B$345=0,"—",calculos_quadro!$R$49) | Y22: =IF(calculos_quadro!$B$345=0,"—",calculos_quadro!$R$50)
D23: Posições Ocupadas | H23: =IF(calculos_quadro!$B$346=0,"—",calculos_quadro!$S$48) | J23: =IF(calculos_quadro!$B$346=0,"—",calculos_quadro!$S$43) | M23: =IF(calculos_quadro!$B$346=0,"—",calculos_quadro!$S$44) | O23: =IF(calculos_quadro!$B$346=0,"—",calculos_quadro!$S$45) | R23: =IF(calculos_quadro!$B$346=0,"—",calculos_quadro!$S$46) | T23: =IF(calculos_quadro!$B$346=0,"—",calculos_quadro!$S$47) | W23: =IF(calculos_quadro!$B$346=0,"—",calculos_quadro!$S$49) | Y23: =IF(calculos_quadro!$B$346=0,"—",calculos_quadro!$S$50)
D24: Taxa de Ocupação | H24: =IF(calculos_quadro!$B$347=0,"—",calculos_quadro!$T$48) | J24: =IF(calculos_quadro!$B$347=0,"—",calculos_quadro!$T$43) | M24: =IF(calculos_quadro!$B$347=0,"—",calculos_quadro!$T$44) | O24: =IF(calculos_quadro!$B$347=0,"—",calculos_quadro!$T$45) | R24: =IF(calculos_quadro!$B$347=0,"—",calculos_quadro!$T$46) | T24: =IF(calculos_quadro!$B$347=0,"—",calculos_quadro!$T$47) | W24: =IF(calculos_quadro!$B$347=0,"—",calculos_quadro!$T$49) | Y24: =IF(calculos_quadro!$B$347=0,"—",calculos_quadro!$T$50)
B25: GENTE | D25: Efetivo Op. | H25: =IF(calculos_quadro!$B$348=0,"—",calculos_quadro!$U$48) | J25: =IF(calculos_quadro!$B$348=0,"—",calculos_quadro!$U$43) | M25: =IF(calculos_quadro!$B$348=0,"—",calculos_quadro!$U$44) | O25: =IF(calculos_quadro!$B$348=0,"—",calculos_quadro!$U$45) | R25: =IF(calculos_quadro!$B$348=0,"—",calculos_quadro!$U$46) | T25: =IF(calculos_quadro!$B$348=0,"—",calculos_quadro!$U$47) | W25: =IF(calculos_quadro!$B$348=0,"—",calculos_quadro!$U$49) | Y25: =IF(calculos_quadro!$B$348=0,"—",calculos_quadro!$U$50)
D26: Falta | H26: =IF(calculos_quadro!$B$349=0,"—",calculos_quadro!$V$48) | J26: =IF(calculos_quadro!$B$349=0,"—",calculos_quadro!$V$43) -> 0 | M26: =IF(calculos_quadro!$B$349=0,"—",calculos_quadro!$V$44) | O26: =IF(calculos_quadro!$B$349=0,"—",calculos_quadro!$V$45) -> 0 | R26: =IF(calculos_quadro!$B$349=0,"—",calculos_quadro!$V$46) | T26: =IF(calculos_quadro!$B$349=0,"—",calculos_quadro!$V$47) | W26: =IF(calculos_quadro!$B$349=0,"—",calculos_quadro!$V$49) | Y26: =IF(calculos_quadro!$B$349=0,"—",calculos_quadro!$V$50)
D27: Absenteísmo (H/H) | H27: =IF(calculos_quadro!$B$350=0,"—",calculos_quadro!$W$48) | J27: =IF(calculos_quadro!$B$350=0,"—",calculos_quadro!$W$43) -> 0 | M27: =IF(calculos_quadro!$B$350=0,"—",calculos_quadro!$W$44) | O27: =IF(calculos_quadro!$B$350=0,"—",calculos_quadro!$W$45) -> 0 | R27: =IF(calculos_quadro!$B$350=0,"—",calculos_quadro!$W$46) | T27: =IF(calculos_quadro!$B$350=0,"—",calculos_quadro!$W$47) | W27: =IF(calculos_quadro!$B$350=0,"—",calculos_quadro!$W$49) | Y27: =IF(calculos_quadro!$B$350=0,"—",calculos_quadro!$W$50)
D28: Folga | H28: =IF(calculos_quadro!$B$351=0,"—",calculos_quadro!$X$48) | J28: =IF(calculos_quadro!$B$351=0,"—",calculos_quadro!$X$43) -> 0 | M28: =IF(calculos_quadro!$B$351=0,"—",calculos_quadro!$X$44) | O28: =IF(calculos_quadro!$B$351=0,"—",calculos_quadro!$X$45) -> 0 | R28: =IF(calculos_quadro!$B$351=0,"—",calculos_quadro!$X$46) | T28: =IF(calculos_quadro!$B$351=0,"—",calculos_quadro!$X$47) | W28: =IF(calculos_quadro!$B$351=0,"—",calculos_quadro!$X$49) | Y28: =IF(calculos_quadro!$B$351=0,"—",calculos_quadro!$X$50)
D29: Férias | H29: =IF(calculos_quadro!$B$352=0,"—",calculos_quadro!$Y$48) | J29: =IF(calculos_quadro!$B$352=0,"—",calculos_quadro!$Y$43) -> 0 | M29: =IF(calculos_quadro!$B$352=0,"—",calculos_quadro!$Y$44) | O29: =IF(calculos_quadro!$B$352=0,"—",calculos_quadro!$Y$45) -> 0 | R29: =IF(calculos_quadro!$B$352=0,"—",calculos_quadro!$Y$46) | T29: =IF(calculos_quadro!$B$352=0,"—",calculos_quadro!$Y$47) | W29: =IF(calculos_quadro!$B$352=0,"—",calculos_quadro!$Y$49) | Y29: =IF(calculos_quadro!$B$352=0,"—",calculos_quadro!$Y$50)
D30: Desligamento | H30: =IF(calculos_quadro!$B$353=0,"—",calculos_quadro!$Z$48) | J30: =IF(calculos_quadro!$B$353=0,"—",calculos_quadro!$Z$43) -> 0 | M30: =IF(calculos_quadro!$B$353=0,"—",calculos_quadro!$Z$44) | O30: =IF(calculos_quadro!$B$353=0,"—",calculos_quadro!$Z$45) -> 0 | R30: =IF(calculos_quadro!$B$353=0,"—",calculos_quadro!$Z$46) | T30: =IF(calculos_quadro!$B$353=0,"—",calculos_quadro!$Z$47) | W30: =IF(calculos_quadro!$B$353=0,"—",calculos_quadro!$Z$49) | Y30: =IF(calculos_quadro!$B$353=0,"—",calculos_quadro!$Z$50)
D31: Desvios Comportamentais | H31: =IF(calculos_quadro!$B$354=0,"—",calculos_quadro!$AA$48) | J31: =IF(calculos_quadro!$B$354=0,"—",calculos_quadro!$AA$43) -> 0 | M31: =IF(calculos_quadro!$B$354=0,"—",calculos_quadro!$AA$44) | O31: =IF(calculos_quadro!$B$354=0,"—",calculos_quadro!$AA$45) -> 0 | R31: =IF(calculos_quadro!$B$354=0,"—",calculos_quadro!$AA$46) | T31: =IF(calculos_quadro!$B$354=0,"—",calculos_quadro!$AA$47) | W31: =IF(calculos_quadro!$B$354=0,"—",calculos_quadro!$AA$49) | Y31: =IF(calculos_quadro!$B$354=0,"—",calculos_quadro!$AA$50)
D32: Acidentes CAF | H32: =IF(calculos_quadro!$B$355=0,"—",calculos_quadro!$AB$48) | J32: =IF(calculos_quadro!$B$355=0,"—",calculos_quadro!$AB$43) -> 0 | M32: =IF(calculos_quadro!$B$355=0,"—",calculos_quadro!$AB$44) | O32: =IF(calculos_quadro!$B$355=0,"—",calculos_quadro!$AB$45) -> 0 | R32: =IF(calculos_quadro!$B$355=0,"—",calculos_quadro!$AB$46) | T32: =IF(calculos_quadro!$B$355=0,"—",calculos_quadro!$AB$47) | W32: =IF(calculos_quadro!$B$355=0,"—",calculos_quadro!$AB$49) | Y32: =IF(calculos_quadro!$B$355=0,"—",calculos_quadro!$AB$50)
D33: Acidentes SAF | H33: =IF(calculos_quadro!$B$356=0,"—",calculos_quadro!$AC$48) | J33: =IF(calculos_quadro!$B$356=0,"—",calculos_quadro!$AC$43) -> 0 | M33: =IF(calculos_quadro!$B$356=0,"—",calculos_quadro!$AC$44) | O33: =IF(calculos_quadro!$B$356=0,"—",calculos_quadro!$AC$45) -> 0 | R33: =IF(calculos_quadro!$B$356=0,"—",calculos_quadro!$AC$46) | T33: =IF(calculos_quadro!$B$356=0,"—",calculos_quadro!$AC$47) | W33: =IF(calculos_quadro!$B$356=0,"—",calculos_quadro!$AC$49) | Y33: =IF(calculos_quadro!$B$356=0,"—",calculos_quadro!$AC$50)
B34: Realizado: soma do mês nos fluxos (IN, OUT, incidentes, no show, falta, folga, férias, desligamento); último valor informado por cliente em backlog, posições, taxa e efetivo (dia sem lançamento mantém o valor anterior). Média/dia: dias com movimento. Metas e faixas: aba calculos (células amarelas). Vazio = sem registro.
B36: RESUMO POR CLIENTE · mês inteiro · segue o filtro desta aba
B37: GRUPO | D37: INDICADOR | H37: =calculos_quadro!$G$307&"" -> Barry Callebaut | I37: =calculos_quadro!$G$308&"" -> GM | J37: =calculos_quadro!$G$309&"" -> Mondelez | L37: =calculos_quadro!$G$310&"" -> Nestlé | M37: =calculos_quadro!$G$311&"" -> PMB | N37: =calculos_quadro!$G$312&"" | O37: =calculos_quadro!$G$313&"" | Q37: =calculos_quadro!$G$314&"" | R37: =calculos_quadro!$G$315&"" | S37: =calculos_quadro!$G$316&"" | T37: =calculos_quadro!$G$317&"" | V37: =calculos_quadro!$G$318&"" | W37: =calculos_quadro!$G$319&"" | X37: =calculos_quadro!$G$320&"" | Y37: =calculos_quadro!$G$321&"" | Z37: =calculos_quadro!$G$322&""
B38: IN | D38: Veículos Recebidos | H38: =IF(calculos_quadro!$G$307="","",IFERROR(INDEX(calculos_quadro!$B$97:$U$97,MATCH(calculos_quadro!$G$307,calculos_quadro!$B$96:$U$96,0)),"")) -> 0 | I38: =IF(calculos_quadro!$G$308="","",IFERROR(INDEX(calculos_quadro!$B$97:$U$97,MATCH(calculos_quadro!$G$308,calculos_quadro!$B$96:$U$96,0)),"")) -> — | J38: =IF(calculos_quadro!$G$309="","",IFERROR(INDEX(calculos_quadro!$B$97:$U$97,MATCH(calculos_quadro!$G$309,calculos_quadro!$B$96:$U$96,0)),"")) -> 0 | L38: =IF(calculos_quadro!$G$310="","",IFERROR(INDEX(calculos_quadro!$B$97:$U$97,MATCH(calculos_quadro!$G$310,calculos_quadro!$B$96:$U$96,0)),"")) -> 0 | M38: =IF(calculos_quadro!$G$311="","",IFERROR(INDEX(calculos_quadro!$B$97:$U$97,MATCH(calculos_quadro!$G$311,calculos_quadro!$B$96:$U$96,0)),"")) -> 0 | N38: =IF(calculos_quadro!$G$312="","",IFERROR(INDEX(calculos_quadro!$B$97:$U$97,MATCH(calculos_quadro!$G$312,calculos_quadro!$B$96:$U$96,0)),"")) | O38: =IF(calculos_quadro!$G$313="","",IFERROR(INDEX(calculos_quadro!$B$97:$U$97,MATCH(calculos_quadro!$G$313,calculos_quadro!$B$96:$U$96,0)),"")) | Q38: =IF(calculos_quadro!$G$314="","",IFERROR(INDEX(calculos_quadro!$B$97:$U$97,MATCH(calculos_quadro!$G$314,calculos_quadro!$B$96:$U$96,0)),"")) | R38: =IF(calculos_quadro!$G$315="","",IFERROR(INDEX(calculos_quadro!$B$97:$U$97,MATCH(calculos_quadro!$G$315,calculos_quadro!$B$96:$U$96,0)),"")) | S38: =IF(calculos_quadro!$G$316="","",IFERROR(INDEX(calculos_quadro!$B$97:$U$97,MATCH(calculos_quadro!$G$316,calculos_quadro!$B$96:$U$96,0)),"")) | T38: =IF(calculos_quadro!$G$317="","",IFERROR(INDEX(calculos_quadro!$B$97:$U$97,MATCH(calculos_quadro!$G$317,calculos_quadro!$B$96:$U$96,0)),"")) | V38: =IF(calculos_quadro!$G$318="","",IFERROR(INDEX(calculos_quadro!$B$97:$U$97,MATCH(calculos_quadro!$G$318,calculos_quadro!$B$96:$U$96,0)),"")) | W38: =IF(calculos_quadro!$G$319="","",IFERROR(INDEX(calculos_quadro!$B$97:$U$97,MATCH(calculos_quadro!$G$319,calculos_quadro!$B$96:$U$96,0)),"")) | X38: =IF(calculos_quadro!$G$320="","",IFERROR(INDEX(calculos_quadro!$B$97:$U$97,MATCH(calculos_quadro!$G$320,calculos_quadro!$B$96:$U$96,0)),"")) | Y38: =IF(calculos_quadro!$G$321="","",IFERROR(INDEX(calculos_quadro!$B$97:$U$97,MATCH(calculos_quadro!$G$321,calculos_quadro!$B$96:$U$96,0)),"")) | Z38: =IF(calculos_quadro!$G$322="","",IFERROR(INDEX(calculos_quadro!$B$97:$U$97,MATCH(calculos_quadro!$G$322,calculos_quadro!$B$96:$U$96,0)),""))
D39: Pallets Movimentados | H39: =IF(calculos_quadro!$G$307="","",IFERROR(INDEX(calculos_quadro!$B$98:$U$98,MATCH(calculos_quadro!$G$307,calculos_quadro!$B$96:$U$96,0)),"")) -> 0 | I39: =IF(calculos_quadro!$G$308="","",IFERROR(INDEX(calculos_quadro!$B$98:$U$98,MATCH(calculos_quadro!$G$308,calculos_quadro!$B$96:$U$96,0)),"")) -> — | J39: =IF(calculos_quadro!$G$309="","",IFERROR(INDEX(calculos_quadro!$B$98:$U$98,MATCH(calculos_quadro!$G$309,calculos_quadro!$B$96:$U$96,0)),"")) -> 0 | L39: =IF(calculos_quadro!$G$310="","",IFERROR(INDEX(calculos_quadro!$B$98:$U$98,MATCH(calculos_quadro!$G$310,calculos_quadro!$B$96:$U$96,0)),"")) -> 0 | M39: =IF(calculos_quadro!$G$311="","",IFERROR(INDEX(calculos_quadro!$B$98:$U$98,MATCH(calculos_quadro!$G$311,calculos_quadro!$B$96:$U$96,0)),"")) -> 0 | N39: =IF(calculos_quadro!$G$312="","",IFERROR(INDEX(calculos_quadro!$B$98:$U$98,MATCH(calculos_quadro!$G$312,calculos_quadro!$B$96:$U$96,0)),"")) | O39: =IF(calculos_quadro!$G$313="","",IFERROR(INDEX(calculos_quadro!$B$98:$U$98,MATCH(calculos_quadro!$G$313,calculos_quadro!$B$96:$U$96,0)),"")) | Q39: =IF(calculos_quadro!$G$314="","",IFERROR(INDEX(calculos_quadro!$B$98:$U$98,MATCH(calculos_quadro!$G$314,calculos_quadro!$B$96:$U$96,0)),"")) | R39: =IF(calculos_quadro!$G$315="","",IFERROR(INDEX(calculos_quadro!$B$98:$U$98,MATCH(calculos_quadro!$G$315,calculos_quadro!$B$96:$U$96,0)),"")) | S39: =IF(calculos_quadro!$G$316="","",IFERROR(INDEX(calculos_quadro!$B$98:$U$98,MATCH(calculos_quadro!$G$316,calculos_quadro!$B$96:$U$96,0)),"")) | T39: =IF(calculos_quadro!$G$317="","",IFERROR(INDEX(calculos_quadro!$B$98:$U$98,MATCH(calculos_quadro!$G$317,calculos_quadro!$B$96:$U$96,0)),"")) | V39: =IF(calculos_quadro!$G$318="","",IFERROR(INDEX(calculos_quadro!$B$98:$U$98,MATCH(calculos_quadro!$G$318,calculos_quadro!$B$96:$U$96,0)),"")) | W39: =IF(calculos_quadro!$G$319="","",IFERROR(INDEX(calculos_quadro!$B$98:$U$98,MATCH(calculos_quadro!$G$319,calculos_quadro!$B$96:$U$96,0)),"")) | X39: =IF(calculos_quadro!$G$320="","",IFERROR(INDEX(calculos_quadro!$B$98:$U$98,MATCH(calculos_quadro!$G$320,calculos_quadro!$B$96:$U$96,0)),"")) | Y39: =IF(calculos_quadro!$G$321="","",IFERROR(INDEX(calculos_quadro!$B$98:$U$98,MATCH(calculos_quadro!$G$321,calculos_quadro!$B$96:$U$96,0)),"")) | Z39: =IF(calculos_quadro!$G$322="","",IFERROR(INDEX(calculos_quadro!$B$98:$U$98,MATCH(calculos_quadro!$G$322,calculos_quadro!$B$96:$U$96,0)),""))
D40: Toneladas Movimentadas | H40: =IF(calculos_quadro!$G$307="","",IFERROR(INDEX(calculos_quadro!$B$99:$U$99,MATCH(calculos_quadro!$G$307,calculos_quadro!$B$96:$U$96,0)),"")) -> 0 | I40: =IF(calculos_quadro!$G$308="","",IFERROR(INDEX(calculos_quadro!$B$99:$U$99,MATCH(calculos_quadro!$G$308,calculos_quadro!$B$96:$U$96,0)),"")) -> — | J40: =IF(calculos_quadro!$G$309="","",IFERROR(INDEX(calculos_quadro!$B$99:$U$99,MATCH(calculos_quadro!$G$309,calculos_quadro!$B$96:$U$96,0)),"")) -> 0 | L40: =IF(calculos_quadro!$G$310="","",IFERROR(INDEX(calculos_quadro!$B$99:$U$99,MATCH(calculos_quadro!$G$310,calculos_quadro!$B$96:$U$96,0)),"")) -> 0 | M40: =IF(calculos_quadro!$G$311="","",IFERROR(INDEX(calculos_quadro!$B$99:$U$99,MATCH(calculos_quadro!$G$311,calculos_quadro!$B$96:$U$96,0)),"")) -> 0 | N40: =IF(calculos_quadro!$G$312="","",IFERROR(INDEX(calculos_quadro!$B$99:$U$99,MATCH(calculos_quadro!$G$312,calculos_quadro!$B$96:$U$96,0)),"")) | O40: =IF(calculos_quadro!$G$313="","",IFERROR(INDEX(calculos_quadro!$B$99:$U$99,MATCH(calculos_quadro!$G$313,calculos_quadro!$B$96:$U$96,0)),"")) | Q40: =IF(calculos_quadro!$G$314="","",IFERROR(INDEX(calculos_quadro!$B$99:$U$99,MATCH(calculos_quadro!$G$314,calculos_quadro!$B$96:$U$96,0)),"")) | R40: =IF(calculos_quadro!$G$315="","",IFERROR(INDEX(calculos_quadro!$B$99:$U$99,MATCH(calculos_quadro!$G$315,calculos_quadro!$B$96:$U$96,0)),"")) | S40: =IF(calculos_quadro!$G$316="","",IFERROR(INDEX(calculos_quadro!$B$99:$U$99,MATCH(calculos_quadro!$G$316,calculos_quadro!$B$96:$U$96,0)),"")) | T40: =IF(calculos_quadro!$G$317="","",IFERROR(INDEX(calculos_quadro!$B$99:$U$99,MATCH(calculos_quadro!$G$317,calculos_quadro!$B$96:$U$96,0)),"")) | V40: =IF(calculos_quadro!$G$318="","",IFERROR(INDEX(calculos_quadro!$B$99:$U$99,MATCH(calculos_quadro!$G$318,calculos_quadro!$B$96:$U$96,0)),"")) | W40: =IF(calculos_quadro!$G$319="","",IFERROR(INDEX(calculos_quadro!$B$99:$U$99,MATCH(calculos_quadro!$G$319,calculos_quadro!$B$96:$U$96,0)),"")) | X40: =IF(calculos_quadro!$G$320="","",IFERROR(INDEX(calculos_quadro!$B$99:$U$99,MATCH(calculos_quadro!$G$320,calculos_quadro!$B$96:$U$96,0)),"")) | Y40: =IF(calculos_quadro!$G$321="","",IFERROR(INDEX(calculos_quadro!$B$99:$U$99,MATCH(calculos_quadro!$G$321,calculos_quadro!$B$96:$U$96,0)),"")) | Z40: =IF(calculos_quadro!$G$322="","",IFERROR(INDEX(calculos_quadro!$B$99:$U$99,MATCH(calculos_quadro!$G$322,calculos_quadro!$B$96:$U$96,0)),""))
D41: Caixas Recebidas | H41: =IF(calculos_quadro!$G$307="","",IFERROR(INDEX(calculos_quadro!$B$100:$U$100,MATCH(calculos_quadro!$G$307,calculos_quadro!$B$96:$U$96,0)),"")) -> 0 | I41: =IF(calculos_quadro!$G$308="","",IFERROR(INDEX(calculos_quadro!$B$100:$U$100,MATCH(calculos_quadro!$G$308,calculos_quadro!$B$96:$U$96,0)),"")) -> — | J41: =IF(calculos_quadro!$G$309="","",IFERROR(INDEX(calculos_quadro!$B$100:$U$100,MATCH(calculos_quadro!$G$309,calculos_quadro!$B$96:$U$96,0)),"")) -> 0 | L41: =IF(calculos_quadro!$G$310="","",IFERROR(INDEX(calculos_quadro!$B$100:$U$100,MATCH(calculos_quadro!$G$310,calculos_quadro!$B$96:$U$96,0)),"")) -> 0 | M41: =IF(calculos_quadro!$G$311="","",IFERROR(INDEX(calculos_quadro!$B$100:$U$100,MATCH(calculos_quadro!$G$311,calculos_quadro!$B$96:$U$96,0)),"")) -> 0 | N41: =IF(calculos_quadro!$G$312="","",IFERROR(INDEX(calculos_quadro!$B$100:$U$100,MATCH(calculos_quadro!$G$312,calculos_quadro!$B$96:$U$96,0)),"")) | O41: =IF(calculos_quadro!$G$313="","",IFERROR(INDEX(calculos_quadro!$B$100:$U$100,MATCH(calculos_quadro!$G$313,calculos_quadro!$B$96:$U$96,0)),"")) | Q41: =IF(calculos_quadro!$G$314="","",IFERROR(INDEX(calculos_quadro!$B$100:$U$100,MATCH(calculos_quadro!$G$314,calculos_quadro!$B$96:$U$96,0)),"")) | R41: =IF(calculos_quadro!$G$315="","",IFERROR(INDEX(calculos_quadro!$B$100:$U$100,MATCH(calculos_quadro!$G$315,calculos_quadro!$B$96:$U$96,0)),"")) | S41: =IF(calculos_quadro!$G$316="","",IFERROR(INDEX(calculos_quadro!$B$100:$U$100,MATCH(calculos_quadro!$G$316,calculos_quadro!$B$96:$U$96,0)),"")) | T41: =IF(calculos_quadro!$G$317="","",IFERROR(INDEX(calculos_quadro!$B$100:$U$100,MATCH(calculos_quadro!$G$317,calculos_quadro!$B$96:$U$96,0)),"")) | V41: =IF(calculos_quadro!$G$318="","",IFERROR(INDEX(calculos_quadro!$B$100:$U$100,MATCH(calculos_quadro!$G$318,calculos_quadro!$B$96:$U$96,0)),"")) | W41: =IF(calculos_quadro!$G$319="","",IFERROR(INDEX(calculos_quadro!$B$100:$U$100,MATCH(calculos_quadro!$G$319,calculos_quadro!$B$96:$U$96,0)),"")) | X41: =IF(calculos_quadro!$G$320="","",IFERROR(INDEX(calculos_quadro!$B$100:$U$100,MATCH(calculos_quadro!$G$320,calculos_quadro!$B$96:$U$96,0)),"")) | Y41: =IF(calculos_quadro!$G$321="","",IFERROR(INDEX(calculos_quadro!$B$100:$U$100,MATCH(calculos_quadro!$G$321,calculos_quadro!$B$96:$U$96,0)),"")) | Z41: =IF(calculos_quadro!$G$322="","",IFERROR(INDEX(calculos_quadro!$B$100:$U$100,MATCH(calculos_quadro!$G$322,calculos_quadro!$B$96:$U$96,0)),""))
D42: Bags Recebidos | H42: =IF(calculos_quadro!$G$307="","",IFERROR(INDEX(calculos_quadro!$B$101:$U$101,MATCH(calculos_quadro!$G$307,calculos_quadro!$B$96:$U$96,0)),"")) -> 0 | I42: =IF(calculos_quadro!$G$308="","",IFERROR(INDEX(calculos_quadro!$B$101:$U$101,MATCH(calculos_quadro!$G$308,calculos_quadro!$B$96:$U$96,0)),"")) -> — | J42: =IF(calculos_quadro!$G$309="","",IFERROR(INDEX(calculos_quadro!$B$101:$U$101,MATCH(calculos_quadro!$G$309,calculos_quadro!$B$96:$U$96,0)),"")) -> — | L42: =IF(calculos_quadro!$G$310="","",IFERROR(INDEX(calculos_quadro!$B$101:$U$101,MATCH(calculos_quadro!$G$310,calculos_quadro!$B$96:$U$96,0)),"")) -> — | M42: =IF(calculos_quadro!$G$311="","",IFERROR(INDEX(calculos_quadro!$B$101:$U$101,MATCH(calculos_quadro!$G$311,calculos_quadro!$B$96:$U$96,0)),"")) -> — | N42: =IF(calculos_quadro!$G$312="","",IFERROR(INDEX(calculos_quadro!$B$101:$U$101,MATCH(calculos_quadro!$G$312,calculos_quadro!$B$96:$U$96,0)),"")) | O42: =IF(calculos_quadro!$G$313="","",IFERROR(INDEX(calculos_quadro!$B$101:$U$101,MATCH(calculos_quadro!$G$313,calculos_quadro!$B$96:$U$96,0)),"")) | Q42: =IF(calculos_quadro!$G$314="","",IFERROR(INDEX(calculos_quadro!$B$101:$U$101,MATCH(calculos_quadro!$G$314,calculos_quadro!$B$96:$U$96,0)),"")) | R42: =IF(calculos_quadro!$G$315="","",IFERROR(INDEX(calculos_quadro!$B$101:$U$101,MATCH(calculos_quadro!$G$315,calculos_quadro!$B$96:$U$96,0)),"")) | S42: =IF(calculos_quadro!$G$316="","",IFERROR(INDEX(calculos_quadro!$B$101:$U$101,MATCH(calculos_quadro!$G$316,calculos_quadro!$B$96:$U$96,0)),"")) | T42: =IF(calculos_quadro!$G$317="","",IFERROR(INDEX(calculos_quadro!$B$101:$U$101,MATCH(calculos_quadro!$G$317,calculos_quadro!$B$96:$U$96,0)),"")) | V42: =IF(calculos_quadro!$G$318="","",IFERROR(INDEX(calculos_quadro!$B$101:$U$101,MATCH(calculos_quadro!$G$318,calculos_quadro!$B$96:$U$96,0)),"")) | W42: =IF(calculos_quadro!$G$319="","",IFERROR(INDEX(calculos_quadro!$B$101:$U$101,MATCH(calculos_quadro!$G$319,calculos_quadro!$B$96:$U$96,0)),"")) | X42: =IF(calculos_quadro!$G$320="","",IFERROR(INDEX(calculos_quadro!$B$101:$U$101,MATCH(calculos_quadro!$G$320,calculos_quadro!$B$96:$U$96,0)),"")) | Y42: =IF(calculos_quadro!$G$321="","",IFERROR(INDEX(calculos_quadro!$B$101:$U$101,MATCH(calculos_quadro!$G$321,calculos_quadro!$B$96:$U$96,0)),"")) | Z42: =IF(calculos_quadro!$G$322="","",IFERROR(INDEX(calculos_quadro!$B$101:$U$101,MATCH(calculos_quadro!$G$322,calculos_quadro!$B$96:$U$96,0)),""))
B43: OUT | D43: Veículos Expedidos | H43: =IF(calculos_quadro!$G$307="","",IFERROR(INDEX(calculos_quadro!$B$102:$U$102,MATCH(calculos_quadro!$G$307,calculos_quadro!$B$96:$U$96,0)),"")) -> 0 | I43: =IF(calculos_quadro!$G$308="","",IFERROR(INDEX(calculos_quadro!$B$102:$U$102,MATCH(calculos_quadro!$G$308,calculos_quadro!$B$96:$U$96,0)),"")) -> 0 | J43: =IF(calculos_quadro!$G$309="","",IFERROR(INDEX(calculos_quadro!$B$102:$U$102,MATCH(calculos_quadro!$G$309,calculos_quadro!$B$96:$U$96,0)),"")) -> 0 | L43: =IF(calculos_quadro!$G$310="","",IFERROR(INDEX(calculos_quadro!$B$102:$U$102,MATCH(calculos_quadro!$G$310,calculos_quadro!$B$96:$U$96,0)),"")) -> 0 | M43: =IF(calculos_quadro!$G$311="","",IFERROR(INDEX(calculos_quadro!$B$102:$U$102,MATCH(calculos_quadro!$G$311,calculos_quadro!$B$96:$U$96,0)),"")) -> 0 | N43: =IF(calculos_quadro!$G$312="","",IFERROR(INDEX(calculos_quadro!$B$102:$U$102,MATCH(calculos_quadro!$G$312,calculos_quadro!$B$96:$U$96,0)),"")) | O43: =IF(calculos_quadro!$G$313="","",IFERROR(INDEX(calculos_quadro!$B$102:$U$102,MATCH(calculos_quadro!$G$313,calculos_quadro!$B$96:$U$96,0)),"")) | Q43: =IF(calculos_quadro!$G$314="","",IFERROR(INDEX(calculos_quadro!$B$102:$U$102,MATCH(calculos_quadro!$G$314,calculos_quadro!$B$96:$U$96,0)),"")) | R43: =IF(calculos_quadro!$G$315="","",IFERROR(INDEX(calculos_quadro!$B$102:$U$102,MATCH(calculos_quadro!$G$315,calculos_quadro!$B$96:$U$96,0)),"")) | S43: =IF(calculos_quadro!$G$316="","",IFERROR(INDEX(calculos_quadro!$B$102:$U$102,MATCH(calculos_quadro!$G$316,calculos_quadro!$B$96:$U$96,0)),"")) | T43: =IF(calculos_quadro!$G$317="","",IFERROR(INDEX(calculos_quadro!$B$102:$U$102,MATCH(calculos_quadro!$G$317,calculos_quadro!$B$96:$U$96,0)),"")) | V43: =IF(calculos_quadro!$G$318="","",IFERROR(INDEX(calculos_quadro!$B$102:$U$102,MATCH(calculos_quadro!$G$318,calculos_quadro!$B$96:$U$96,0)),"")) | W43: =IF(calculos_quadro!$G$319="","",IFERROR(INDEX(calculos_quadro!$B$102:$U$102,MATCH(calculos_quadro!$G$319,calculos_quadro!$B$96:$U$96,0)),"")) | X43: =IF(calculos_quadro!$G$320="","",IFERROR(INDEX(calculos_quadro!$B$102:$U$102,MATCH(calculos_quadro!$G$320,calculos_quadro!$B$96:$U$96,0)),"")) | Y43: =IF(calculos_quadro!$G$321="","",IFERROR(INDEX(calculos_quadro!$B$102:$U$102,MATCH(calculos_quadro!$G$321,calculos_quadro!$B$96:$U$96,0)),"")) | Z43: =IF(calculos_quadro!$G$322="","",IFERROR(INDEX(calculos_quadro!$B$102:$U$102,MATCH(calculos_quadro!$G$322,calculos_quadro!$B$96:$U$96,0)),""))
