Workbook

Sheet Dashboard
G1: ="DASHBOARD · INDICADORES OPERACIONAIS"&IF(calculos!$E$2="",""," · "&calculos!$E$2) -> DASHBOARD · INDICADORES OPERACIONAIS · TPC
B3: CLIENTE ▸ | D3: Todos | L3: PERÍODO ▸ | Q3: 46296 | T3: até | V3: 46326
B4: ="Período "&TEXT(calculos!$F$7,"dd/mm")&"/"&YEAR(calculos!$F$7)&" a "&TEXT(calculos!$G$7,"dd/mm")&"/"&YEAR(calculos!$G$7)&" · ▲▼ comparado a "&TEXT(calculos!$F$8,"dd/mm")&"–"&TEXT(calculos!$G$8,"dd/mm")&" (mesmo número de dias) · gráficos diários: "&calculos!$B$7 -> Período 01/10/2026 a 31/10/2026 · ▲▼ comparado a 31/08–30/09 (mesmo número de dias) · gráficos diários: Outubro/2026
C6: =Config!$D$60&"" -> RECEBIMENTO (IN) | H6: =Config!$D$62&"" -> EXPEDIÇÃO (OUT) | M6: =Config!$D$64&"" -> NC OPERACIONAL | R6: =Config!$D$69&"" -> ÍNDICE DE OCUPAÇÃO (P.P) | W6: =Config!$D$75&"" -> GENTE
B7: =IF(calculos!$AX$384="Não se aplica","—",calculos!$B$342) -> 0 | G7: =IF(calculos!$AY$384="Não se aplica","—",calculos!$B$345) -> 0 | L7: =calculos!$B$348 -> 0 | Q7: =IF(calculos!$AZ$384="Só ocupadas","CONTRATO",IF(OR(calculos!$AZ$384="Completo",calculos!$AZ$384=""),calculos!$BA$384&"","")) -> ARMAZÉM | S7: =IF(calculos!$AZ$384="Só ocupadas",IF(calculos!$BC$384="","—",UPPER(calculos!$BC$384)),IF(OR(calculos!$AZ$384="Completo",calculos!$AZ$384=""),calculos!$B$353,"")) | V7: =Config!$D$76&"" -> EFETIVO | X7: =calculos!$B$356
Q8: =IF(calculos!$AZ$384="Não se aplica","",Config!$D$72&"") -> OCUPADA | S8: =IF(calculos!$AZ$384="Não se aplica","",calculos!$B$352) | V8: =Config!$D$77&"" -> ABSENTEÍSMO (H/H) | X8: =calculos!$B$359 -> 0
L9: =Config!$D$65&"" -> incidentes no período | Q9: =IF(OR(calculos!$AZ$384="Completo",calculos!$AZ$384=""),Config!$D$73&"","") -> TX OCUPAÇÃO | S9: =IF(OR(calculos!$AZ$384="Completo",calculos!$AZ$384=""),calculos!$B$354,"") | V9: =Config!$D$78&"" -> FÉRIAS | X9: =calculos!$B$362 -> 0
B10: =IF(calculos!$AX$384="Não se aplica","não se aplica a este cliente",Config!$D$61&"") -> veículos recebidos | G10: =IF(calculos!$AY$384="Não se aplica","não se aplica a este cliente",Config!$D$63&"") -> veículos expedidos | L10: =Config!$D$66&"" -> NO SHOW | N10: =calculos!$B$349 -> 0 | Q10: =IF(OR(calculos!$AZ$384="Completo",calculos!$AZ$384=""),Config!$D$74&"","") -> OCIOSIDADE | S10: =IF(OR(calculos!$AZ$384="Completo",calculos!$AZ$384=""),calculos!$B$355,"") | V10: =Config!$D$79&"" -> TURNOVER | X10: =calculos!$B$364
B11: =IF(calculos!$AX$384="Não se aplica","",calculos!$B$382) -> 0 pallets movimentados | G11: =IF(calculos!$AY$384="Não se aplica","",calculos!$F$382) -> 0 pallets movimentados | L11: =Config!$D$67&"" -> BACKLOG INTRALOG | N11: =calculos!$B$350 | Q11: =IF(calculos!$AZ$384="Não se aplica","não se aplica a este cliente",IF(calculos!$AZ$384="Só ocupadas","posições ocupadas · contrato "&IF(calculos!$BC$384="","não informado",calculos!$BC$384),IF(ISNUMBER(calculos!$B$354),"taxa de ocupação · "&IF(calculos!$B$354>1,"excede o contratado",IF(calculos!$B$354>=calculos!$B$6,"ocupação alta",IF(calculos!$B$354>=calculos!$B$5,"ocupação média","ociosidade alta"))),""))) | V11: =Config!$D$80&"" -> DESVIOS COMPORTAM. | X11: =calculos!$B$365 -> 0
B12: =IF(calculos!$AX$384="Não se aplica","",calculos!$D$382) -> 0,0 t movimentadas | G12: =IF(calculos!$AY$384="Não se aplica","",calculos!$H$382) -> 0,0 t movimentadas | L12: =Config!$D$68&"" -> BACKLOG CLIENTE | N12: =calculos!$B$351 | V12: =Config!$D$81&"" -> ACIDENTES (CAF/SAF) | X12: =N(calculos!$B$366)&" / "&N(calculos!$B$367) -> 0 / 0
B13: =IF(calculos!$AX$384="Não se aplica","",calculos!$D$342) | G13: =IF(calculos!$AY$384="Não se aplica","",calculos!$D$345) | L13: =calculos!$D$348 | Q13: =IF(AND(calculos!$AZ$384<>"Completo",calculos!$AZ$384<>""),"",calculos!$D$354) | V13: =calculos!$D$356
B65: Cards: período digitado (dia inicial e final). Gráficos: mês do dia inicial. Absenteísmo (H/H) = horas de ausência lançadas na BD (soma do período) · Turnover = desligamentos ÷ efetivo · CAF/SAF = acidentes com / sem afastamento. Metas: aba BD.

Sheet Monitoramento
G1: MONITORAMENTO DIÁRIO DE PERFORMANCE · TPC | AE1: OUTUBRO · 2026
A2: CLIENTE | B2: INDICADORES | D2: META | F2: REALIZADO P/DIA | AK2: MÊS
F3: =IF(ISNUMBER($AE$1),DATE(YEAR($AE$1),MONTH($AE$1),1),IFERROR(DATE(VALUE(RIGHT(TRIM($AE$1),4)),MATCH(TRIM(LEFT($AE$1,FIND("·",$AE$1)-1)),{"JANEIRO","FEVEREIRO","MARÇO","ABRIL","MAIO","JUNHO","JULHO","AGOSTO","SETEMBRO","OUTUBRO","NOVEMBRO","DEZEMBRO"},0),1),DATE(2026,10,1))) -> 46296 | G3: =IF(F3="","",IF(MONTH(F3+1)=MONTH($F$3),F3+1,"")) -> 46297 | H3: =IF(G3="","",IF(MONTH(G3+1)=MONTH($F$3),G3+1,"")) -> 46298 | I3: =IF(H3="","",IF(MONTH(H3+1)=MONTH($F$3),H3+1,"")) -> 46299 | J3: =IF(I3="","",IF(MONTH(I3+1)=MONTH($F$3),I3+1,"")) -> 46300 | K3: =IF(J3="","",IF(MONTH(J3+1)=MONTH($F$3),J3+1,"")) -> 46301 | L3: =IF(K3="","",IF(MONTH(K3+1)=MONTH($F$3),K3+1,"")) -> 46302 | M3: =IF(L3="","",IF(MONTH(L3+1)=MONTH($F$3),L3+1,"")) -> 46303 | N3: =IF(M3="","",IF(MONTH(M3+1)=MONTH($F$3),M3+1,"")) -> 46304 | ... AJ3: =IF(AI3="","",IF(MONTH(AI3+1)=MONTH($F$3),AI3+1,"")) -> 46326
A5: Alpargatas | B5: IN | C5: Veículos Recebidos | D5: =IFERROR(1/(1/INDEX(BD!$AL$23:$BF$23,MATCH($A$5,BD!$AL$22:$BF$22,0))),"") | F5: =IF(F$3="","",IF(COUNTIFS(BD!$A$3:$A$5001,F$3,BD!$B$3:$B$5001,$A$5,BD!$C$3:$C$5001,"<>")=0,"",SUMIFS(BD!$C$3:$C$5001,BD!$A$3:$A$5001,F$3,BD!$B$3:$B$5001,$A$5))) | G5: =IF(G$3="","",IF(COUNTIFS(BD!$A$3:$A$5001,G$3,BD!$B$3:$B$5001,$A$5,BD!$C$3:$C$5001,"<>")=0,"",SUMIFS(BD!$C$3:$C$5001,BD!$A$3:$A$5001,G$3,BD!$B$3:$B$5001,$A$5))) | H5: =IF(H$3="","",IF(COUNTIFS(BD!$A$3:$A$5001,H$3,BD!$B$3:$B$5001,$A$5,BD!$C$3:$C$5001,"<>")=0,"",SUMIFS(BD!$C$3:$C$5001,BD!$A$3:$A$5001,H$3,BD!$B$3:$B$5001,$A$5))) | I5: =IF(I$3="","",IF(COUNTIFS(BD!$A$3:$A$5001,I$3,BD!$B$3:$B$5001,$A$5,BD!$C$3:$C$5001,"<>")=0,"",SUMIFS(BD!$C$3:$C$5001,BD!$A$3:$A$5001,I$3,BD!$B$3:$B$5001,$A$5))) | J5: =IF(J$3="","",IF(COUNTIFS(BD!$A$3:$A$5001,J$3,BD!$B$3:$B$5001,$A$5,BD!$C$3:$C$5001,"<>")=0,"",SUMIFS(BD!$C$3:$C$5001,BD!$A$3:$A$5001,J$3,BD!$B$3:$B$5001,$A$5))) | K5: =IF(K$3="","",IF(COUNTIFS(BD!$A$3:$A$5001,K$3,BD!$B$3:$B$5001,$A$5,BD!$C$3:$C$5001,"<>")=0,"",SUMIFS(BD!$C$3:$C$5001,BD!$A$3:$A$5001,K$3,BD!$B$3:$B$5001,$A$5))) | L5: =IF(L$3="","",IF(COUNTIFS(BD!$A$3:$A$5001,L$3,BD!$B$3:$B$5001,$A$5,BD!$C$3:$C$5001,"<>")=0,"",SUMIFS(BD!$C$3:$C$5001,BD!$A$3:$A$5001,L$3,BD!$B$3:$B$5001,$A$5))) | M5: =IF(M$3="","",IF(COUNTIFS(BD!$A$3:$A$5001,M$3,BD!$B$3:$B$5001,$A$5,BD!$C$3:$C$5001,"<>")=0,"",SUMIFS(BD!$C$3:$C$5001,BD!$A$3:$A$5001,M$3,BD!$B$3:$B$5001,$A$5))) | ... AJ5: =IF(AJ$3="","",IF(COUNTIFS(BD!$A$3:$A$5001,AJ$3,BD!$B$3:$B$5001,$A$5,BD!$C$3:$C$5001,"<>")=0,"",SUMIFS(BD!$C$3:$C$5001,BD!$A$3:$A$5001,AJ$3,BD!$B$3:$B$5001,$A$5))) | AK5: =IF(COUNT(F5:AJ5)=0,"",SUM(F5:AJ5))
C6: Caixas Movimentadas | D6: =IFERROR(1/(1/INDEX(BD!$AL$27:$BF$27,MATCH($A$5,BD!$AL$22:$BF$22,0))),"") | F6: =IF(F$3="","",IF(COUNTIFS(BD!$A$3:$A$5001,F$3,BD!$B$3:$B$5001,$A$5,BD!$G$3:$G$5001,"<>")=0,"",SUMIFS(BD!$G$3:$G$5001,BD!$A$3:$A$5001,F$3,BD!$B$3:$B$5001,$A$5))) | G6: =IF(G$3="","",IF(COUNTIFS(BD!$A$3:$A$5001,G$3,BD!$B$3:$B$5001,$A$5,BD!$G$3:$G$5001,"<>")=0,"",SUMIFS(BD!$G$3:$G$5001,BD!$A$3:$A$5001,G$3,BD!$B$3:$B$5001,$A$5))) | H6: =IF(H$3="","",IF(COUNTIFS(BD!$A$3:$A$5001,H$3,BD!$B$3:$B$5001,$A$5,BD!$G$3:$G$5001,"<>")=0,"",SUMIFS(BD!$G$3:$G$5001,BD!$A$3:$A$5001,H$3,BD!$B$3:$B$5001,$A$5))) | I6: =IF(I$3="","",IF(COUNTIFS(BD!$A$3:$A$5001,I$3,BD!$B$3:$B$5001,$A$5,BD!$G$3:$G$5001,"<>")=0,"",SUMIFS(BD!$G$3:$G$5001,BD!$A$3:$A$5001,I$3,BD!$B$3:$B$5001,$A$5))) | J6: =IF(J$3="","",IF(COUNTIFS(BD!$A$3:$A$5001,J$3,BD!$B$3:$B$5001,$A$5,BD!$G$3:$G$5001,"<>")=0,"",SUMIFS(BD!$G$3:$G$5001,BD!$A$3:$A$5001,J$3,BD!$B$3:$B$5001,$A$5))) | K6: =IF(K$3="","",IF(COUNTIFS(BD!$A$3:$A$5001,K$3,BD!$B$3:$B$5001,$A$5,BD!$G$3:$G$5001,"<>")=0,"",SUMIFS(BD!$G$3:$G$5001,BD!$A$3:$A$5001,K$3,BD!$B$3:$B$5001,$A$5))) | L6: =IF(L$3="","",IF(COUNTIFS(BD!$A$3:$A$5001,L$3,BD!$B$3:$B$5001,$A$5,BD!$G$3:$G$5001,"<>")=0,"",SUMIFS(BD!$G$3:$G$5001,BD!$A$3:$A$5001,L$3,BD!$B$3:$B$5001,$A$5))) | M6: =IF(M$3="","",IF(COUNTIFS(BD!$A$3:$A$5001,M$3,BD!$B$3:$B$5001,$A$5,BD!$G$3:$G$5001,"<>")=0,"",SUMIFS(BD!$G$3:$G$5001,BD!$A$3:$A$5001,M$3,BD!$B$3:$B$5001,$A$5))) | ... AJ6: =IF(AJ$3="","",IF(COUNTIFS(BD!$A$3:$A$5001,AJ$3,BD!$B$3:$B$5001,$A$5,BD!$G$3:$G$5001,"<>")=0,"",SUMIFS(BD!$G$3:$G$5001,BD!$A$3:$A$5001,AJ$3,BD!$B$3:$B$5001,$A$5))) | AK6: =IF(COUNT(F6:AJ6)=0,"",SUM(F6:AJ6))
B7: OUT | C7: Veículos Expedidos | D7: =IFERROR(1/(1/INDEX(BD!$AL$32:$BF$32,MATCH($A$5,BD!$AL$22:$BF$22,0))),"") | F7: =IF(F$3="","",IF(COUNTIFS(BD!$A$3:$A$5001,F$3,BD!$B$3:$B$5001,$A$5,BD!$L$3:$L$5001,"<>")=0,"",SUMIFS(BD!$L$3:$L$5001,BD!$A$3:$A$5001,F$3,BD!$B$3:$B$5001,$A$5))) | G7: =IF(G$3="","",IF(COUNTIFS(BD!$A$3:$A$5001,G$3,BD!$B$3:$B$5001,$A$5,BD!$L$3:$L$5001,"<>")=0,"",SUMIFS(BD!$L$3:$L$5001,BD!$A$3:$A$5001,G$3,BD!$B$3:$B$5001,$A$5))) | H7: =IF(H$3="","",IF(COUNTIFS(BD!$A$3:$A$5001,H$3,BD!$B$3:$B$5001,$A$5,BD!$L$3:$L$5001,"<>")=0,"",SUMIFS(BD!$L$3:$L$5001,BD!$A$3:$A$5001,H$3,BD!$B$3:$B$5001,$A$5))) | I7: =IF(I$3="","",IF(COUNTIFS(BD!$A$3:$A$5001,I$3,BD!$B$3:$B$5001,$A$5,BD!$L$3:$L$5001,"<>")=0,"",SUMIFS(BD!$L$3:$L$5001,BD!$A$3:$A$5001,I$3,BD!$B$3:$B$5001,$A$5))) | J7: =IF(J$3="","",IF(COUNTIFS(BD!$A$3:$A$5001,J$3,BD!$B$3:$B$5001,$A$5,BD!$L$3:$L$5001,"<>")=0,"",SUMIFS(BD!$L$3:$L$5001,BD!$A$3:$A$5001,J$3,BD!$B$3:$B$5001,$A$5))) | K7: =IF(K$3="","",IF(COUNTIFS(BD!$A$3:$A$5001,K$3,BD!$B$3:$B$5001,$A$5,BD!$L$3:$L$5001,"<>")=0,"",SUMIFS(BD!$L$3:$L$5001,BD!$A$3:$A$5001,K$3,BD!$B$3:$B$5001,$A$5))) | L7: =IF(L$3="","",IF(COUNTIFS(BD!$A$3:$A$5001,L$3,BD!$B$3:$B$5001,$A$5,BD!$L$3:$L$5001,"<>")=0,"",SUMIFS(BD!$L$3:$L$5001,BD!$A$3:$A$5001,L$3,BD!$B$3:$B$5001,$A$5))) | M7: =IF(M$3="","",IF(COUNTIFS(BD!$A$3:$A$5001,M$3,BD!$B$3:$B$5001,$A$5,BD!$L$3:$L$5001,"<>")=0,"",SUMIFS(BD!$L$3:$L$5001,BD!$A$3:$A$5001,M$3,BD!$B$3:$B$5001,$A$5))) | ... AJ7: =IF(AJ$3="","",IF(COUNTIFS(BD!$A$3:$A$5001,AJ$3,BD!$B$3:$B$5001,$A$5,BD!$L$3:$L$5001,"<>")=0,"",SUMIFS(BD!$L$3:$L$5001,BD!$A$3:$A$5001,AJ$3,BD!$B$3:$B$5001,$A$5))) | AK7: =IF(COUNT(F7:AJ7)=0,"",SUM(F7:AJ7))
C8: Caixas Expedidas | D8: =IFERROR(1/(1/INDEX(BD!$AL$37:$BF$37,MATCH($A$5,BD!$AL$22:$BF$22,0))),"") | F8: =IF(F$3="","",IF(COUNTIFS(BD!$A$3:$A$5001,F$3,BD!$B$3:$B$5001,$A$5,BD!$Q$3:$Q$5001,"<>")=0,"",SUMIFS(BD!$Q$3:$Q$5001,BD!$A$3:$A$5001,F$3,BD!$B$3:$B$5001,$A$5))) | G8: =IF(G$3="","",IF(COUNTIFS(BD!$A$3:$A$5001,G$3,BD!$B$3:$B$5001,$A$5,BD!$Q$3:$Q$5001,"<>")=0,"",SUMIFS(BD!$Q$3:$Q$5001,BD!$A$3:$A$5001,G$3,BD!$B$3:$B$5001,$A$5))) | H8: =IF(H$3="","",IF(COUNTIFS(BD!$A$3:$A$5001,H$3,BD!$B$3:$B$5001,$A$5,BD!$Q$3:$Q$5001,"<>")=0,"",SUMIFS(BD!$Q$3:$Q$5001,BD!$A$3:$A$5001,H$3,BD!$B$3:$B$5001,$A$5))) | I8: =IF(I$3="","",IF(COUNTIFS(BD!$A$3:$A$5001,I$3,BD!$B$3:$B$5001,$A$5,BD!$Q$3:$Q$5001,"<>")=0,"",SUMIFS(BD!$Q$3:$Q$5001,BD!$A$3:$A$5001,I$3,BD!$B$3:$B$5001,$A$5))) | J8: =IF(J$3="","",IF(COUNTIFS(BD!$A$3:$A$5001,J$3,BD!$B$3:$B$5001,$A$5,BD!$Q$3:$Q$5001,"<>")=0,"",SUMIFS(BD!$Q$3:$Q$5001,BD!$A$3:$A$5001,J$3,BD!$B$3:$B$5001,$A$5))) | K8: =IF(K$3="","",IF(COUNTIFS(BD!$A$3:$A$5001,K$3,BD!$B$3:$B$5001,$A$5,BD!$Q$3:$Q$5001,"<>")=0,"",SUMIFS(BD!$Q$3:$Q$5001,BD!$A$3:$A$5001,K$3,BD!$B$3:$B$5001,$A$5))) | L8: =IF(L$3="","",IF(COUNTIFS(BD!$A$3:$A$5001,L$3,BD!$B$3:$B$5001,$A$5,BD!$Q$3:$Q$5001,"<>")=0,"",SUMIFS(BD!$Q$3:$Q$5001,BD!$A$3:$A$5001,L$3,BD!$B$3:$B$5001,$A$5))) | M8: =IF(M$3="","",IF(COUNTIFS(BD!$A$3:$A$5001,M$3,BD!$B$3:$B$5001,$A$5,BD!$Q$3:$Q$5001,"<>")=0,"",SUMIFS(BD!$Q$3:$Q$5001,BD!$A$3:$A$5001,M$3,BD!$B$3:$B$5001,$A$5))) | ... AJ8: =IF(AJ$3="","",IF(COUNTIFS(BD!$A$3:$A$5001,AJ$3,BD!$B$3:$B$5001,$A$5,BD!$Q$3:$Q$5001,"<>")=0,"",SUMIFS(BD!$Q$3:$Q$5001,BD!$A$3:$A$5001,AJ$3,BD!$B$3:$B$5001,$A$5))) | AK8: =IF(COUNT(F8:AJ8)=0,"",SUM(F8:AJ8))
B9: NC | C9: Incidentes | D9: =IFERROR(1/(1/INDEX(BD!$AL$40:$BF$40,MATCH($A$5,BD!$AL$22:$BF$22,0))),"") | F9: =IF(F$3="","",IF(COUNTIFS(BD!$A$3:$A$5001,F$3,BD!$B$3:$B$5001,$A$5,BD!$T$3:$T$5001,"<>")=0,"",SUMIFS(BD!$T$3:$T$5001,BD!$A$3:$A$5001,F$3,BD!$B$3:$B$5001,$A$5))) | G9: =IF(G$3="","",IF(COUNTIFS(BD!$A$3:$A$5001,G$3,BD!$B$3:$B$5001,$A$5,BD!$T$3:$T$5001,"<>")=0,"",SUMIFS(BD!$T$3:$T$5001,BD!$A$3:$A$5001,G$3,BD!$B$3:$B$5001,$A$5))) | H9: =IF(H$3="","",IF(COUNTIFS(BD!$A$3:$A$5001,H$3,BD!$B$3:$B$5001,$A$5,BD!$T$3:$T$5001,"<>")=0,"",SUMIFS(BD!$T$3:$T$5001,BD!$A$3:$A$5001,H$3,BD!$B$3:$B$5001,$A$5))) | I9: =IF(I$3="","",IF(COUNTIFS(BD!$A$3:$A$5001,I$3,BD!$B$3:$B$5001,$A$5,BD!$T$3:$T$5001,"<>")=0,"",SUMIFS(BD!$T$3:$T$5001,BD!$A$3:$A$5001,I$3,BD!$B$3:$B$5001,$A$5))) | J9: =IF(J$3="","",IF(COUNTIFS(BD!$A$3:$A$5001,J$3,BD!$B$3:$B$5001,$A$5,BD!$T$3:$T$5001,"<>")=0,"",SUMIFS(BD!$T$3:$T$5001,BD!$A$3:$A$5001,J$3,BD!$B$3:$B$5001,$A$5))) | K9: =IF(K$3="","",IF(COUNTIFS(BD!$A$3:$A$5001,K$3,BD!$B$3:$B$5001,$A$5,BD!$T$3:$T$5001,"<>")=0,"",SUMIFS(BD!$T$3:$T$5001,BD!$A$3:$A$5001,K$3,BD!$B$3:$B$5001,$A$5))) | L9: =IF(L$3="","",IF(COUNTIFS(BD!$A$3:$A$5001,L$3,BD!$B$3:$B$5001,$A$5,BD!$T$3:$T$5001,"<>")=0,"",SUMIFS(BD!$T$3:$T$5001,BD!$A$3:$A$5001,L$3,BD!$B$3:$B$5001,$A$5))) | M9: =IF(M$3="","",IF(COUNTIFS(BD!$A$3:$A$5001,M$3,BD!$B$3:$B$5001,$A$5,BD!$T$3:$T$5001,"<>")=0,"",SUMIFS(BD!$T$3:$T$5001,BD!$A$3:$A$5001,M$3,BD!$B$3:$B$5001,$A$5))) | ... AJ9: =IF(AJ$3="","",IF(COUNTIFS(BD!$A$3:$A$5001,AJ$3,BD!$B$3:$B$5001,$A$5,BD!$T$3:$T$5001,"<>")=0,"",SUMIFS(BD!$T$3:$T$5001,BD!$A$3:$A$5001,AJ$3,BD!$B$3:$B$5001,$A$5))) | AK9: =IF(COUNT(F9:AJ9)=0,"",SUM(F9:AJ9))
C10: No show | D10: =IFERROR(1/(1/INDEX(BD!$AL$41:$BF$41,MATCH($A$5,BD!$AL$22:$BF$22,0))),"") | F10: =IF(F$3="","",IF(COUNTIFS(BD!$A$3:$A$5001,F$3,BD!$B$3:$B$5001,$A$5,BD!$U$3:$U$5001,"<>")=0,"",SUMIFS(BD!$U$3:$U$5001,BD!$A$3:$A$5001,F$3,BD!$B$3:$B$5001,$A$5))) | G10: =IF(G$3="","",IF(COUNTIFS(BD!$A$3:$A$5001,G$3,BD!$B$3:$B$5001,$A$5,BD!$U$3:$U$5001,"<>")=0,"",SUMIFS(BD!$U$3:$U$5001,BD!$A$3:$A$5001,G$3,BD!$B$3:$B$5001,$A$5))) | H10: =IF(H$3="","",IF(COUNTIFS(BD!$A$3:$A$5001,H$3,BD!$B$3:$B$5001,$A$5,BD!$U$3:$U$5001,"<>")=0,"",SUMIFS(BD!$U$3:$U$5001,BD!$A$3:$A$5001,H$3,BD!$B$3:$B$5001,$A$5))) | I10: =IF(I$3="","",IF(COUNTIFS(BD!$A$3:$A$5001,I$3,BD!$B$3:$B$5001,$A$5,BD!$U$3:$U$5001,"<>")=0,"",SUMIFS(BD!$U$3:$U$5001,BD!$A$3:$A$5001,I$3,BD!$B$3:$B$5001,$A$5))) | J10: =IF(J$3="","",IF(COUNTIFS(BD!$A$3:$A$5001,J$3,BD!$B$3:$B$5001,$A$5,BD!$U$3:$U$5001,"<>")=0,"",SUMIFS(BD!$U$3:$U$5001,BD!$A$3:$A$5001,J$3,BD!$B$3:$B$5001,$A$5))) | K10: =IF(K$3="","",IF(COUNTIFS(BD!$A$3:$A$5001,K$3,BD!$B$3:$B$5001,$A$5,BD!$U$3:$U$5001,"<>")=0,"",SUMIFS(BD!$U$3:$U$5001,BD!$A$3:$A$5001,K$3,BD!$B$3:$B$5001,$A$5))) | L10: =IF(L$3="","",IF(COUNTIFS(BD!$A$3:$A$5001,L$3,BD!$B$3:$B$5001,$A$5,BD!$U$3:$U$5001,"<>")=0,"",SUMIFS(BD!$U$3:$U$5001,BD!$A$3:$A$5001,L$3,BD!$B$3:$B$5001,$A$5))) | M10: =IF(M$3="","",IF(COUNTIFS(BD!$A$3:$A$5001,M$3,BD!$B$3:$B$5001,$A$5,BD!$U$3:$U$5001,"<>")=0,"",SUMIFS(BD!$U$3:$U$5001,BD!$A$3:$A$5001,M$3,BD!$B$3:$B$5001,$A$5))) | ... AJ10: =IF(AJ$3="","",IF(COUNTIFS(BD!$A$3:$A$5001,AJ$3,BD!$B$3:$B$5001,$A$5,BD!$U$3:$U$5001,"<>")=0,"",SUMIFS(BD!$U$3:$U$5001,BD!$A$3:$A$5001,AJ$3,BD!$B$3:$B$5001,$A$5))) | AK10: =IF(COUNT(F10:AJ10)=0,"",SUM(F10:AJ10))
C11: Backlog Intralog | D11: =IFERROR(1/(1/INDEX(BD!$AL$42:$BF$42,MATCH($A$5,BD!$AL$22:$BF$22,0))),"") | F11: =IF(F$3="","",IF(COUNTIFS(BD!$A$3:$A$5001,F$3,BD!$B$3:$B$5001,$A$5,BD!$V$3:$V$5001,"<>")=0,"",SUMIFS(BD!$V$3:$V$5001,BD!$A$3:$A$5001,F$3,BD!$B$3:$B$5001,$A$5))) | G11: =IF(G$3="","",IF(COUNTIFS(BD!$A$3:$A$5001,G$3,BD!$B$3:$B$5001,$A$5,BD!$V$3:$V$5001,"<>")=0,"",SUMIFS(BD!$V$3:$V$5001,BD!$A$3:$A$5001,G$3,BD!$B$3:$B$5001,$A$5))) | H11: =IF(H$3="","",IF(COUNTIFS(BD!$A$3:$A$5001,H$3,BD!$B$3:$B$5001,$A$5,BD!$V$3:$V$5001,"<>")=0,"",SUMIFS(BD!$V$3:$V$5001,BD!$A$3:$A$5001,H$3,BD!$B$3:$B$5001,$A$5))) | I11: =IF(I$3="","",IF(COUNTIFS(BD!$A$3:$A$5001,I$3,BD!$B$3:$B$5001,$A$5,BD!$V$3:$V$5001,"<>")=0,"",SUMIFS(BD!$V$3:$V$5001,BD!$A$3:$A$5001,I$3,BD!$B$3:$B$5001,$A$5))) | J11: =IF(J$3="","",IF(COUNTIFS(BD!$A$3:$A$5001,J$3,BD!$B$3:$B$5001,$A$5,BD!$V$3:$V$5001,"<>")=0,"",SUMIFS(BD!$V$3:$V$5001,BD!$A$3:$A$5001,J$3,BD!$B$3:$B$5001,$A$5))) | K11: =IF(K$3="","",IF(COUNTIFS(BD!$A$3:$A$5001,K$3,BD!$B$3:$B$5001,$A$5,BD!$V$3:$V$5001,"<>")=0,"",SUMIFS(BD!$V$3:$V$5001,BD!$A$3:$A$5001,K$3,BD!$B$3:$B$5001,$A$5))) | L11: =IF(L$3="","",IF(COUNTIFS(BD!$A$3:$A$5001,L$3,BD!$B$3:$B$5001,$A$5,BD!$V$3:$V$5001,"<>")=0,"",SUMIFS(BD!$V$3:$V$5001,BD!$A$3:$A$5001,L$3,BD!$B$3:$B$5001,$A$5))) | M11: =IF(M$3="","",IF(COUNTIFS(BD!$A$3:$A$5001,M$3,BD!$B$3:$B$5001,$A$5,BD!$V$3:$V$5001,"<>")=0,"",SUMIFS(BD!$V$3:$V$5001,BD!$A$3:$A$5001,M$3,BD!$B$3:$B$5001,$A$5))) | ... AJ11: =IF(AJ$3="","",IF(COUNTIFS(BD!$A$3:$A$5001,AJ$3,BD!$B$3:$B$5001,$A$5,BD!$V$3:$V$5001,"<>")=0,"",SUMIFS(BD!$V$3:$V$5001,BD!$A$3:$A$5001,AJ$3,BD!$B$3:$B$5001,$A$5))) | AK11: =IFERROR(LOOKUP(9.99E+307,F11:AJ11),"")
C12: Backlog Cliente | D12: =IFERROR(1/(1/INDEX(BD!$AL$43:$BF$43,MATCH($A$5,BD!$AL$22:$BF$22,0))),"") | F12: =IF(F$3="","",IF(COUNTIFS(BD!$A$3:$A$5001,F$3,BD!$B$3:$B$5001,$A$5,BD!$W$3:$W$5001,"<>")=0,"",SUMIFS(BD!$W$3:$W$5001,BD!$A$3:$A$5001,F$3,BD!$B$3:$B$5001,$A$5))) | G12: =IF(G$3="","",IF(COUNTIFS(BD!$A$3:$A$5001,G$3,BD!$B$3:$B$5001,$A$5,BD!$W$3:$W$5001,"<>")=0,"",SUMIFS(BD!$W$3:$W$5001,BD!$A$3:$A$5001,G$3,BD!$B$3:$B$5001,$A$5))) | H12: =IF(H$3="","",IF(COUNTIFS(BD!$A$3:$A$5001,H$3,BD!$B$3:$B$5001,$A$5,BD!$W$3:$W$5001,"<>")=0,"",SUMIFS(BD!$W$3:$W$5001,BD!$A$3:$A$5001,H$3,BD!$B$3:$B$5001,$A$5))) | I12: =IF(I$3="","",IF(COUNTIFS(BD!$A$3:$A$5001,I$3,BD!$B$3:$B$5001,$A$5,BD!$W$3:$W$5001,"<>")=0,"",SUMIFS(BD!$W$3:$W$5001,BD!$A$3:$A$5001,I$3,BD!$B$3:$B$5001,$A$5))) | J12: =IF(J$3="","",IF(COUNTIFS(BD!$A$3:$A$5001,J$3,BD!$B$3:$B$5001,$A$5,BD!$W$3:$W$5001,"<>")=0,"",SUMIFS(BD!$W$3:$W$5001,BD!$A$3:$A$5001,J$3,BD!$B$3:$B$5001,$A$5))) | K12: =IF(K$3="","",IF(COUNTIFS(BD!$A$3:$A$5001,K$3,BD!$B$3:$B$5001,$A$5,BD!$W$3:$W$5001,"<>")=0,"",SUMIFS(BD!$W$3:$W$5001,BD!$A$3:$A$5001,K$3,BD!$B$3:$B$5001,$A$5))) | L12: =IF(L$3="","",IF(COUNTIFS(BD!$A$3:$A$5001,L$3,BD!$B$3:$B$5001,$A$5,BD!$W$3:$W$5001,"<>")=0,"",SUMIFS(BD!$W$3:$W$5001,BD!$A$3:$A$5001,L$3,BD!$B$3:$B$5001,$A$5))) | M12: =IF(M$3="","",IF(COUNTIFS(BD!$A$3:$A$5001,M$3,BD!$B$3:$B$5001,$A$5,BD!$W$3:$W$5001,"<>")=0,"",SUMIFS(BD!$W$3:$W$5001,BD!$A$3:$A$5001,M$3,BD!$B$3:$B$5001,$A$5))) | ... AJ12: =IF(AJ$3="","",IF(COUNTIFS(BD!$A$3:$A$5001,AJ$3,BD!$B$3:$B$5001,$A$5,BD!$W$3:$W$5001,"<>")=0,"",SUMIFS(BD!$W$3:$W$5001,BD!$A$3:$A$5001,AJ$3,BD!$B$3:$B$5001,$A$5))) | AK12: =IFERROR(LOOKUP(9.99E+307,F12:AJ12),"")
B13: OCUPAÇÃO (P.P) | C13: Posições Disponíveis | D13: =IFERROR(1/(1/INDEX(BD!$AL$44:$BF$44,MATCH($A$5,BD!$AL$22:$BF$22,0))),"") | F13: =IF(F$3="","",IF(COUNTIFS(BD!$A$3:$A$5001,F$3,BD!$B$3:$B$5001,$A$5,BD!$X$3:$X$5001,"<>")=0,"",SUMIFS(BD!$X$3:$X$5001,BD!$A$3:$A$5001,F$3,BD!$B$3:$B$5001,$A$5))) | G13: =IF(G$3="","",IF(COUNTIFS(BD!$A$3:$A$5001,G$3,BD!$B$3:$B$5001,$A$5,BD!$X$3:$X$5001,"<>")=0,"",SUMIFS(BD!$X$3:$X$5001,BD!$A$3:$A$5001,G$3,BD!$B$3:$B$5001,$A$5))) | H13: =IF(H$3="","",IF(COUNTIFS(BD!$A$3:$A$5001,H$3,BD!$B$3:$B$5001,$A$5,BD!$X$3:$X$5001,"<>")=0,"",SUMIFS(BD!$X$3:$X$5001,BD!$A$3:$A$5001,H$3,BD!$B$3:$B$5001,$A$5))) | I13: =IF(I$3="","",IF(COUNTIFS(BD!$A$3:$A$5001,I$3,BD!$B$3:$B$5001,$A$5,BD!$X$3:$X$5001,"<>")=0,"",SUMIFS(BD!$X$3:$X$5001,BD!$A$3:$A$5001,I$3,BD!$B$3:$B$5001,$A$5))) | J13: =IF(J$3="","",IF(COUNTIFS(BD!$A$3:$A$5001,J$3,BD!$B$3:$B$5001,$A$5,BD!$X$3:$X$5001,"<>")=0,"",SUMIFS(BD!$X$3:$X$5001,BD!$A$3:$A$5001,J$3,BD!$B$3:$B$5001,$A$5))) | K13: =IF(K$3="","",IF(COUNTIFS(BD!$A$3:$A$5001,K$3,BD!$B$3:$B$5001,$A$5,BD!$X$3:$X$5001,"<>")=0,"",SUMIFS(BD!$X$3:$X$5001,BD!$A$3:$A$5001,K$3,BD!$B$3:$B$5001,$A$5))) | L13: =IF(L$3="","",IF(COUNTIFS(BD!$A$3:$A$5001,L$3,BD!$B$3:$B$5001,$A$5,BD!$X$3:$X$5001,"<>")=0,"",SUMIFS(BD!$X$3:$X$5001,BD!$A$3:$A$5001,L$3,BD!$B$3:$B$5001,$A$5))) | M13: =IF(M$3="","",IF(COUNTIFS(BD!$A$3:$A$5001,M$3,BD!$B$3:$B$5001,$A$5,BD!$X$3:$X$5001,"<>")=0,"",SUMIFS(BD!$X$3:$X$5001,BD!$A$3:$A$5001,M$3,BD!$B$3:$B$5001,$A$5))) | ... AJ13: =IF(AJ$3="","",IF(COUNTIFS(BD!$A$3:$A$5001,AJ$3,BD!$B$3:$B$5001,$A$5,BD!$X$3:$X$5001,"<>")=0,"",SUMIFS(BD!$X$3:$X$5001,BD!$A$3:$A$5001,AJ$3,BD!$B$3:$B$5001,$A$5))) | AK13: =IF(COUNT(F13:AJ13)>0,LOOKUP(9.99E+307,F13:AJ13),IFERROR(IF(INDEX(BD!$AI$3:$AI$5001,MATCH($A$5,BD!$B$3:$B$5001,0))&""="Contrato","",INDEX(BD!$AI$3:$AI$5001,MATCH($A$5,BD!$B$3:$B$5001,0))&""),""))
C14: Posições Ocupadas | D14: =IFERROR(1/(1/INDEX(BD!$AL$45:$BF$45,MATCH($A$5,BD!$AL$22:$BF$22,0))),"") | F14: =IF(F$3="","",IF(COUNTIFS(BD!$A$3:$A$5001,F$3,BD!$B$3:$B$5001,$A$5,BD!$Y$3:$Y$5001,"<>")=0,"",SUMIFS(BD!$Y$3:$Y$5001,BD!$A$3:$A$5001,F$3,BD!$B$3:$B$5001,$A$5))) | G14: =IF(G$3="","",IF(COUNTIFS(BD!$A$3:$A$5001,G$3,BD!$B$3:$B$5001,$A$5,BD!$Y$3:$Y$5001,"<>")=0,"",SUMIFS(BD!$Y$3:$Y$5001,BD!$A$3:$A$5001,G$3,BD!$B$3:$B$5001,$A$5))) | H14: =IF(H$3="","",IF(COUNTIFS(BD!$A$3:$A$5001,H$3,BD!$B$3:$B$5001,$A$5,BD!$Y$3:$Y$5001,"<>")=0,"",SUMIFS(BD!$Y$3:$Y$5001,BD!$A$3:$A$5001,H$3,BD!$B$3:$B$5001,$A$5))) | I14: =IF(I$3="","",IF(COUNTIFS(BD!$A$3:$A$5001,I$3,BD!$B$3:$B$5001,$A$5,BD!$Y$3:$Y$5001,"<>")=0,"",SUMIFS(BD!$Y$3:$Y$5001,BD!$A$3:$A$5001,I$3,BD!$B$3:$B$5001,$A$5))) | J14: =IF(J$3="","",IF(COUNTIFS(BD!$A$3:$A$5001,J$3,BD!$B$3:$B$5001,$A$5,BD!$Y$3:$Y$5001,"<>")=0,"",SUMIFS(BD!$Y$3:$Y$5001,BD!$A$3:$A$5001,J$3,BD!$B$3:$B$5001,$A$5))) | K14: =IF(K$3="","",IF(COUNTIFS(BD!$A$3:$A$5001,K$3,BD!$B$3:$B$5001,$A$5,BD!$Y$3:$Y$5001,"<>")=0,"",SUMIFS(BD!$Y$3:$Y$5001,BD!$A$3:$A$5001,K$3,BD!$B$3:$B$5001,$A$5))) | L14: =IF(L$3="","",IF(COUNTIFS(BD!$A$3:$A$5001,L$3,BD!$B$3:$B$5001,$A$5,BD!$Y$3:$Y$5001,"<>")=0,"",SUMIFS(BD!$Y$3:$Y$5001,BD!$A$3:$A$5001,L$3,BD!$B$3:$B$5001,$A$5))) | M14: =IF(M$3="","",IF(COUNTIFS(BD!$A$3:$A$5001,M$3,BD!$B$3:$B$5001,$A$5,BD!$Y$3:$Y$5001,"<>")=0,"",SUMIFS(BD!$Y$3:$Y$5001,BD!$A$3:$A$5001,M$3,BD!$B$3:$B$5001,$A$5))) | ... AJ14: =IF(AJ$3="","",IF(COUNTIFS(BD!$A$3:$A$5001,AJ$3,BD!$B$3:$B$5001,$A$5,BD!$Y$3:$Y$5001,"<>")=0,"",SUMIFS(BD!$Y$3:$Y$5001,BD!$A$3:$A$5001,AJ$3,BD!$B$3:$B$5001,$A$5))) | AK14: =IFERROR(LOOKUP(9.99E+307,F14:AJ14),"")
C15: Taxa de Ocupação | D15: =IFERROR(1/(1/INDEX(BD!$AL$46:$BF$46,MATCH($A$5,BD!$AL$22:$BF$22,0))),"") | F15: =IF(AND(ISNUMBER(F13),ISNUMBER(F14)),IF(F13>0,F14/F13,""),"") | G15: =IF(AND(ISNUMBER(G13),ISNUMBER(G14)),IF(G13>0,G14/G13,""),"") | H15: =IF(AND(ISNUMBER(H13),ISNUMBER(H14)),IF(H13>0,H14/H13,""),"") | I15: =IF(AND(ISNUMBER(I13),ISNUMBER(I14)),IF(I13>0,I14/I13,""),"") | J15: =IF(AND(ISNUMBER(J13),ISNUMBER(J14)),IF(J13>0,J14/J13,""),"") | K15: =IF(AND(ISNUMBER(K13),ISNUMBER(K14)),IF(K13>0,K14/K13,""),"") | L15: =IF(AND(ISNUMBER(L13),ISNUMBER(L14)),IF(L13>0,L14/L13,""),"") | M15: =IF(AND(ISNUMBER(M13),ISNUMBER(M14)),IF(M13>0,M14/M13,""),"") | ... AK15: =IF(AND(ISNUMBER(AK13),ISNUMBER(AK14)),IF(AK13>0,AK14/AK13,""),"")
B16: GENTE | C16: Efetivo Op. | D16: =IFERROR(1/(1/INDEX(BD!$AL$47:$BF$47,MATCH($A$5,BD!$AL$22:$BF$22,0))),"") | F16: =IF(F$3="","",IF(COUNTIFS(BD!$A$3:$A$5001,F$3,BD!$B$3:$B$5001,$A$5,BD!$Z$3:$Z$5001,"<>")=0,"",SUMIFS(BD!$Z$3:$Z$5001,BD!$A$3:$A$5001,F$3,BD!$B$3:$B$5001,$A$5))) | G16: =IF(G$3="","",IF(COUNTIFS(BD!$A$3:$A$5001,G$3,BD!$B$3:$B$5001,$A$5,BD!$Z$3:$Z$5001,"<>")=0,"",SUMIFS(BD!$Z$3:$Z$5001,BD!$A$3:$A$5001,G$3,BD!$B$3:$B$5001,$A$5))) | H16: =IF(H$3="","",IF(COUNTIFS(BD!$A$3:$A$5001,H$3,BD!$B$3:$B$5001,$A$5,BD!$Z$3:$Z$5001,"<>")=0,"",SUMIFS(BD!$Z$3:$Z$5001,BD!$A$3:$A$5001,H$3,BD!$B$3:$B$5001,$A$5))) | I16: =IF(I$3="","",IF(COUNTIFS(BD!$A$3:$A$5001,I$3,BD!$B$3:$B$5001,$A$5,BD!$Z$3:$Z$5001,"<>")=0,"",SUMIFS(BD!$Z$3:$Z$5001,BD!$A$3:$A$5001,I$3,BD!$B$3:$B$5001,$A$5))) | J16: =IF(J$3="","",IF(COUNTIFS(BD!$A$3:$A$5001,J$3,BD!$B$3:$B$5001,$A$5,BD!$Z$3:$Z$5001,"<>")=0,"",SUMIFS(BD!$Z$3:$Z$5001,BD!$A$3:$A$5001,J$3,BD!$B$3:$B$5001,$A$5))) | K16: =IF(K$3="","",IF(COUNTIFS(BD!$A$3:$A$5001,K$3,BD!$B$3:$B$5001,$A$5,BD!$Z$3:$Z$5001,"<>")=0,"",SUMIFS(BD!$Z$3:$Z$5001,BD!$A$3:$A$5001,K$3,BD!$B$3:$B$5001,$A$5))) | L16: =IF(L$3="","",IF(COUNTIFS(BD!$A$3:$A$5001,L$3,BD!$B$3:$B$5001,$A$5,BD!$Z$3:$Z$5001,"<>")=0,"",SUMIFS(BD!$Z$3:$Z$5001,BD!$A$3:$A$5001,L$3,BD!$B$3:$B$5001,$A$5))) | M16: =IF(M$3="","",IF(COUNTIFS(BD!$A$3:$A$5001,M$3,BD!$B$3:$B$5001,$A$5,BD!$Z$3:$Z$5001,"<>")=0,"",SUMIFS(BD!$Z$3:$Z$5001,BD!$A$3:$A$5001,M$3,BD!$B$3:$B$5001,$A$5))) | ... AJ16: =IF(AJ$3="","",IF(COUNTIFS(BD!$A$3:$A$5001,AJ$3,BD!$B$3:$B$5001,$A$5,BD!$Z$3:$Z$5001,"<>")=0,"",SUMIFS(BD!$Z$3:$Z$5001,BD!$A$3:$A$5001,AJ$3,BD!$B$3:$B$5001,$A$5))) | AK16: =IFERROR(LOOKUP(9.99E+307,F16:AJ16),"")
C17: Falta | D17: =IFERROR(1/(1/INDEX(BD!$AL$48:$BF$48,MATCH($A$5,BD!$AL$22:$BF$22,0))),"") | F17: =IF(F$3="","",IF(COUNTIFS(BD!$A$3:$A$5001,F$3,BD!$B$3:$B$5001,$A$5,BD!$AA$3:$AA$5001,"<>")=0,"",SUMIFS(BD!$AA$3:$AA$5001,BD!$A$3:$A$5001,F$3,BD!$B$3:$B$5001,$A$5))) | G17: =IF(G$3="","",IF(COUNTIFS(BD!$A$3:$A$5001,G$3,BD!$B$3:$B$5001,$A$5,BD!$AA$3:$AA$5001,"<>")=0,"",SUMIFS(BD!$AA$3:$AA$5001,BD!$A$3:$A$5001,G$3,BD!$B$3:$B$5001,$A$5))) | H17: =IF(H$3="","",IF(COUNTIFS(BD!$A$3:$A$5001,H$3,BD!$B$3:$B$5001,$A$5,BD!$AA$3:$AA$5001,"<>")=0,"",SUMIFS(BD!$AA$3:$AA$5001,BD!$A$3:$A$5001,H$3,BD!$B$3:$B$5001,$A$5))) | I17: =IF(I$3="","",IF(COUNTIFS(BD!$A$3:$A$5001,I$3,BD!$B$3:$B$5001,$A$5,BD!$AA$3:$AA$5001,"<>")=0,"",SUMIFS(BD!$AA$3:$AA$5001,BD!$A$3:$A$5001,I$3,BD!$B$3:$B$5001,$A$5))) | J17: =IF(J$3="","",IF(COUNTIFS(BD!$A$3:$A$5001,J$3,BD!$B$3:$B$5001,$A$5,BD!$AA$3:$AA$5001,"<>")=0,"",SUMIFS(BD!$AA$3:$AA$5001,BD!$A$3:$A$5001,J$3,BD!$B$3:$B$5001,$A$5))) | K17: =IF(K$3="","",IF(COUNTIFS(BD!$A$3:$A$5001,K$3,BD!$B$3:$B$5001,$A$5,BD!$AA$3:$AA$5001,"<>")=0,"",SUMIFS(BD!$AA$3:$AA$5001,BD!$A$3:$A$5001,K$3,BD!$B$3:$B$5001,$A$5))) | L17: =IF(L$3="","",IF(COUNTIFS(BD!$A$3:$A$5001,L$3,BD!$B$3:$B$5001,$A$5,BD!$AA$3:$AA$5001,"<>")=0,"",SUMIFS(BD!$AA$3:$AA$5001,BD!$A$3:$A$5001,L$3,BD!$B$3:$B$5001,$A$5))) | M17: =IF(M$3="","",IF(COUNTIFS(BD!$A$3:$A$5001,M$3,BD!$B$3:$B$5001,$A$5,BD!$AA$3:$AA$5001,"<>")=0,"",SUMIFS(BD!$AA$3:$AA$5001,BD!$A$3:$A$5001,M$3,BD!$B$3:$B$5001,$A$5))) | ... AJ17: =IF(AJ$3="","",IF(COUNTIFS(BD!$A$3:$A$5001,AJ$3,BD!$B$3:$B$5001,$A$5,BD!$AA$3:$AA$5001,"<>")=0,"",SUMIFS(BD!$AA$3:$AA$5001,BD!$A$3:$A$5001,AJ$3,BD!$B$3:$B$5001,$A$5))) | AK17: =IF(COUNT(F17:AJ17)=0,"",SUM(F17:AJ17))
C18: Absenteísmo (H/H) | D18: =IFERROR(1/(1/INDEX(BD!$AL$49:$BF$49,MATCH($A$5,BD!$AL$22:$BF$22,0))),"") | F18: =IF(F$3="","",IF(COUNTIFS(BD!$A$3:$A$5001,F$3,BD!$B$3:$B$5001,$A$5,BD!$AB$3:$AB$5001,"<>")=0,"",SUMIFS(BD!$AB$3:$AB$5001,BD!$A$3:$A$5001,F$3,BD!$B$3:$B$5001,$A$5))) | G18: =IF(G$3="","",IF(COUNTIFS(BD!$A$3:$A$5001,G$3,BD!$B$3:$B$5001,$A$5,BD!$AB$3:$AB$5001,"<>")=0,"",SUMIFS(BD!$AB$3:$AB$5001,BD!$A$3:$A$5001,G$3,BD!$B$3:$B$5001,$A$5))) | H18: =IF(H$3="","",IF(COUNTIFS(BD!$A$3:$A$5001,H$3,BD!$B$3:$B$5001,$A$5,BD!$AB$3:$AB$5001,"<>")=0,"",SUMIFS(BD!$AB$3:$AB$5001,BD!$A$3:$A$5001,H$3,BD!$B$3:$B$5001,$A$5))) | I18: =IF(I$3="","",IF(COUNTIFS(BD!$A$3:$A$5001,I$3,BD!$B$3:$B$5001,$A$5,BD!$AB$3:$AB$5001,"<>")=0,"",SUMIFS(BD!$AB$3:$AB$5001,BD!$A$3:$A$5001,I$3,BD!$B$3:$B$5001,$A$5))) | J18: =IF(J$3="","",IF(COUNTIFS(BD!$A$3:$A$5001,J$3,BD!$B$3:$B$5001,$A$5,BD!$AB$3:$AB$5001,"<>")=0,"",SUMIFS(BD!$AB$3:$AB$5001,BD!$A$3:$A$5001,J$3,BD!$B$3:$B$5001,$A$5))) | K18: =IF(K$3="","",IF(COUNTIFS(BD!$A$3:$A$5001,K$3,BD!$B$3:$B$5001,$A$5,BD!$AB$3:$AB$5001,"<>")=0,"",SUMIFS(BD!$AB$3:$AB$5001,BD!$A$3:$A$5001,K$3,BD!$B$3:$B$5001,$A$5))) | L18: =IF(L$3="","",IF(COUNTIFS(BD!$A$3:$A$5001,L$3,BD!$B$3:$B$5001,$A$5,BD!$AB$3:$AB$5001,"<>")=0,"",SUMIFS(BD!$AB$3:$AB$5001,BD!$A$3:$A$5001,L$3,BD!$B$3:$B$5001,$A$5))) | M18: =IF(M$3="","",IF(COUNTIFS(BD!$A$3:$A$5001,M$3,BD!$B$3:$B$5001,$A$5,BD!$AB$3:$AB$5001,"<>")=0,"",SUMIFS(BD!$AB$3:$AB$5001,BD!$A$3:$A$5001,M$3,BD!$B$3:$B$5001,$A$5))) | ... AJ18: =IF(AJ$3="","",IF(COUNTIFS(BD!$A$3:$A$5001,AJ$3,BD!$B$3:$B$5001,$A$5,BD!$AB$3:$AB$5001,"<>")=0,"",SUMIFS(BD!$AB$3:$AB$5001,BD!$A$3:$A$5001,AJ$3,BD!$B$3:$B$5001,$A$5))) | AK18: =IF(COUNT(F18:AJ18)=0,"",SUM(F18:AJ18))
C19: Folga | D19: =IFERROR(1/(1/INDEX(BD!$AL$50:$BF$50,MATCH($A$5,BD!$AL$22:$BF$22,0))),"") | F19: =IF(F$3="","",IF(COUNTIFS(BD!$A$3:$A$5001,F$3,BD!$B$3:$B$5001,$A$5,BD!$AC$3:$AC$5001,"<>")=0,"",SUMIFS(BD!$AC$3:$AC$5001,BD!$A$3:$A$5001,F$3,BD!$B$3:$B$5001,$A$5))) | G19: =IF(G$3="","",IF(COUNTIFS(BD!$A$3:$A$5001,G$3,BD!$B$3:$B$5001,$A$5,BD!$AC$3:$AC$5001,"<>")=0,"",SUMIFS(BD!$AC$3:$AC$5001,BD!$A$3:$A$5001,G$3,BD!$B$3:$B$5001,$A$5))) | H19: =IF(H$3="","",IF(COUNTIFS(BD!$A$3:$A$5001,H$3,BD!$B$3:$B$5001,$A$5,BD!$AC$3:$AC$5001,"<>")=0,"",SUMIFS(BD!$AC$3:$AC$5001,BD!$A$3:$A$5001,H$3,BD!$B$3:$B$5001,$A$5))) | I19: =IF(I$3="","",IF(COUNTIFS(BD!$A$3:$A$5001,I$3,BD!$B$3:$B$5001,$A$5,BD!$AC$3:$AC$5001,"<>")=0,"",SUMIFS(BD!$AC$3:$AC$5001,BD!$A$3:$A$5001,I$3,BD!$B$3:$B$5001,$A$5))) | J19: =IF(J$3="","",IF(COUNTIFS(BD!$A$3:$A$5001,J$3,BD!$B$3:$B$5001,$A$5,BD!$AC$3:$AC$5001,"<>")=0,"",SUMIFS(BD!$AC$3:$AC$5001,BD!$A$3:$A$5001,J$3,BD!$B$3:$B$5001,$A$5))) | K19: =IF(K$3="","",IF(COUNTIFS(BD!$A$3:$A$5001,K$3,BD!$B$3:$B$5001,$A$5,BD!$AC$3:$AC$5001,"<>")=0,"",SUMIFS(BD!$AC$3:$AC$5001,BD!$A$3:$A$5001,K$3,BD!$B$3:$B$5001,$A$5))) | L19: =IF(L$3="","",IF(COUNTIFS(BD!$A$3:$A$5001,L$3,BD!$B$3:$B$5001,$A$5,BD!$AC$3:$AC$5001,"<>")=0,"",SUMIFS(BD!$AC$3:$AC$5001,BD!$A$3:$A$5001,L$3,BD!$B$3:$B$5001,$A$5))) | M19: =IF(M$3="","",IF(COUNTIFS(BD!$A$3:$A$5001,M$3,BD!$B$3:$B$5001,$A$5,BD!$AC$3:$AC$5001,"<>")=0,"",SUMIFS(BD!$AC$3:$AC$5001,BD!$A$3:$A$5001,M$3,BD!$B$3:$B$5001,$A$5))) | ... AJ19: =IF(AJ$3="","",IF(COUNTIFS(BD!$A$3:$A$5001,AJ$3,BD!$B$3:$B$5001,$A$5,BD!$AC$3:$AC$5001,"<>")=0,"",SUMIFS(BD!$AC$3:$AC$5001,BD!$A$3:$A$5001,AJ$3,BD!$B$3:$B$5001,$A$5))) | AK19: =IF(COUNT(F19:AJ19)=0,"",SUM(F19:AJ19))
C20: Férias | D20: =IFERROR(1/(1/INDEX(BD!$AL$51:$BF$51,MATCH($A$5,BD!$AL$22:$BF$22,0))),"") | F20: =IF(F$3="","",IF(COUNTIFS(BD!$A$3:$A$5001,F$3,BD!$B$3:$B$5001,$A$5,BD!$AD$3:$AD$5001,"<>")=0,"",SUMIFS(BD!$AD$3:$AD$5001,BD!$A$3:$A$5001,F$3,BD!$B$3:$B$5001,$A$5))) | G20: =IF(G$3="","",IF(COUNTIFS(BD!$A$3:$A$5001,G$3,BD!$B$3:$B$5001,$A$5,BD!$AD$3:$AD$5001,"<>")=0,"",SUMIFS(BD!$AD$3:$AD$5001,BD!$A$3:$A$5001,G$3,BD!$B$3:$B$5001,$A$5))) | H20: =IF(H$3="","",IF(COUNTIFS(BD!$A$3:$A$5001,H$3,BD!$B$3:$B$5001,$A$5,BD!$AD$3:$AD$5001,"<>")=0,"",SUMIFS(BD!$AD$3:$AD$5001,BD!$A$3:$A$5001,H$3,BD!$B$3:$B$5001,$A$5))) | I20: =IF(I$3="","",IF(COUNTIFS(BD!$A$3:$A$5001,I$3,BD!$B$3:$B$5001,$A$5,BD!$AD$3:$AD$5001,"<>")=0,"",SUMIFS(BD!$AD$3:$AD$5001,BD!$A$3:$A$5001,I$3,BD!$B$3:$B$5001,$A$5))) | J20: =IF(J$3="","",IF(COUNTIFS(BD!$A$3:$A$5001,J$3,BD!$B$3:$B$5001,$A$5,BD!$AD$3:$AD$5001,"<>")=0,"",SUMIFS(BD!$AD$3:$AD$5001,BD!$A$3:$A$5001,J$3,BD!$B$3:$B$5001,$A$5))) | K20: =IF(K$3="","",IF(COUNTIFS(BD!$A$3:$A$5001,K$3,BD!$B$3:$B$5001,$A$5,BD!$AD$3:$AD$5001,"<>")=0,"",SUMIFS(BD!$AD$3:$AD$5001,BD!$A$3:$A$5001,K$3,BD!$B$3:$B$5001,$A$5))) | L20: =IF(L$3="","",IF(COUNTIFS(BD!$A$3:$A$5001,L$3,BD!$B$3:$B$5001,$A$5,BD!$AD$3:$AD$5001,"<>")=0,"",SUMIFS(BD!$AD$3:$AD$5001,BD!$A$3:$A$5001,L$3,BD!$B$3:$B$5001,$A$5))) | M20: =IF(M$3="","",IF(COUNTIFS(BD!$A$3:$A$5001,M$3,BD!$B$3:$B$5001,$A$5,BD!$AD$3:$AD$5001,"<>")=0,"",SUMIFS(BD!$AD$3:$AD$5001,BD!$A$3:$A$5001,M$3,BD!$B$3:$B$5001,$A$5))) | ... AJ20: =IF(AJ$3="","",IF(COUNTIFS(BD!$A$3:$A$5001,AJ$3,BD!$B$3:$B$5001,$A$5,BD!$AD$3:$AD$5001,"<>")=0,"",SUMIFS(BD!$AD$3:$AD$5001,BD!$A$3:$A$5001,AJ$3,BD!$B$3:$B$5001,$A$5))) | AK20: =IF(COUNT(F20:AJ20)=0,"",SUM(F20:AJ20))
C21: Desligamento | D21: =IFERROR(1/(1/INDEX(BD!$AL$52:$BF$52,MATCH($A$5,BD!$AL$22:$BF$22,0))),"") | F21: =IF(F$3="","",IF(COUNTIFS(BD!$A$3:$A$5001,F$3,BD!$B$3:$B$5001,$A$5,BD!$AE$3:$AE$5001,"<>")=0,"",SUMIFS(BD!$AE$3:$AE$5001,BD!$A$3:$A$5001,F$3,BD!$B$3:$B$5001,$A$5))) | G21: =IF(G$3="","",IF(COUNTIFS(BD!$A$3:$A$5001,G$3,BD!$B$3:$B$5001,$A$5,BD!$AE$3:$AE$5001,"<>")=0,"",SUMIFS(BD!$AE$3:$AE$5001,BD!$A$3:$A$5001,G$3,BD!$B$3:$B$5001,$A$5))) | H21: =IF(H$3="","",IF(COUNTIFS(BD!$A$3:$A$5001,H$3,BD!$B$3:$B$5001,$A$5,BD!$AE$3:$AE$5001,"<>")=0,"",SUMIFS(BD!$AE$3:$AE$5001,BD!$A$3:$A$5001,H$3,BD!$B$3:$B$5001,$A$5))) | I21: =IF(I$3="","",IF(COUNTIFS(BD!$A$3:$A$5001,I$3,BD!$B$3:$B$5001,$A$5,BD!$AE$3:$AE$5001,"<>")=0,"",SUMIFS(BD!$AE$3:$AE$5001,BD!$A$3:$A$5001,I$3,BD!$B$3:$B$5001,$A$5))) | J21: =IF(J$3="","",IF(COUNTIFS(BD!$A$3:$A$5001,J$3,BD!$B$3:$B$5001,$A$5,BD!$AE$3:$AE$5001,"<>")=0,"",SUMIFS(BD!$AE$3:$AE$5001,BD!$A$3:$A$5001,J$3,BD!$B$3:$B$5001,$A$5))) | K21: =IF(K$3="","",IF(COUNTIFS(BD!$A$3:$A$5001,K$3,BD!$B$3:$B$5001,$A$5,BD!$AE$3:$AE$5001,"<>")=0,"",SUMIFS(BD!$AE$3:$AE$5001,BD!$A$3:$A$5001,K$3,BD!$B$3:$B$5001,$A$5))) | L21: =IF(L$3="","",IF(COUNTIFS(BD!$A$3:$A$5001,L$3,BD!$B$3:$B$5001,$A$5,BD!$AE$3:$AE$5001,"<>")=0,"",SUMIFS(BD!$AE$3:$AE$5001,BD!$A$3:$A$5001,L$3,BD!$B$3:$B$5001,$A$5))) | M21: =IF(M$3="","",IF(COUNTIFS(BD!$A$3:$A$5001,M$3,BD!$B$3:$B$5001,$A$5,BD!$AE$3:$AE$5001,"<>")=0,"",SUMIFS(BD!$AE$3:$AE$5001,BD!$A$3:$A$5001,M$3,BD!$B$3:$B$5001,$A$5))) | ... AJ21: =IF(AJ$3="","",IF(COUNTIFS(BD!$A$3:$A$5001,AJ$3,BD!$B$3:$B$5001,$A$5,BD!$AE$3:$AE$5001,"<>")=0,"",SUMIFS(BD!$AE$3:$AE$5001,BD!$A$3:$A$5001,AJ$3,BD!$B$3:$B$5001,$A$5))) | AK21: =IF(COUNT(F21:AJ21)=0,"",SUM(F21:AJ21))
C22: Desvios Comportamentais | D22: =IFERROR(1/(1/INDEX(BD!$AL$53:$BF$53,MATCH($A$5,BD!$AL$22:$BF$22,0))),"") | F22: =IF(F$3="","",IF(COUNTIFS(BD!$A$3:$A$5001,F$3,BD!$B$3:$B$5001,$A$5,BD!$AF$3:$AF$5001,"<>")=0,"",SUMIFS(BD!$AF$3:$AF$5001,BD!$A$3:$A$5001,F$3,BD!$B$3:$B$5001,$A$5))) | G22: =IF(G$3="","",IF(COUNTIFS(BD!$A$3:$A$5001,G$3,BD!$B$3:$B$5001,$A$5,BD!$AF$3:$AF$5001,"<>")=0,"",SUMIFS(BD!$AF$3:$AF$5001,BD!$A$3:$A$5001,G$3,BD!$B$3:$B$5001,$A$5))) | H22: =IF(H$3="","",IF(COUNTIFS(BD!$A$3:$A$5001,H$3,BD!$B$3:$B$5001,$A$5,BD!$AF$3:$AF$5001,"<>")=0,"",SUMIFS(BD!$AF$3:$AF$5001,BD!$A$3:$A$5001,H$3,BD!$B$3:$B$5001,$A$5))) | I22: =IF(I$3="","",IF(COUNTIFS(BD!$A$3:$A$5001,I$3,BD!$B$3:$B$5001,$A$5,BD!$AF$3:$AF$5001,"<>")=0,"",SUMIFS(BD!$AF$3:$AF$5001,BD!$A$3:$A$5001,I$3,BD!$B$3:$B$5001,$A$5))) | J22: =IF(J$3="","",IF(COUNTIFS(BD!$A$3:$A$5001,J$3,BD!$B$3:$B$5001,$A$5,BD!$AF$3:$AF$5001,"<>")=0,"",SUMIFS(BD!$AF$3:$AF$5001,BD!$A$3:$A$5001,J$3,BD!$B$3:$B$5001,$A$5))) | K22: =IF(K$3="","",IF(COUNTIFS(BD!$A$3:$A$5001,K$3,BD!$B$3:$B$5001,$A$5,BD!$AF$3:$AF$5001,"<>")=0,"",SUMIFS(BD!$AF$3:$AF$5001,BD!$A$3:$A$5001,K$3,BD!$B$3:$B$5001,$A$5))) | L22: =IF(L$3="","",IF(COUNTIFS(BD!$A$3:$A$5001,L$3,BD!$B$3:$B$5001,$A$5,BD!$AF$3:$AF$5001,"<>")=0,"",SUMIFS(BD!$AF$3:$AF$5001,BD!$A$3:$A$5001,L$3,BD!$B$3:$B$5001,$A$5))) | M22: =IF(M$3="","",IF(COUNTIFS(BD!$A$3:$A$5001,M$3,BD!$B$3:$B$5001,$A$5,BD!$AF$3:$AF$5001,"<>")=0,"",SUMIFS(BD!$AF$3:$AF$5001,BD!$A$3:$A$5001,M$3,BD!$B$3:$B$5001,$A$5))) | ... AJ22: =IF(AJ$3="","",IF(COUNTIFS(BD!$A$3:$A$5001,AJ$3,BD!$B$3:$B$5001,$A$5,BD!$AF$3:$AF$5001,"<>")=0,"",SUMIFS(BD!$AF$3:$AF$5001,BD!$A$3:$A$5001,AJ$3,BD!$B$3:$B$5001,$A$5))) | AK22: =IF(COUNT(F22:AJ22)=0,"",SUM(F22:AJ22))
C23: Acidentes CAF | D23: =IFERROR(1/(1/INDEX(BD!$AL$54:$BF$54,MATCH($A$5,BD!$AL$22:$BF$22,0))),"") | F23: =IF(F$3="","",IF(COUNTIFS(BD!$A$3:$A$5001,F$3,BD!$B$3:$B$5001,$A$5,BD!$AG$3:$AG$5001,"<>")=0,"",SUMIFS(BD!$AG$3:$AG$5001,BD!$A$3:$A$5001,F$3,BD!$B$3:$B$5001,$A$5))) | G23: =IF(G$3="","",IF(COUNTIFS(BD!$A$3:$A$5001,G$3,BD!$B$3:$B$5001,$A$5,BD!$AG$3:$AG$5001,"<>")=0,"",SUMIFS(BD!$AG$3:$AG$5001,BD!$A$3:$A$5001,G$3,BD!$B$3:$B$5001,$A$5))) | H23: =IF(H$3="","",IF(COUNTIFS(BD!$A$3:$A$5001,H$3,BD!$B$3:$B$5001,$A$5,BD!$AG$3:$AG$5001,"<>")=0,"",SUMIFS(BD!$AG$3:$AG$5001,BD!$A$3:$A$5001,H$3,BD!$B$3:$B$5001,$A$5))) | I23: =IF(I$3="","",IF(COUNTIFS(BD!$A$3:$A$5001,I$3,BD!$B$3:$B$5001,$A$5,BD!$AG$3:$AG$5001,"<>")=0,"",SUMIFS(BD!$AG$3:$AG$5001,BD!$A$3:$A$5001,I$3,BD!$B$3:$B$5001,$A$5))) | J23: =IF(J$3="","",IF(COUNTIFS(BD!$A$3:$A$5001,J$3,BD!$B$3:$B$5001,$A$5,BD!$AG$3:$AG$5001,"<>")=0,"",SUMIFS(BD!$AG$3:$AG$5001,BD!$A$3:$A$5001,J$3,BD!$B$3:$B$5001,$A$5))) | K23: =IF(K$3="","",IF(COUNTIFS(BD!$A$3:$A$5001,K$3,BD!$B$3:$B$5001,$A$5,BD!$AG$3:$AG$5001,"<>")=0,"",SUMIFS(BD!$AG$3:$AG$5001,BD!$A$3:$A$5001,K$3,BD!$B$3:$B$5001,$A$5))) | L23: =IF(L$3="","",IF(COUNTIFS(BD!$A$3:$A$5001,L$3,BD!$B$3:$B$5001,$A$5,BD!$AG$3:$AG$5001,"<>")=0,"",SUMIFS(BD!$AG$3:$AG$5001,BD!$A$3:$A$5001,L$3,BD!$B$3:$B$5001,$A$5))) | M23: =IF(M$3="","",IF(COUNTIFS(BD!$A$3:$A$5001,M$3,BD!$B$3:$B$5001,$A$5,BD!$AG$3:$AG$5001,"<>")=0,"",SUMIFS(BD!$AG$3:$AG$5001,BD!$A$3:$A$5001,M$3,BD!$B$3:$B$5001,$A$5))) | ... AJ23: =IF(AJ$3="","",IF(COUNTIFS(BD!$A$3:$A$5001,AJ$3,BD!$B$3:$B$5001,$A$5,BD!$AG$3:$AG$5001,"<>")=0,"",SUMIFS(BD!$AG$3:$AG$5001,BD!$A$3:$A$5001,AJ$3,BD!$B$3:$B$5001,$A$5))) | AK23: =IF(COUNT(F23:AJ23)=0,"",SUM(F23:AJ23))
C24: Acidentes SAF | D24: =IFERROR(1/(1/INDEX(BD!$AL$55:$BF$55,MATCH($A$5,BD!$AL$22:$BF$22,0))),"") | F24: =IF(F$3="","",IF(COUNTIFS(BD!$A$3:$A$5001,F$3,BD!$B$3:$B$5001,$A$5,BD!$AH$3:$AH$5001,"<>")=0,"",SUMIFS(BD!$AH$3:$AH$5001,BD!$A$3:$A$5001,F$3,BD!$B$3:$B$5001,$A$5))) | G24: =IF(G$3="","",IF(COUNTIFS(BD!$A$3:$A$5001,G$3,BD!$B$3:$B$5001,$A$5,BD!$AH$3:$AH$5001,"<>")=0,"",SUMIFS(BD!$AH$3:$AH$5001,BD!$A$3:$A$5001,G$3,BD!$B$3:$B$5001,$A$5))) | H24: =IF(H$3="","",IF(COUNTIFS(BD!$A$3:$A$5001,H$3,BD!$B$3:$B$5001,$A$5,BD!$AH$3:$AH$5001,"<>")=0,"",SUMIFS(BD!$AH$3:$AH$5001,BD!$A$3:$A$5001,H$3,BD!$B$3:$B$5001,$A$5))) | I24: =IF(I$3="","",IF(COUNTIFS(BD!$A$3:$A$5001,I$3,BD!$B$3:$B$5001,$A$5,BD!$AH$3:$AH$5001,"<>")=0,"",SUMIFS(BD!$AH$3:$AH$5001,BD!$A$3:$A$5001,I$3,BD!$B$3:$B$5001,$A$5))) | J24: =IF(J$3="","",IF(COUNTIFS(BD!$A$3:$A$5001,J$3,BD!$B$3:$B$5001,$A$5,BD!$AH$3:$AH$5001,"<>")=0,"",SUMIFS(BD!$AH$3:$AH$5001,BD!$A$3:$A$5001,J$3,BD!$B$3:$B$5001,$A$5))) | K24: =IF(K$3="","",IF(COUNTIFS(BD!$A$3:$A$5001,K$3,BD!$B$3:$B$5001,$A$5,BD!$AH$3:$AH$5001,"<>")=0,"",SUMIFS(BD!$AH$3:$AH$5001,BD!$A$3:$A$5001,K$3,BD!$B$3:$B$5001,$A$5))) | L24: =IF(L$3="","",IF(COUNTIFS(BD!$A$3:$A$5001,L$3,BD!$B$3:$B$5001,$A$5,BD!$AH$3:$AH$5001,"<>")=0,"",SUMIFS(BD!$AH$3:$AH$5001,BD!$A$3:$A$5001,L$3,BD!$B$3:$B$5001,$A$5))) | M24: =IF(M$3="","",IF(COUNTIFS(BD!$A$3:$A$5001,M$3,BD!$B$3:$B$5001,$A$5,BD!$AH$3:$AH$5001,"<>")=0,"",SUMIFS(BD!$AH$3:$AH$5001,BD!$A$3:$A$5001,M$3,BD!$B$3:$B$5001,$A$5))) | ... AJ24: =IF(AJ$3="","",IF(COUNTIFS(BD!$A$3:$A$5001,AJ$3,BD!$B$3:$B$5001,$A$5,BD!$AH$3:$AH$5001,"<>")=0,"",SUMIFS(BD!$AH$3:$AH$5001,BD!$A$3:$A$5001,AJ$3,BD!$B$3:$B$5001,$A$5))) | AK24: =IF(COUNT(F24:AJ24)=0,"",SUM(F24:AJ24))
A26: Basf | B26: IN | C26: Veículos Recebidos | D26: =IFERROR(1/(1/INDEX(BD!$AL$23:$BF$23,MATCH($A$26,BD!$AL$22:$BF$22,0))),"") | F26: =IF(F$3="","",IF(COUNTIFS(BD!$A$3:$A$5001,F$3,BD!$B$3:$B$5001,$A$26,BD!$C$3:$C$5001,"<>")=0,"",SUMIFS(BD!$C$3:$C$5001,BD!$A$3:$A$5001,F$3,BD!$B$3:$B$5001,$A$26))) | G26: =IF(G$3="","",IF(COUNTIFS(BD!$A$3:$A$5001,G$3,BD!$B$3:$B$5001,$A$26,BD!$C$3:$C$5001,"<>")=0,"",SUMIFS(BD!$C$3:$C$5001,BD!$A$3:$A$5001,G$3,BD!$B$3:$B$5001,$A$26))) | H26: =IF(H$3="","",IF(COUNTIFS(BD!$A$3:$A$5001,H$3,BD!$B$3:$B$5001,$A$26,BD!$C$3:$C$5001,"<>")=0,"",SUMIFS(BD!$C$3:$C$5001,BD!$A$3:$A$5001,H$3,BD!$B$3:$B$5001,$A$26))) | I26: =IF(I$3="","",IF(COUNTIFS(BD!$A$3:$A$5001,I$3,BD!$B$3:$B$5001,$A$26,BD!$C$3:$C$5001,"<>")=0,"",SUMIFS(BD!$C$3:$C$5001,BD!$A$3:$A$5001,I$3,BD!$B$3:$B$5001,$A$26))) | J26: =IF(J$3="","",IF(COUNTIFS(BD!$A$3:$A$5001,J$3,BD!$B$3:$B$5001,$A$26,BD!$C$3:$C$5001,"<>")=0,"",SUMIFS(BD!$C$3:$C$5001,BD!$A$3:$A$5001,J$3,BD!$B$3:$B$5001,$A$26))) | K26: =IF(K$3="","",IF(COUNTIFS(BD!$A$3:$A$5001,K$3,BD!$B$3:$B$5001,$A$26,BD!$C$3:$C$5001,"<>")=0,"",SUMIFS(BD!$C$3:$C$5001,BD!$A$3:$A$5001,K$3,BD!$B$3:$B$5001,$A$26))) | L26: =IF(L$3="","",IF(COUNTIFS(BD!$A$3:$A$5001,L$3,BD!$B$3:$B$5001,$A$26,BD!$C$3:$C$5001,"<>")=0,"",SUMIFS(BD!$C$3:$C$5001,BD!$A$3:$A$5001,L$3,BD!$B$3:$B$5001,$A$26))) | M26: =IF(M$3="","",IF(COUNTIFS(BD!$A$3:$A$5001,M$3,BD!$B$3:$B$5001,$A$26,BD!$C$3:$C$5001,"<>")=0,"",SUMIFS(BD!$C$3:$C$5001,BD!$A$3:$A$5001,M$3,BD!$B$3:$B$5001,$A$26))) | ... AJ26: =IF(AJ$3="","",IF(COUNTIFS(BD!$A$3:$A$5001,AJ$3,BD!$B$3:$B$5001,$A$26,BD!$C$3:$C$5001,"<>")=0,"",SUMIFS(BD!$C$3:$C$5001,BD!$A$3:$A$5001,AJ$3,BD!$B$3:$B$5001,$A$26))) | AK26: =IF(COUNT(F26:AJ26)=0,"",SUM(F26:AJ26))
C27: Pallets Movimentados | D27: =IFERROR(1/(1/INDEX(BD!$AL$24:$BF$24,MATCH($A$26,BD!$AL$22:$BF$22,0))),"") | F27: =IF(F$3="","",IF(COUNTIFS(BD!$A$3:$A$5001,F$3,BD!$B$3:$B$5001,$A$26,BD!$D$3:$D$5001,"<>")=0,"",SUMIFS(BD!$D$3:$D$5001,BD!$A$3:$A$5001,F$3,BD!$B$3:$B$5001,$A$26))) | G27: =IF(G$3="","",IF(COUNTIFS(BD!$A$3:$A$5001,G$3,BD!$B$3:$B$5001,$A$26,BD!$D$3:$D$5001,"<>")=0,"",SUMIFS(BD!$D$3:$D$5001,BD!$A$3:$A$5001,G$3,BD!$B$3:$B$5001,$A$26))) | H27: =IF(H$3="","",IF(COUNTIFS(BD!$A$3:$A$5001,H$3,BD!$B$3:$B$5001,$A$26,BD!$D$3:$D$5001,"<>")=0,"",SUMIFS(BD!$D$3:$D$5001,BD!$A$3:$A$5001,H$3,BD!$B$3:$B$5001,$A$26))) | I27: =IF(I$3="","",IF(COUNTIFS(BD!$A$3:$A$5001,I$3,BD!$B$3:$B$5001,$A$26,BD!$D$3:$D$5001,"<>")=0,"",SUMIFS(BD!$D$3:$D$5001,BD!$A$3:$A$5001,I$3,BD!$B$3:$B$5001,$A$26))) | J27: =IF(J$3="","",IF(COUNTIFS(BD!$A$3:$A$5001,J$3,BD!$B$3:$B$5001,$A$26,BD!$D$3:$D$5001,"<>")=0,"",SUMIFS(BD!$D$3:$D$5001,BD!$A$3:$A$5001,J$3,BD!$B$3:$B$5001,$A$26))) | K27: =IF(K$3="","",IF(COUNTIFS(BD!$A$3:$A$5001,K$3,BD!$B$3:$B$5001,$A$26,BD!$D$3:$D$5001,"<>")=0,"",SUMIFS(BD!$D$3:$D$5001,BD!$A$3:$A$5001,K$3,BD!$B$3:$B$5001,$A$26))) | L27: =IF(L$3="","",IF(COUNTIFS(BD!$A$3:$A$5001,L$3,BD!$B$3:$B$5001,$A$26,BD!$D$3:$D$5001,"<>")=0,"",SUMIFS(BD!$D$3:$D$5001,BD!$A$3:$A$5001,L$3,BD!$B$3:$B$5001,$A$26))) | M27: =IF(M$3="","",IF(COUNTIFS(BD!$A$3:$A$5001,M$3,BD!$B$3:$B$5001,$A$26,BD!$D$3:$D$5001,"<>")=0,"",SUMIFS(BD!$D$3:$D$5001,BD!$A$3:$A$5001,M$3,BD!$B$3:$B$5001,$A$26))) | ... AJ27: =IF(AJ$3="","",IF(COUNTIFS(BD!$A$3:$A$5001,AJ$3,BD!$B$3:$B$5001,$A$26,BD!$D$3:$D$5001,"<>")=0,"",SUMIFS(BD!$D$3:$D$5001,BD!$A$3:$A$5001,AJ$3,BD!$B$3:$B$5001,$A$26))) | AK27: =IF(COUNT(F27:AJ27)=0,"",SUM(F27:AJ27))
C28: Toneladas Movimentadas | D28: =IFERROR(1/(1/INDEX(BD!$AL$25:$BF$25,MATCH($A$26,BD!$AL$22:$BF$22,0))),"") | F28: =IF(F$3="","",IF(COUNTIFS(BD!$A$3:$A$5001,F$3,BD!$B$3:$B$5001,$A$26,BD!$E$3:$E$5001,"<>")=0,"",SUMIFS(BD!$E$3:$E$5001,BD!$A$3:$A$5001,F$3,BD!$B$3:$B$5001,$A$26))) | G28: =IF(G$3="","",IF(COUNTIFS(BD!$A$3:$A$5001,G$3,BD!$B$3:$B$5001,$A$26,BD!$E$3:$E$5001,"<>")=0,"",SUMIFS(BD!$E$3:$E$5001,BD!$A$3:$A$5001,G$3,BD!$B$3:$B$5001,$A$26))) | H28: =IF(H$3="","",IF(COUNTIFS(BD!$A$3:$A$5001,H$3,BD!$B$3:$B$5001,$A$26,BD!$E$3:$E$5001,"<>")=0,"",SUMIFS(BD!$E$3:$E$5001,BD!$A$3:$A$5001,H$3,BD!$B$3:$B$5001,$A$26))) | I28: =IF(I$3="","",IF(COUNTIFS(BD!$A$3:$A$5001,I$3,BD!$B$3:$B$5001,$A$26,BD!$E$3:$E$5001,"<>")=0,"",SUMIFS(BD!$E$3:$E$5001,BD!$A$3:$A$5001,I$3,BD!$B$3:$B$5001,$A$26))) | J28: =IF(J$3="","",IF(COUNTIFS(BD!$A$3:$A$5001,J$3,BD!$B$3:$B$5001,$A$26,BD!$E$3:$E$5001,"<>")=0,"",SUMIFS(BD!$E$3:$E$5001,BD!$A$3:$A$5001,J$3,BD!$B$3:$B$5001,$A$26))) | K28: =IF(K$3="","",IF(COUNTIFS(BD!$A$3:$A$5001,K$3,BD!$B$3:$B$5001,$A$26,BD!$E$3:$E$5001,"<>")=0,"",SUMIFS(BD!$E$3:$E$5001,BD!$A$3:$A$5001,K$3,BD!$B$3:$B$5001,$A$26))) | L28: =IF(L$3="","",IF(COUNTIFS(BD!$A$3:$A$5001,L$3,BD!$B$3:$B$5001,$A$26,BD!$E$3:$E$5001,"<>")=0,"",SUMIFS(BD!$E$3:$E$5001,BD!$A$3:$A$5001,L$3,BD!$B$3:$B$5001,$A$26))) | M28: =IF(M$3="","",IF(COUNTIFS(BD!$A$3:$A$5001,M$3,BD!$B$3:$B$5001,$A$26,BD!$E$3:$E$5001,"<>")=0,"",SUMIFS(BD!$E$3:$E$5001,BD!$A$3:$A$5001,M$3,BD!$B$3:$B$5001,$A$26))) | ... AJ28: =IF(AJ$3="","",IF(COUNTIFS(BD!$A$3:$A$5001,AJ$3,BD!$B$3:$B$5001,$A$26,BD!$E$3:$E$5001,"<>")=0,"",SUMIFS(BD!$E$3:$E$5001,BD!$A$3:$A$5001,AJ$3,BD!$B$3:$B$5001,$A$26))) | AK28: =IF(COUNT(F28:AJ28)=0,"",SUM(F28:AJ28))
B29: OUT | C29: Veículos Expedidos | D29: =IFERROR(1/(1/INDEX(BD!$AL$32:$BF$32,MATCH($A$26,BD!$AL$22:$BF$22,0))),"") | F29: =IF(F$3="","",IF(COUNTIFS(BD!$A$3:$A$5001,F$3,BD!$B$3:$B$5001,$A$26,BD!$L$3:$L$5001,"<>")=0,"",SUMIFS(BD!$L$3:$L$5001,BD!$A$3:$A$5001,F$3,BD!$B$3:$B$5001,$A$26))) | G29: =IF(G$3="","",IF(COUNTIFS(BD!$A$3:$A$5001,G$3,BD!$B$3:$B$5001,$A$26,BD!$L$3:$L$5001,"<>")=0,"",SUMIFS(BD!$L$3:$L$5001,BD!$A$3:$A$5001,G$3,BD!$B$3:$B$5001,$A$26))) | H29: =IF(H$3="","",IF(COUNTIFS(BD!$A$3:$A$5001,H$3,BD!$B$3:$B$5001,$A$26,BD!$L$3:$L$5001,"<>")=0,"",SUMIFS(BD!$L$3:$L$5001,BD!$A$3:$A$5001,H$3,BD!$B$3:$B$5001,$A$26))) | I29: =IF(I$3="","",IF(COUNTIFS(BD!$A$3:$A$5001,I$3,BD!$B$3:$B$5001,$A$26,BD!$L$3:$L$5001,"<>")=0,"",SUMIFS(BD!$L$3:$L$5001,BD!$A$3:$A$5001,I$3,BD!$B$3:$B$5001,$A$26))) | J29: =IF(J$3="","",IF(COUNTIFS(BD!$A$3:$A$5001,J$3,BD!$B$3:$B$5001,$A$26,BD!$L$3:$L$5001,"<>")=0,"",SUMIFS(BD!$L$3:$L$5001,BD!$A$3:$A$5001,J$3,BD!$B$3:$B$5001,$A$26))) | K29: =IF(K$3="","",IF(COUNTIFS(BD!$A$3:$A$5001,K$3,BD!$B$3:$B$5001,$A$26,BD!$L$3:$L$5001,"<>")=0,"",SUMIFS(BD!$L$3:$L$5001,BD!$A$3:$A$5001,K$3,BD!$B$3:$B$5001,$A$26))) | L29: =IF(L$3="","",IF(COUNTIFS(BD!$A$3:$A$5001,L$3,BD!$B$3:$B$5001,$A$26,BD!$L$3:$L$5001,"<>")=0,"",SUMIFS(BD!$L$3:$L$5001,BD!$A$3:$A$5001,L$3,BD!$B$3:$B$5001,$A$26))) | M29: =IF(M$3="","",IF(COUNTIFS(BD!$A$3:$A$5001,M$3,BD!$B$3:$B$5001,$A$26,BD!$L$3:$L$5001,"<>")=0,"",SUMIFS(BD!$L$3:$L$5001,BD!$A$3:$A$5001,M$3,BD!$B$3:$B$5001,$A$26))) | ... AJ29: =IF(AJ$3="","",IF(COUNTIFS(BD!$A$3:$A$5001,AJ$3,BD!$B$3:$B$5001,$A$26,BD!$L$3:$L$5001,"<>")=0,"",SUMIFS(BD!$L$3:$L$5001,BD!$A$3:$A$5001,AJ$3,BD!$B$3:$B$5001,$A$26))) | AK29: =IF(COUNT(F29:AJ29)=0,"",SUM(F29:AJ29))
C30: Pallets Movimentados | D30: =IFERROR(1/(1/INDEX(BD!$AL$38:$BF$38,MATCH($A$26,BD!$AL$22:$BF$22,0))),"") | F30: =IF(F$3="","",IF(COUNTIFS(BD!$A$3:$A$5001,F$3,BD!$B$3:$B$5001,$A$26,BD!$R$3:$R$5001,"<>")=0,"",SUMIFS(BD!$R$3:$R$5001,BD!$A$3:$A$5001,F$3,BD!$B$3:$B$5001,$A$26))) | G30: =IF(G$3="","",IF(COUNTIFS(BD!$A$3:$A$5001,G$3,BD!$B$3:$B$5001,$A$26,BD!$R$3:$R$5001,"<>")=0,"",SUMIFS(BD!$R$3:$R$5001,BD!$A$3:$A$5001,G$3,BD!$B$3:$B$5001,$A$26))) | H30: =IF(H$3="","",IF(COUNTIFS(BD!$A$3:$A$5001,H$3,BD!$B$3:$B$5001,$A$26,BD!$R$3:$R$5001,"<>")=0,"",SUMIFS(BD!$R$3:$R$5001,BD!$A$3:$A$5001,H$3,BD!$B$3:$B$5001,$A$26))) | I30: =IF(I$3="","",IF(COUNTIFS(BD!$A$3:$A$5001,I$3,BD!$B$3:$B$5001,$A$26,BD!$R$3:$R$5001,"<>")=0,"",SUMIFS(BD!$R$3:$R$5001,BD!$A$3:$A$5001,I$3,BD!$B$3:$B$5001,$A$26))) | J30: =IF(J$3="","",IF(COUNTIFS(BD!$A$3:$A$5001,J$3,BD!$B$3:$B$5001,$A$26,BD!$R$3:$R$5001,"<>")=0,"",SUMIFS(BD!$R$3:$R$5001,BD!$A$3:$A$5001,J$3,BD!$B$3:$B$5001,$A$26))) | K30: =IF(K$3="","",IF(COUNTIFS(BD!$A$3:$A$5001,K$3,BD!$B$3:$B$5001,$A$26,BD!$R$3:$R$5001,"<>")=0,"",SUMIFS(BD!$R$3:$R$5001,BD!$A$3:$A$5001,K$3,BD!$B$3:$B$5001,$A$26))) | L30: =IF(L$3="","",IF(COUNTIFS(BD!$A$3:$A$5001,L$3,BD!$B$3:$B$5001,$A$26,BD!$R$3:$R$5001,"<>")=0,"",SUMIFS(BD!$R$3:$R$5001,BD!$A$3:$A$5001,L$3,BD!$B$3:$B$5001,$A$26))) | M30: =IF(M$3="","",IF(COUNTIFS(BD!$A$3:$A$5001,M$3,BD!$B$3:$B$5001,$A$26,BD!$R$3:$R$5001,"<>")=0,"",SUMIFS(BD!$R$3:$R$5001,BD!$A$3:$A$5001,M$3,BD!$B$3:$B$5001,$A$26))) | ... AJ30: =IF(AJ$3="","",IF(COUNTIFS(BD!$A$3:$A$5001,AJ$3,BD!$B$3:$B$5001,$A$26,BD!$R$3:$R$5001,"<>")=0,"",SUMIFS(BD!$R$3:$R$5001,BD!$A$3:$A$5001,AJ$3,BD!$B$3:$B$5001,$A$26))) | AK30: =IF(COUNT(F30:AJ30)=0,"",SUM(F30:AJ30))
C31: Toneladas Movimentadas | D31: =IFERROR(1/(1/INDEX(BD!$AL$39:$BF$39,MATCH($A$26,BD!$AL$22:$BF$22,0))),"") | F31: =IF(F$3="","",IF(COUNTIFS(BD!$A$3:$A$5001,F$3,BD!$B$3:$B$5001,$A$26,BD!$S$3:$S$5001,"<>")=0,"",SUMIFS(BD!$S$3:$S$5001,BD!$A$3:$A$5001,F$3,BD!$B$3:$B$5001,$A$26))) | G31: =IF(G$3="","",IF(COUNTIFS(BD!$A$3:$A$5001,G$3,BD!$B$3:$B$5001,$A$26,BD!$S$3:$S$5001,"<>")=0,"",SUMIFS(BD!$S$3:$S$5001,BD!$A$3:$A$5001,G$3,BD!$B$3:$B$5001,$A$26))) | H31: =IF(H$3="","",IF(COUNTIFS(BD!$A$3:$A$5001,H$3,BD!$B$3:$B$5001,$A$26,BD!$S$3:$S$5001,"<>")=0,"",SUMIFS(BD!$S$3:$S$5001,BD!$A$3:$A$5001,H$3,BD!$B$3:$B$5001,$A$26))) | I31: =IF(I$3="","",IF(COUNTIFS(BD!$A$3:$A$5001,I$3,BD!$B$3:$B$5001,$A$26,BD!$S$3:$S$5001,"<>")=0,"",SUMIFS(BD!$S$3:$S$5001,BD!$A$3:$A$5001,I$3,BD!$B$3:$B$5001,$A$26))) | J31: =IF(J$3="","",IF(COUNTIFS(BD!$A$3:$A$5001,J$3,BD!$B$3:$B$5001,$A$26,BD!$S$3:$S$5001,"<>")=0,"",SUMIFS(BD!$S$3:$S$5001,BD!$A$3:$A$5001,J$3,BD!$B$3:$B$5001,$A$26))) | K31: =IF(K$3="","",IF(COUNTIFS(BD!$A$3:$A$5001,K$3,BD!$B$3:$B$5001,$A$26,BD!$S$3:$S$5001,"<>")=0,"",SUMIFS(BD!$S$3:$S$5001,BD!$A$3:$A$5001,K$3,BD!$B$3:$B$5001,$A$26))) | L31: =IF(L$3="","",IF(COUNTIFS(BD!$A$3:$A$5001,L$3,BD!$B$3:$B$5001,$A$26,BD!$S$3:$S$5001,"<>")=0,"",SUMIFS(BD!$S$3:$S$5001,BD!$A$3:$A$5001,L$3,BD!$B$3:$B$5001,$A$26))) | M31: =IF(M$3="","",IF(COUNTIFS(BD!$A$3:$A$5001,M$3,BD!$B$3:$B$5001,$A$26,BD!$S$3:$S$5001,"<>")=0,"",SUMIFS(BD!$S$3:$S$5001,BD!$A$3:$A$5001,M$3,BD!$B$3:$B$5001,$A$26))) | ... AJ31: =IF(AJ$3="","",IF(COUNTIFS(BD!$A$3:$A$5001,AJ$3,BD!$B$3:$B$5001,$A$26,BD!$S$3:$S$5001,"<>")=0,"",SUMIFS(BD!$S$3:$S$5001,BD!$A$3:$A$5001,AJ$3,BD!$B$3:$B$5001,$A$26))) | AK31: =IF(COUNT(F31:AJ31)=0,"",SUM(F31:AJ31))
B32: NC | C32: Incidentes | D32: =IFERROR(1/(1/INDEX(BD!$AL$40:$BF$40,MATCH($A$26,BD!$AL$22:$BF$22,0))),"") | F32: =IF(F$3="","",IF(COUNTIFS(BD!$A$3:$A$5001,F$3,BD!$B$3:$B$5001,$A$26,BD!$T$3:$T$5001,"<>")=0,"",SUMIFS(BD!$T$3:$T$5001,BD!$A$3:$A$5001,F$3,BD!$B$3:$B$5001,$A$26))) | G32: =IF(G$3="","",IF(COUNTIFS(BD!$A$3:$A$5001,G$3,BD!$B$3:$B$5001,$A$26,BD!$T$3:$T$5001,"<>")=0,"",SUMIFS(BD!$T$3:$T$5001,BD!$A$3:$A$5001,G$3,BD!$B$3:$B$5001,$A$26))) | H32: =IF(H$3="","",IF(COUNTIFS(BD!$A$3:$A$5001,H$3,BD!$B$3:$B$5001,$A$26,BD!$T$3:$T$5001,"<>")=0,"",SUMIFS(BD!$T$3:$T$5001,BD!$A$3:$A$5001,H$3,BD!$B$3:$B$5001,$A$26))) | I32: =IF(I$3="","",IF(COUNTIFS(BD!$A$3:$A$5001,I$3,BD!$B$3:$B$5001,$A$26,BD!$T$3:$T$5001,"<>")=0,"",SUMIFS(BD!$T$3:$T$5001,BD!$A$3:$A$5001,I$3,BD!$B$3:$B$5001,$A$26))) | J32: =IF(J$3="","",IF(COUNTIFS(BD!$A$3:$A$5001,J$3,BD!$B$3:$B$5001,$A$26,BD!$T$3:$T$5001,"<>")=0,"",SUMIFS(BD!$T$3:$T$5001,BD!$A$3:$A$5001,J$3,BD!$B$3:$B$5001,$A$26))) | K32: =IF(K$3="","",IF(COUNTIFS(BD!$A$3:$A$5001,K$3,BD!$B$3:$B$5001,$A$26,BD!$T$3:$T$5001,"<>")=0,"",SUMIFS(BD!$T$3:$T$5001,BD!$A$3:$A$5001,K$3,BD!$B$3:$B$5001,$A$26))) | L32: =IF(L$3="","",IF(COUNTIFS(BD!$A$3:$A$5001,L$3,BD!$B$3:$B$5001,$A$26,BD!$T$3:$T$5001,"<>")=0,"",SUMIFS(BD!$T$3:$T$5001,BD!$A$3:$A$5001,L$3,BD!$B$3:$B$5001,$A$26))) | M32: =IF(M$3="","",IF(COUNTIFS(BD!$A$3:$A$5001,M$3,BD!$B$3:$B$5001,$A$26,BD!$T$3:$T$5001,"<>")=0,"",SUMIFS(BD!$T$3:$T$5001,BD!$A$3:$A$5001,M$3,BD!$B$3:$B$5001,$A$26))) | ... AJ32: =IF(AJ$3="","",IF(COUNTIFS(BD!$A$3:$A$5001,AJ$3,BD!$B$3:$B$5001,$A$26,BD!$T$3:$T$5001,"<>")=0,"",SUMIFS(BD!$T$3:$T$5001,BD!$A$3:$A$5001,AJ$3,BD!$B$3:$B$5001,$A$26))) | AK32: =IF(COUNT(F32:AJ32)=0,"",SUM(F32:AJ32))
C33: No show | D33: =IFERROR(1/(1/INDEX(BD!$AL$41:$BF$41,MATCH($A$26,BD!$AL$22:$BF$22,0))),"") | F33: =IF(F$3="","",IF(COUNTIFS(BD!$A$3:$A$5001,F$3,BD!$B$3:$B$5001,$A$26,BD!$U$3:$U$5001,"<>")=0,"",SUMIFS(BD!$U$3:$U$5001,BD!$A$3:$A$5001,F$3,BD!$B$3:$B$5001,$A$26))) | G33: =IF(G$3="","",IF(COUNTIFS(BD!$A$3:$A$5001,G$3,BD!$B$3:$B$5001,$A$26,BD!$U$3:$U$5001,"<>")=0,"",SUMIFS(BD!$U$3:$U$5001,BD!$A$3:$A$5001,G$3,BD!$B$3:$B$5001,$A$26))) | H33: =IF(H$3="","",IF(COUNTIFS(BD!$A$3:$A$5001,H$3,BD!$B$3:$B$5001,$A$26,BD!$U$3:$U$5001,"<>")=0,"",SUMIFS(BD!$U$3:$U$5001,BD!$A$3:$A$5001,H$3,BD!$B$3:$B$5001,$A$26))) | I33: =IF(I$3="","",IF(COUNTIFS(BD!$A$3:$A$5001,I$3,BD!$B$3:$B$5001,$A$26,BD!$U$3:$U$5001,"<>")=0,"",SUMIFS(BD!$U$3:$U$5001,BD!$A$3:$A$5001,I$3,BD!$B$3:$B$5001,$A$26))) | J33: =IF(J$3="","",IF(COUNTIFS(BD!$A$3:$A$5001,J$3,BD!$B$3:$B$5001,$A$26,BD!$U$3:$U$5001,"<>")=0,"",SUMIFS(BD!$U$3:$U$5001,BD!$A$3:$A$5001,J$3,BD!$B$3:$B$5001,$A$26))) | K33: =IF(K$3="","",IF(COUNTIFS(BD!$A$3:$A$5001,K$3,BD!$B$3:$B$5001,$A$26,BD!$U$3:$U$5001,"<>")=0,"",SUMIFS(BD!$U$3:$U$5001,BD!$A$3:$A$5001,K$3,BD!$B$3:$B$5001,$A$26))) | L33: =IF(L$3="","",IF(COUNTIFS(BD!$A$3:$A$5001,L$3,BD!$B$3:$B$5001,$A$26,BD!$U$3:$U$5001,"<>")=0,"",SUMIFS(BD!$U$3:$U$5001,BD!$A$3:$A$5001,L$3,BD!$B$3:$B$5001,$A$26))) | M33: =IF(M$3="","",IF(COUNTIFS(BD!$A$3:$A$5001,M$3,BD!$B$3:$B$5001,$A$26,BD!$U$3:$U$5001,"<>")=0,"",SUMIFS(BD!$U$3:$U$5001,BD!$A$3:$A$5001,M$3,BD!$B$3:$B$5001,$A$26))) | ... AJ33: =IF(AJ$3="","",IF(COUNTIFS(BD!$A$3:$A$5001,AJ$3,BD!$B$3:$B$5001,$A$26,BD!$U$3:$U$5001,"<>")=0,"",SUMIFS(BD!$U$3:$U$5001,BD!$A$3:$A$5001,AJ$3,BD!$B$3:$B$5001,$A$26))) | AK33: =IF(COUNT(F33:AJ33)=0,"",SUM(F33:AJ33))
C34: Backlog Intralog | D34: =IFERROR(1/(1/INDEX(BD!$AL$42:$BF$42,MATCH($A$26,BD!$AL$22:$BF$22,0))),"") | F34: =IF(F$3="","",IF(COUNTIFS(BD!$A$3:$A$5001,F$3,BD!$B$3:$B$5001,$A$26,BD!$V$3:$V$5001,"<>")=0,"",SUMIFS(BD!$V$3:$V$5001,BD!$A$3:$A$5001,F$3,BD!$B$3:$B$5001,$A$26))) | G34: =IF(G$3="","",IF(COUNTIFS(BD!$A$3:$A$5001,G$3,BD!$B$3:$B$5001,$A$26,BD!$V$3:$V$5001,"<>")=0,"",SUMIFS(BD!$V$3:$V$5001,BD!$A$3:$A$5001,G$3,BD!$B$3:$B$5001,$A$26))) | H34: =IF(H$3="","",IF(COUNTIFS(BD!$A$3:$A$5001,H$3,BD!$B$3:$B$5001,$A$26,BD!$V$3:$V$5001,"<>")=0,"",SUMIFS(BD!$V$3:$V$5001,BD!$A$3:$A$5001,H$3,BD!$B$3:$B$5001,$A$26))) | I34: =IF(I$3="","",IF(COUNTIFS(BD!$A$3:$A$5001,I$3,BD!$B$3:$B$5001,$A$26,BD!$V$3:$V$5001,"<>")=0,"",SUMIFS(BD!$V$3:$V$5001,BD!$A$3:$A$5001,I$3,BD!$B$3:$B$5001,$A$26))) | J34: =IF(J$3="","",IF(COUNTIFS(BD!$A$3:$A$5001,J$3,BD!$B$3:$B$5001,$A$26,BD!$V$3:$V$5001,"<>")=0,"",SUMIFS(BD!$V$3:$V$5001,BD!$A$3:$A$5001,J$3,BD!$B$3:$B$5001,$A$26))) | K34: =IF(K$3="","",IF(COUNTIFS(BD!$A$3:$A$5001,K$3,BD!$B$3:$B$5001,$A$26,BD!$V$3:$V$5001,"<>")=0,"",SUMIFS(BD!$V$3:$V$5001,BD!$A$3:$A$5001,K$3,BD!$B$3:$B$5001,$A$26))) | L34: =IF(L$3="","",IF(COUNTIFS(BD!$A$3:$A$5001,L$3,BD!$B$3:$B$5001,$A$26,BD!$V$3:$V$5001,"<>")=0,"",SUMIFS(BD!$V$3:$V$5001,BD!$A$3:$A$5001,L$3,BD!$B$3:$B$5001,$A$26))) | M34: =IF(M$3="","",IF(COUNTIFS(BD!$A$3:$A$5001,M$3,BD!$B$3:$B$5001,$A$26,BD!$V$3:$V$5001,"<>")=0,"",SUMIFS(BD!$V$3:$V$5001,BD!$A$3:$A$5001,M$3,BD!$B$3:$B$5001,$A$26))) | ... AJ34: =IF(AJ$3="","",IF(COUNTIFS(BD!$A$3:$A$5001,AJ$3,BD!$B$3:$B$5001,$A$26,BD!$V$3:$V$5001,"<>")=0,"",SUMIFS(BD!$V$3:$V$5001,BD!$A$3:$A$5001,AJ$3,BD!$B$3:$B$5001,$A$26))) | AK34: =IFERROR(LOOKUP(9.99E+307,F34:AJ34),"")
C35: Backlog Cliente | D35: =IFERROR(1/(1/INDEX(BD!$AL$43:$BF$43,MATCH($A$26,BD!$AL$22:$BF$22,0))),"") | F35: =IF(F$3="","",IF(COUNTIFS(BD!$A$3:$A$5001,F$3,BD!$B$3:$B$5001,$A$26,BD!$W$3:$W$5001,"<>")=0,"",SUMIFS(BD!$W$3:$W$5001,BD!$A$3:$A$5001,F$3,BD!$B$3:$B$5001,$A$26))) | G35: =IF(G$3="","",IF(COUNTIFS(BD!$A$3:$A$5001,G$3,BD!$B$3:$B$5001,$A$26,BD!$W$3:$W$5001,"<>")=0,"",SUMIFS(BD!$W$3:$W$5001,BD!$A$3:$A$5001,G$3,BD!$B$3:$B$5001,$A$26))) | H35: =IF(H$3="","",IF(COUNTIFS(BD!$A$3:$A$5001,H$3,BD!$B$3:$B$5001,$A$26,BD!$W$3:$W$5001,"<>")=0,"",SUMIFS(BD!$W$3:$W$5001,BD!$A$3:$A$5001,H$3,BD!$B$3:$B$5001,$A$26))) | I35: =IF(I$3="","",IF(COUNTIFS(BD!$A$3:$A$5001,I$3,BD!$B$3:$B$5001,$A$26,BD!$W$3:$W$5001,"<>")=0,"",SUMIFS(BD!$W$3:$W$5001,BD!$A$3:$A$5001,I$3,BD!$B$3:$B$5001,$A$26))) | J35: =IF(J$3="","",IF(COUNTIFS(BD!$A$3:$A$5001,J$3,BD!$B$3:$B$5001,$A$26,BD!$W$3:$W$5001,"<>")=0,"",SUMIFS(BD!$W$3:$W$5001,BD!$A$3:$A$5001,J$3,BD!$B$3:$B$5001,$A$26))) | K35: =IF(K$3="","",IF(COUNTIFS(BD!$A$3:$A$5001,K$3,BD!$B$3:$B$5001,$A$26,BD!$W$3:$W$5001,"<>")=0,"",SUMIFS(BD!$W$3:$W$5001,BD!$A$3:$A$5001,K$3,BD!$B$3:$B$5001,$A$26))) | L35: =IF(L$3="","",IF(COUNTIFS(BD!$A$3:$A$5001,L$3,BD!$B$3:$B$5001,$A$26,BD!$W$3:$W$5001,"<>")=0,"",SUMIFS(BD!$W$3:$W$5001,BD!$A$3:$A$5001,L$3,BD!$B$3:$B$5001,$A$26))) | M35: =IF(M$3="","",IF(COUNTIFS(BD!$A$3:$A$5001,M$3,BD!$B$3:$B$5001,$A$26,BD!$W$3:$W$5001,"<>")=0,"",SUMIFS(BD!$W$3:$W$5001,BD!$A$3:$A$5001,M$3,BD!$B$3:$B$5001,$A$26))) | ... AJ35: =IF(AJ$3="","",IF(COUNTIFS(BD!$A$3:$A$5001,AJ$3,BD!$B$3:$B$5001,$A$26,BD!$W$3:$W$5001,"<>")=0,"",SUMIFS(BD!$W$3:$W$5001,BD!$A$3:$A$5001,AJ$3,BD!$B$3:$B$5001,$A$26))) | AK35: =IFERROR(LOOKUP(9.99E+307,F35:AJ35),"")
B36: OCUPAÇÃO (P.P) | C36: Posições Disponíveis | D36: =IFERROR(1/(1/INDEX(BD!$AL$44:$BF$44,MATCH($A$26,BD!$AL$22:$BF$22,0))),"") | F36: =IF(F$3="","",IF(COUNTIFS(BD!$A$3:$A$5001,F$3,BD!$B$3:$B$5001,$A$26,BD!$X$3:$X$5001,"<>")=0,"",SUMIFS(BD!$X$3:$X$5001,BD!$A$3:$A$5001,F$3,BD!$B$3:$B$5001,$A$26))) | G36: =IF(G$3="","",IF(COUNTIFS(BD!$A$3:$A$5001,G$3,BD!$B$3:$B$5001,$A$26,BD!$X$3:$X$5001,"<>")=0,"",SUMIFS(BD!$X$3:$X$5001,BD!$A$3:$A$5001,G$3,BD!$B$3:$B$5001,$A$26))) | H36: =IF(H$3="","",IF(COUNTIFS(BD!$A$3:$A$5001,H$3,BD!$B$3:$B$5001,$A$26,BD!$X$3:$X$5001,"<>")=0,"",SUMIFS(BD!$X$3:$X$5001,BD!$A$3:$A$5001,H$3,BD!$B$3:$B$5001,$A$26))) | I36: =IF(I$3="","",IF(COUNTIFS(BD!$A$3:$A$5001,I$3,BD!$B$3:$B$5001,$A$26,BD!$X$3:$X$5001,"<>")=0,"",SUMIFS(BD!$X$3:$X$5001,BD!$A$3:$A$5001,I$3,BD!$B$3:$B$5001,$A$26))) | J36: =IF(J$3="","",IF(COUNTIFS(BD!$A$3:$A$5001,J$3,BD!$B$3:$B$5001,$A$26,BD!$X$3:$X$5001,"<>")=0,"",SUMIFS(BD!$X$3:$X$5001,BD!$A$3:$A$5001,J$3,BD!$B$3:$B$5001,$A$26))) | K36: =IF(K$3="","",IF(COUNTIFS(BD!$A$3:$A$5001,K$3,BD!$B$3:$B$5001,$A$26,BD!$X$3:$X$5001,"<>")=0,"",SUMIFS(BD!$X$3:$X$5001,BD!$A$3:$A$5001,K$3,BD!$B$3:$B$5001,$A$26))) | L36: =IF(L$3="","",IF(COUNTIFS(BD!$A$3:$A$5001,L$3,BD!$B$3:$B$5001,$A$26,BD!$X$3:$X$5001,"<>")=0,"",SUMIFS(BD!$X$3:$X$5001,BD!$A$3:$A$5001,L$3,BD!$B$3:$B$5001,$A$26))) | M36: =IF(M$3="","",IF(COUNTIFS(BD!$A$3:$A$5001,M$3,BD!$B$3:$B$5001,$A$26,BD!$X$3:$X$5001,"<>")=0,"",SUMIFS(BD!$X$3:$X$5001,BD!$A$3:$A$5001,M$3,BD!$B$3:$B$5001,$A$26))) | ... AJ36: =IF(AJ$3="","",IF(COUNTIFS(BD!$A$3:$A$5001,AJ$3,BD!$B$3:$B$5001,$A$26,BD!$X$3:$X$5001,"<>")=0,"",SUMIFS(BD!$X$3:$X$5001,BD!$A$3:$A$5001,AJ$3,BD!$B$3:$B$5001,$A$26))) | AK36: =IF(COUNT(F36:AJ36)>0,LOOKUP(9.99E+307,F36:AJ36),IFERROR(IF(INDEX(BD!$AI$3:$AI$5001,MATCH($A$26,BD!$B$3:$B$5001,0))&""="Contrato","",INDEX(BD!$AI$3:$AI$5001,MATCH($A$26,BD!$B$3:$B$5001,0))&""),""))
C37: Posições Ocupadas | D37: =IFERROR(1/(1/INDEX(BD!$AL$45:$BF$45,MATCH($A$26,BD!$AL$22:$BF$22,0))),"") | F37: =IF(F$3="","",IF(COUNTIFS(BD!$A$3:$A$5001,F$3,BD!$B$3:$B$5001,$A$26,BD!$Y$3:$Y$5001,"<>")=0,"",SUMIFS(BD!$Y$3:$Y$5001,BD!$A$3:$A$5001,F$3,BD!$B$3:$B$5001,$A$26))) | G37: =IF(G$3="","",IF(COUNTIFS(BD!$A$3:$A$5001,G$3,BD!$B$3:$B$5001,$A$26,BD!$Y$3:$Y$5001,"<>")=0,"",SUMIFS(BD!$Y$3:$Y$5001,BD!$A$3:$A$5001,G$3,BD!$B$3:$B$5001,$A$26))) | H37: =IF(H$3="","",IF(COUNTIFS(BD!$A$3:$A$5001,H$3,BD!$B$3:$B$5001,$A$26,BD!$Y$3:$Y$5001,"<>")=0,"",SUMIFS(BD!$Y$3:$Y$5001,BD!$A$3:$A$5001,H$3,BD!$B$3:$B$5001,$A$26))) | I37: =IF(I$3="","",IF(COUNTIFS(BD!$A$3:$A$5001,I$3,BD!$B$3:$B$5001,$A$26,BD!$Y$3:$Y$5001,"<>")=0,"",SUMIFS(BD!$Y$3:$Y$5001,BD!$A$3:$A$5001,I$3,BD!$B$3:$B$5001,$A$26))) | J37: =IF(J$3="","",IF(COUNTIFS(BD!$A$3:$A$5001,J$3,BD!$B$3:$B$5001,$A$26,BD!$Y$3:$Y$5001,"<>")=0,"",SUMIFS(BD!$Y$3:$Y$5001,BD!$A$3:$A$5001,J$3,BD!$B$3:$B$5001,$A$26))) | K37: =IF(K$3="","",IF(COUNTIFS(BD!$A$3:$A$5001,K$3,BD!$B$3:$B$5001,$A$26,BD!$Y$3:$Y$5001,"<>")=0,"",SUMIFS(BD!$Y$3:$Y$5001,BD!$A$3:$A$5001,K$3,BD!$B$3:$B$5001,$A$26))) | L37: =IF(L$3="","",IF(COUNTIFS(BD!$A$3:$A$5001,L$3,BD!$B$3:$B$5001,$A$26,BD!$Y$3:$Y$5001,"<>")=0,"",SUMIFS(BD!$Y$3:$Y$5001,BD!$A$3:$A$5001,L$3,BD!$B$3:$B$5001,$A$26))) | M37: =IF(M$3="","",IF(COUNTIFS(BD!$A$3:$A$5001,M$3,BD!$B$3:$B$5001,$A$26,BD!$Y$3:$Y$5001,"<>")=0,"",SUMIFS(BD!$Y$3:$Y$5001,BD!$A$3:$A$5001,M$3,BD!$B$3:$B$5001,$A$26))) | ... AJ37: =IF(AJ$3="","",IF(COUNTIFS(BD!$A$3:$A$5001,AJ$3,BD!$B$3:$B$5001,$A$26,BD!$Y$3:$Y$5001,"<>")=0,"",SUMIFS(BD!$Y$3:$Y$5001,BD!$A$3:$A$5001,AJ$3,BD!$B$3:$B$5001,$A$26))) | AK37: =IFERROR(LOOKUP(9.99E+307,F37:AJ37),"")
C38: Taxa de Ocupação | D38: =IFERROR(1/(1/INDEX(BD!$AL$46:$BF$46,MATCH($A$26,BD!$AL$22:$BF$22,0))),"") | F38: =IF(AND(ISNUMBER(F36),ISNUMBER(F37)),IF(F36>0,F37/F36,""),"") | G38: =IF(AND(ISNUMBER(G36),ISNUMBER(G37)),IF(G36>0,G37/G36,""),"") | H38: =IF(AND(ISNUMBER(H36),ISNUMBER(H37)),IF(H36>0,H37/H36,""),"") | I38: =IF(AND(ISNUMBER(I36),ISNUMBER(I37)),IF(I36>0,I37/I36,""),"") | J38: =IF(AND(ISNUMBER(J36),ISNUMBER(J37)),IF(J36>0,J37/J36,""),"") | K38: =IF(AND(ISNUMBER(K36),ISNUMBER(K37)),IF(K36>0,K37/K36,""),"") | L38: =IF(AND(ISNUMBER(L36),ISNUMBER(L37)),IF(L36>0,L37/L36,""),"") | M38: =IF(AND(ISNUMBER(M36),ISNUMBER(M37)),IF(M36>0,M37/M36,""),"") | ... AK38: =IF(AND(ISNUMBER(AK36),ISNUMBER(AK37)),IF(AK36>0,AK37/AK36,""),"")
B39: GENTE | C39: Efetivo Op. | D39: =IFERROR(1/(1/INDEX(BD!$AL$47:$BF$47,MATCH($A$26,BD!$AL$22:$BF$22,0))),"") | F39: =IF(F$3="","",IF(COUNTIFS(BD!$A$3:$A$5001,F$3,BD!$B$3:$B$5001,$A$26,BD!$Z$3:$Z$5001,"<>")=0,"",SUMIFS(BD!$Z$3:$Z$5001,BD!$A$3:$A$5001,F$3,BD!$B$3:$B$5001,$A$26))) | G39: =IF(G$3="","",IF(COUNTIFS(BD!$A$3:$A$5001,G$3,BD!$B$3:$B$5001,$A$26,BD!$Z$3:$Z$5001,"<>")=0,"",SUMIFS(BD!$Z$3:$Z$5001,BD!$A$3:$A$5001,G$3,BD!$B$3:$B$5001,$A$26))) | H39: =IF(H$3="","",IF(COUNTIFS(BD!$A$3:$A$5001,H$3,BD!$B$3:$B$5001,$A$26,BD!$Z$3:$Z$5001,"<>")=0,"",SUMIFS(BD!$Z$3:$Z$5001,BD!$A$3:$A$5001,H$3,BD!$B$3:$B$5001,$A$26))) | I39: =IF(I$3="","",IF(COUNTIFS(BD!$A$3:$A$5001,I$3,BD!$B$3:$B$5001,$A$26,BD!$Z$3:$Z$5001,"<>")=0,"",SUMIFS(BD!$Z$3:$Z$5001,BD!$A$3:$A$5001,I$3,BD!$B$3:$B$5001,$A$26))) | J39: =IF(J$3="","",IF(COUNTIFS(BD!$A$3:$A$5001,J$3,BD!$B$3:$B$5001,$A$26,BD!$Z$3:$Z$5001,"<>")=0,"",SUMIFS(BD!$Z$3:$Z$5001,BD!$A$3:$A$5001,J$3,BD!$B$3:$B$5001,$A$26))) | K39: =IF(K$3="","",IF(COUNTIFS(BD!$A$3:$A$5001,K$3,BD!$B$3:$B$5001,$A$26,BD!$Z$3:$Z$5001,"<>")=0,"",SUMIFS(BD!$Z$3:$Z$5001,BD!$A$3:$A$5001,K$3,BD!$B$3:$B$5001,$A$26))) | L39: =IF(L$3="","",IF(COUNTIFS(BD!$A$3:$A$5001,L$3,BD!$B$3:$B$5001,$A$26,BD!$Z$3:$Z$5001,"<>")=0,"",SUMIFS(BD!$Z$3:$Z$5001,BD!$A$3:$A$5001,L$3,BD!$B$3:$B$5001,$A$26))) | M39: =IF(M$3="","",IF(COUNTIFS(BD!$A$3:$A$5001,M$3,BD!$B$3:$B$5001,$A$26,BD!$Z$3:$Z$5001,"<>")=0,"",SUMIFS(BD!$Z$3:$Z$5001,BD!$A$3:$A$5001,M$3,BD!$B$3:$B$5001,$A$26))) | ... AJ39: =IF(AJ$3="","",IF(COUNTIFS(BD!$A$3:$A$5001,AJ$3,BD!$B$3:$B$5001,$A$26,BD!$Z$3:$Z$5001,"<>")=0,"",SUMIFS(BD!$Z$3:$Z$5001,BD!$A$3:$A$5001,AJ$3,BD!$B$3:$B$5001,$A$26))) | AK39: =IFERROR(LOOKUP(9.99E+307,F39:AJ39),"")
C40: Falta | D40: =IFERROR(1/(1/INDEX(BD!$AL$48:$BF$48,MATCH($A$26,BD!$AL$22:$BF$22,0))),"") | F40: =IF(F$3="","",IF(COUNTIFS(BD!$A$3:$A$5001,F$3,BD!$B$3:$B$5001,$A$26,BD!$AA$3:$AA$5001,"<>")=0,"",SUMIFS(BD!$AA$3:$AA$5001,BD!$A$3:$A$5001,F$3,BD!$B$3:$B$5001,$A$26))) | G40: =IF(G$3="","",IF(COUNTIFS(BD!$A$3:$A$5001,G$3,BD!$B$3:$B$5001,$A$26,BD!$AA$3:$AA$5001,"<>")=0,"",SUMIFS(BD!$AA$3:$AA$5001,BD!$A$3:$A$5001,G$3,BD!$B$3:$B$5001,$A$26))) | H40: =IF(H$3="","",IF(COUNTIFS(BD!$A$3:$A$5001,H$3,BD!$B$3:$B$5001,$A$26,BD!$AA$3:$AA$5001,"<>")=0,"",SUMIFS(BD!$AA$3:$AA$5001,BD!$A$3:$A$5001,H$3,BD!$B$3:$B$5001,$A$26))) | I40: =IF(I$3="","",IF(COUNTIFS(BD!$A$3:$A$5001,I$3,BD!$B$3:$B$5001,$A$26,BD!$AA$3:$AA$5001,"<>")=0,"",SUMIFS(BD!$AA$3:$AA$5001,BD!$A$3:$A$5001,I$3,BD!$B$3:$B$5001,$A$26))) | J40: =IF(J$3="","",IF(COUNTIFS(BD!$A$3:$A$5001,J$3,BD!$B$3:$B$5001,$A$26,BD!$AA$3:$AA$5001,"<>")=0,"",SUMIFS(BD!$AA$3:$AA$5001,BD!$A$3:$A$5001,J$3,BD!$B$3:$B$5001,$A$26))) | K40: =IF(K$3="","",IF(COUNTIFS(BD!$A$3:$A$5001,K$3,BD!$B$3:$B$5001,$A$26,BD!$AA$3:$AA$5001,"<>")=0,"",SUMIFS(BD!$AA$3:$AA$5001,BD!$A$3:$A$5001,K$3,BD!$B$3:$B$5001,$A$26))) | L40: =IF(L$3="","",IF(COUNTIFS(BD!$A$3:$A$5001,L$3,BD!$B$3:$B$5001,$A$26,BD!$AA$3:$AA$5001,"<>")=0,"",SUMIFS(BD!$AA$3:$AA$5001,BD!$A$3:$A$5001,L$3,BD!$B$3:$B$5001,$A$26))) | M40: =IF(M$3="","",IF(COUNTIFS(BD!$A$3:$A$5001,M$3,BD!$B$3:$B$5001,$A$26,BD!$AA$3:$AA$5001,"<>")=0,"",SUMIFS(BD!$AA$3:$AA$5001,BD!$A$3:$A$5001,M$3,BD!$B$3:$B$5001,$A$26))) | ... AJ40: =IF(AJ$3="","",IF(COUNTIFS(BD!$A$3:$A$5001,AJ$3,BD!$B$3:$B$5001,$A$26,BD!$AA$3:$AA$5001,"<>")=0,"",SUMIFS(BD!$AA$3:$AA$5001,BD!$A$3:$A$5001,AJ$3,BD!$B$3:$B$5001,$A$26))) | AK40: =IF(COUNT(F40:AJ40)=0,"",SUM(F40:AJ40))
C41: Absenteísmo (H/H) | D41: =IFERROR(1/(1/INDEX(BD!$AL$49:$BF$49,MATCH($A$26,BD!$AL$22:$BF$22,0))),"") | F41: =IF(F$3="","",IF(COUNTIFS(BD!$A$3:$A$5001,F$3,BD!$B$3:$B$5001,$A$26,BD!$AB$3:$AB$5001,"<>")=0,"",SUMIFS(BD!$AB$3:$AB$5001,BD!$A$3:$A$5001,F$3,BD!$B$3:$B$5001,$A$26))) | G41: =IF(G$3="","",IF(COUNTIFS(BD!$A$3:$A$5001,G$3,BD!$B$3:$B$5001,$A$26,BD!$AB$3:$AB$5001,"<>")=0,"",SUMIFS(BD!$AB$3:$AB$5001,BD!$A$3:$A$5001,G$3,BD!$B$3:$B$5001,$A$26))) | H41: =IF(H$3="","",IF(COUNTIFS(BD!$A$3:$A$5001,H$3,BD!$B$3:$B$5001,$A$26,BD!$AB$3:$AB$5001,"<>")=0,"",SUMIFS(BD!$AB$3:$AB$5001,BD!$A$3:$A$5001,H$3,BD!$B$3:$B$5001,$A$26))) | I41: =IF(I$3="","",IF(COUNTIFS(BD!$A$3:$A$5001,I$3,BD!$B$3:$B$5001,$A$26,BD!$AB$3:$AB$5001,"<>")=0,"",SUMIFS(BD!$AB$3:$AB$5001,BD!$A$3:$A$5001,I$3,BD!$B$3:$B$5001,$A$26))) | J41: =IF(J$3="","",IF(COUNTIFS(BD!$A$3:$A$5001,J$3,BD!$B$3:$B$5001,$A$26,BD!$AB$3:$AB$5001,"<>")=0,"",SUMIFS(BD!$AB$3:$AB$5001,BD!$A$3:$A$5001,J$3,BD!$B$3:$B$5001,$A$26))) | K41: =IF(K$3="","",IF(COUNTIFS(BD!$A$3:$A$5001,K$3,BD!$B$3:$B$5001,$A$26,BD!$AB$3:$AB$5001,"<>")=0,"",SUMIFS(BD!$AB$3:$AB$5001,BD!$A$3:$A$5001,K$3,BD!$B$3:$B$5001,$A$26))) | L41: =IF(L$3="","",IF(COUNTIFS(BD!$A$3:$A$5001,L$3,BD!$B$3:$B$5001,$A$26,BD!$AB$3:$AB$5001,"<>")=0,"",SUMIFS(BD!$AB$3:$AB$5001,BD!$A$3:$A$5001,L$3,BD!$B$3:$B$5001,$A$26))) | M41: =IF(M$3="","",IF(COUNTIFS(BD!$A$3:$A$5001,M$3,BD!$B$3:$B$5001,$A$26,BD!$AB$3:$AB$5001,"<>")=0,"",SUMIFS(BD!$AB$3:$AB$5001,BD!$A$3:$A$5001,M$3,BD!$B$3:$B$5001,$A$26))) | ... AJ41: =IF(AJ$3="","",IF(COUNTIFS(BD!$A$3:$A$5001,AJ$3,BD!$B$3:$B$5001,$A$26,BD!$AB$3:$AB$5001,"<>")=0,"",SUMIFS(BD!$AB$3:$AB$5001,BD!$A$3:$A$5001,AJ$3,BD!$B$3:$B$5001,$A$26))) | AK41: =IF(COUNT(F41:AJ41)=0,"",SUM(F41:AJ41))
C42: Folga | D42: =IFERROR(1/(1/INDEX(BD!$AL$50:$BF$50,MATCH($A$26,BD!$AL$22:$BF$22,0))),"") | F42: =IF(F$3="","",IF(COUNTIFS(BD!$A$3:$A$5001,F$3,BD!$B$3:$B$5001,$A$26,BD!$AC$3:$AC$5001,"<>")=0,"",SUMIFS(BD!$AC$3:$AC$5001,BD!$A$3:$A$5001,F$3,BD!$B$3:$B$5001,$A$26))) | G42: =IF(G$3="","",IF(COUNTIFS(BD!$A$3:$A$5001,G$3,BD!$B$3:$B$5001,$A$26,BD!$AC$3:$AC$5001,"<>")=0,"",SUMIFS(BD!$AC$3:$AC$5001,BD!$A$3:$A$5001,G$3,BD!$B$3:$B$5001,$A$26))) | H42: =IF(H$3="","",IF(COUNTIFS(BD!$A$3:$A$5001,H$3,BD!$B$3:$B$5001,$A$26,BD!$AC$3:$AC$5001,"<>")=0,"",SUMIFS(BD!$AC$3:$AC$5001,BD!$A$3:$A$5001,H$3,BD!$B$3:$B$5001,$A$26))) | I42: =IF(I$3="","",IF(COUNTIFS(BD!$A$3:$A$5001,I$3,BD!$B$3:$B$5001,$A$26,BD!$AC$3:$AC$5001,"<>")=0,"",SUMIFS(BD!$AC$3:$AC$5001,BD!$A$3:$A$5001,I$3,BD!$B$3:$B$5001,$A$26))) | J42: =IF(J$3="","",IF(COUNTIFS(BD!$A$3:$A$5001,J$3,BD!$B$3:$B$5001,$A$26,BD!$AC$3:$AC$5001,"<>")=0,"",SUMIFS(BD!$AC$3:$AC$5001,BD!$A$3:$A$5001,J$3,BD!$B$3:$B$5001,$A$26))) | K42: =IF(K$3="","",IF(COUNTIFS(BD!$A$3:$A$5001,K$3,BD!$B$3:$B$5001,$A$26,BD!$AC$3:$AC$5001,"<>")=0,"",SUMIFS(BD!$AC$3:$AC$5001,BD!$A$3:$A$5001,K$3,BD!$B$3:$B$5001,$A$26))) | L42: =IF(L$3="","",IF(COUNTIFS(BD!$A$3:$A$5001,L$3,BD!$B$3:$B$5001,$A$26,BD!$AC$3:$AC$5001,"<>")=0,"",SUMIFS(BD!$AC$3:$AC$5001,BD!$A$3:$A$5001,L$3,BD!$B$3:$B$5001,$A$26))) | M42: =IF(M$3="","",IF(COUNTIFS(BD!$A$3:$A$5001,M$3,BD!$B$3:$B$5001,$A$26,BD!$AC$3:$AC$5001,"<>")=0,"",SUMIFS(BD!$AC$3:$AC$5001,BD!$A$3:$A$5001,M$3,BD!$B$3:$B$5001,$A$26))) | ... AJ42: =IF(AJ$3="","",IF(COUNTIFS(BD!$A$3:$A$5001,AJ$3,BD!$B$3:$B$5001,$A$26,BD!$AC$3:$AC$5001,"<>")=0,"",SUMIFS(BD!$AC$3:$AC$5001,BD!$A$3:$A$5001,AJ$3,BD!$B$3:$B$5001,$A$26))) | AK42: =IF(COUNT(F42:AJ42)=0,"",SUM(F42:AJ42))
C43: Férias | D43: =IFERROR(1/(1/INDEX(BD!$AL$51:$BF$51,MATCH($A$26,BD!$AL$22:$BF$22,0))),"") | F43: =IF(F$3="","",IF(COUNTIFS(BD!$A$3:$A$5001,F$3,BD!$B$3:$B$5001,$A$26,BD!$AD$3:$AD$5001,"<>")=0,"",SUMIFS(BD!$AD$3:$AD$5001,BD!$A$3:$A$5001,F$3,BD!$B$3:$B$5001,$A$26))) | G43: =IF(G$3="","",IF(COUNTIFS(BD!$A$3:$A$5001,G$3,BD!$B$3:$B$5001,$A$26,BD!$AD$3:$AD$5001,"<>")=0,"",SUMIFS(BD!$AD$3:$AD$5001,BD!$A$3:$A$5001,G$3,BD!$B$3:$B$5001,$A$26))) | H43: =IF(H$3="","",IF(COUNTIFS(BD!$A$3:$A$5001,H$3,BD!$B$3:$B$5001,$A$26,BD!$AD$3:$AD$5001,"<>")=0,"",SUMIFS(BD!$AD$3:$AD$5001,BD!$A$3:$A$5001,H$3,BD!$B$3:$B$5001,$A$26))) | I43: =IF(I$3="","",IF(COUNTIFS(BD!$A$3:$A$5001,I$3,BD!$B$3:$B$5001,$A$26,BD!$AD$3:$AD$5001,"<>")=0,"",SUMIFS(BD!$AD$3:$AD$5001,BD!$A$3:$A$5001,I$3,BD!$B$3:$B$5001,$A$26))) | J43: =IF(J$3="","",IF(COUNTIFS(BD!$A$3:$A$5001,J$3,BD!$B$3:$B$5001,$A$26,BD!$AD$3:$AD$5001,"<>")=0,"",SUMIFS(BD!$AD$3:$AD$5001,BD!$A$3:$A$5001,J$3,BD!$B$3:$B$5001,$A$26))) | K43: =IF(K$3="","",IF(COUNTIFS(BD!$A$3:$A$5001,K$3,BD!$B$3:$B$5001,$A$26,BD!$AD$3:$AD$5001,"<>")=0,"",SUMIFS(BD!$AD$3:$AD$5001,BD!$A$3:$A$5001,K$3,BD!$B$3:$B$5001,$A$26))) | L43: =IF(L$3="","",IF(COUNTIFS(BD!$A$3:$A$5001,L$3,BD!$B$3:$B$5001,$A$26,BD!$AD$3:$AD$5001,"<>")=0,"",SUMIFS(BD!$AD$3:$AD$5001,BD!$A$3:$A$5001,L$3,BD!$B$3:$B$5001,$A$26))) | M43: =IF(M$3="","",IF(COUNTIFS(BD!$A$3:$A$5001,M$3,BD!$B$3:$B$5001,$A$26,BD!$AD$3:$AD$5001,"<>")=0,"",SUMIFS(BD!$AD$3:$AD$5001,BD!$A$3:$A$5001,M$3,BD!$B$3:$B$5001,$A$26))) | ... AJ43: =IF(AJ$3="","",IF(COUNTIFS(BD!$A$3:$A$5001,AJ$3,BD!$B$3:$B$5001,$A$26,BD!$AD$3:$AD$5001,"<>")=0,"",SUMIFS(BD!$AD$3:$AD$5001,BD!$A$3:$A$5001,AJ$3,BD!$B$3:$B$5001,$A$26))) | AK43: =IF(COUNT(F43:AJ43)=0,"",SUM(F43:AJ43))
C44: Desligamento | D44: =IFERROR(1/(1/INDEX(BD!$AL$52:$BF$52,MATCH($A$26,BD!$AL$22:$BF$22,0))),"") | F44: =IF(F$3="","",IF(COUNTIFS(BD!$A$3:$A$5001,F$3,BD!$B$3:$B$5001,$A$26,BD!$AE$3:$AE$5001,"<>")=0,"",SUMIFS(BD!$AE$3:$AE$5001,BD!$A$3:$A$5001,F$3,BD!$B$3:$B$5001,$A$26))) | G44: =IF(G$3="","",IF(COUNTIFS(BD!$A$3:$A$5001,G$3,BD!$B$3:$B$5001,$A$26,BD!$AE$3:$AE$5001,"<>")=0,"",SUMIFS(BD!$AE$3:$AE$5001,BD!$A$3:$A$5001,G$3,BD!$B$3:$B$5001,$A$26))) | H44: =IF(H$3="","",IF(COUNTIFS(BD!$A$3:$A$5001,H$3,BD!$B$3:$B$5001,$A$26,BD!$AE$3:$AE$5001,"<>")=0,"",SUMIFS(BD!$AE$3:$AE$5001,BD!$A$3:$A$5001,H$3,BD!$B$3:$B$5001,$A$26))) | I44: =IF(I$3="","",IF(COUNTIFS(BD!$A$3:$A$5001,I$3,BD!$B$3:$B$5001,$A$26,BD!$AE$3:$AE$5001,"<>")=0,"",SUMIFS(BD!$AE$3:$AE$5001,BD!$A$3:$A$5001,I$3,BD!$B$3:$B$5001,$A$26))) | J44: =IF(J$3="","",IF(COUNTIFS(BD!$A$3:$A$5001,J$3,BD!$B$3:$B$5001,$A$26,BD!$AE$3:$AE$5001,"<>")=0,"",SUMIFS(BD!$AE$3:$AE$5001,BD!$A$3:$A$5001,J$3,BD!$B$3:$B$5001,$A$26))) | K44: =IF(K$3="","",IF(COUNTIFS(BD!$A$3:$A$5001,K$3,BD!$B$3:$B$5001,$A$26,BD!$AE$3:$AE$5001,"<>")=0,"",SUMIFS(BD!$AE$3:$AE$5001,BD!$A$3:$A$5001,K$3,BD!$B$3:$B$5001,$A$26))) | L44: =IF(L$3="","",IF(COUNTIFS(BD!$A$3:$A$5001,L$3,BD!$B$3:$B$5001,$A$26,BD!$AE$3:$AE$5001,"<>")=0,"",SUMIFS(BD!$AE$3:$AE$5001,BD!$A$3:$A$5001,L$3,BD!$B$3:$B$5001,$A$26))) | M44: =IF(M$3="","",IF(COUNTIFS(BD!$A$3:$A$5001,M$3,BD!$B$3:$B$5001,$A$26,BD!$AE$3:$AE$5001,"<>")=0,"",SUMIFS(BD!$AE$3:$AE$5001,BD!$A$3:$A$5001,M$3,BD!$B$3:$B$5001,$A$26))) | ... AJ44: =IF(AJ$3="","",IF(COUNTIFS(BD!$A$3:$A$5001,AJ$3,BD!$B$3:$B$5001,$A$26,BD!$AE$3:$AE$5001,"<>")=0,"",SUMIFS(BD!$AE$3:$AE$5001,BD!$A$3:$A$5001,AJ$3,BD!$B$3:$B$5001,$A$26))) | AK44: =IF(COUNT(F44:AJ44)=0,"",SUM(F44:AJ44))
C45: Desvios Comportamentais | D45: =IFERROR(1/(1/INDEX(BD!$AL$53:$BF$53,MATCH($A$26,BD!$AL$22:$BF$22,0))),"") | F45: =IF(F$3="","",IF(COUNTIFS(BD!$A$3:$A$5001,F$3,BD!$B$3:$B$5001,$A$26,BD!$AF$3:$AF$5001,"<>")=0,"",SUMIFS(BD!$AF$3:$AF$5001,BD!$A$3:$A$5001,F$3,BD!$B$3:$B$5001,$A$26))) | G45: =IF(G$3="","",IF(COUNTIFS(BD!$A$3:$A$5001,G$3,BD!$B$3:$B$5001,$A$26,BD!$AF$3:$AF$5001,"<>")=0,"",SUMIFS(BD!$AF$3:$AF$5001,BD!$A$3:$A$5001,G$3,BD!$B$3:$B$5001,$A$26))) | H45: =IF(H$3="","",IF(COUNTIFS(BD!$A$3:$A$5001,H$3,BD!$B$3:$B$5001,$A$26,BD!$AF$3:$AF$5001,"<>")=0,"",SUMIFS(BD!$AF$3:$AF$5001,BD!$A$3:$A$5001,H$3,BD!$B$3:$B$5001,$A$26))) | I45: =IF(I$3="","",IF(COUNTIFS(BD!$A$3:$A$5001,I$3,BD!$B$3:$B$5001,$A$26,BD!$AF$3:$AF$5001,"<>")=0,"",SUMIFS(BD!$AF$3:$AF$5001,BD!$A$3:$A$5001,I$3,BD!$B$3:$B$5001,$A$26))) | J45: =IF(J$3="","",IF(COUNTIFS(BD!$A$3:$A$5001,J$3,BD!$B$3:$B$5001,$A$26,BD!$AF$3:$AF$5001,"<>")=0,"",SUMIFS(BD!$AF$3:$AF$5001,BD!$A$3:$A$5001,J$3,BD!$B$3:$B$5001,$A$26))) | K45: =IF(K$3="","",IF(COUNTIFS(BD!$A$3:$A$5001,K$3,BD!$B$3:$B$5001,$A$26,BD!$AF$3:$AF$5001,"<>")=0,"",SUMIFS(BD!$AF$3:$AF$5001,BD!$A$3:$A$5001,K$3,BD!$B$3:$B$5001,$A$26))) | L45: =IF(L$3="","",IF(COUNTIFS(BD!$A$3:$A$5001,L$3,BD!$B$3:$B$5001,$A$26,BD!$AF$3:$AF$5001,"<>")=0,"",SUMIFS(BD!$AF$3:$AF$5001,BD!$A$3:$A$5001,L$3,BD!$B$3:$B$5001,$A$26))) | M45: =IF(M$3="","",IF(COUNTIFS(BD!$A$3:$A$5001,M$3,BD!$B$3:$B$5001,$A$26,BD!$AF$3:$AF$5001,"<>")=0,"",SUMIFS(BD!$AF$3:$AF$5001,BD!$A$3:$A$5001,M$3,BD!$B$3:$B$5001,$A$26))) | ... AJ45: =IF(AJ$3="","",IF(COUNTIFS(BD!$A$3:$A$5001,AJ$3,BD!$B$3:$B$5001,$A$26,BD!$AF$3:$AF$5001,"<>")=0,"",SUMIFS(BD!$AF$3:$AF$5001,BD!$A$3:$A$5001,AJ$3,BD!$B$3:$B$5001,$A$26))) | AK45: =IF(COUNT(F45:AJ45)=0,"",SUM(F45:AJ45))
C46: Acidentes CAF | D46: =IFERROR(1/(1/INDEX(BD!$AL$54:$BF$54,MATCH($A$26,BD!$AL$22:$BF$22,0))),"") | F46: =IF(F$3="","",IF(COUNTIFS(BD!$A$3:$A$5001,F$3,BD!$B$3:$B$5001,$A$26,BD!$AG$3:$AG$5001,"<>")=0,"",SUMIFS(BD!$AG$3:$AG$5001,BD!$A$3:$A$5001,F$3,BD!$B$3:$B$5001,$A$26))) | G46: =IF(G$3="","",IF(COUNTIFS(BD!$A$3:$A$5001,G$3,BD!$B$3:$B$5001,$A$26,BD!$AG$3:$AG$5001,"<>")=0,"",SUMIFS(BD!$AG$3:$AG$5001,BD!$A$3:$A$5001,G$3,BD!$B$3:$B$5001,$A$26))) | H46: =IF(H$3="","",IF(COUNTIFS(BD!$A$3:$A$5001,H$3,BD!$B$3:$B$5001,$A$26,BD!$AG$3:$AG$5001,"<>")=0,"",SUMIFS(BD!$AG$3:$AG$5001,BD!$A$3:$A$5001,H$3,BD!$B$3:$B$5001,$A$26))) | I46: =IF(I$3="","",IF(COUNTIFS(BD!$A$3:$A$5001,I$3,BD!$B$3:$B$5001,$A$26,BD!$AG$3:$AG$5001,"<>")=0,"",SUMIFS(BD!$AG$3:$AG$5001,BD!$A$3:$A$5001,I$3,BD!$B$3:$B$5001,$A$26))) | J46: =IF(J$3="","",IF(COUNTIFS(BD!$A$3:$A$5001,J$3,BD!$B$3:$B$5001,$A$26,BD!$AG$3:$AG$5001,"<>")=0,"",SUMIFS(BD!$AG$3:$AG$5001,BD!$A$3:$A$5001,J$3,BD!$B$3:$B$5001,$A$26))) | K46: =IF(K$3="","",IF(COUNTIFS(BD!$A$3:$A$5001,K$3,BD!$B$3:$B$5001,$A$26,BD!$AG$3:$AG$5001,"<>")=0,"",SUMIFS(BD!$AG$3:$AG$5001,BD!$A$3:$A$5001,K$3,BD!$B$3:$B$5001,$A$26))) | L46: =IF(L$3="","",IF(COUNTIFS(BD!$A$3:$A$5001,L$3,BD!$B$3:$B$5001,$A$26,BD!$AG$3:$AG$5001,"<>")=0,"",SUMIFS(BD!$AG$3:$AG$5001,BD!$A$3:$A$5001,L$3,BD!$B$3:$B$5001,$A$26))) | M46: =IF(M$3="","",IF(COUNTIFS(BD!$A$3:$A$5001,M$3,BD!$B$3:$B$5001,$A$26,BD!$AG$3:$AG$5001,"<>")=0,"",SUMIFS(BD!$AG$3:$AG$5001,BD!$A$3:$A$5001,M$3,BD!$B$3:$B$5001,$A$26))) | ... AJ46: =IF(AJ$3="","",IF(COUNTIFS(BD!$A$3:$A$5001,AJ$3,BD!$B$3:$B$5001,$A$26,BD!$AG$3:$AG$5001,"<>")=0,"",SUMIFS(BD!$AG$3:$AG$5001,BD!$A$3:$A$5001,AJ$3,BD!$B$3:$B$5001,$A$26))) | AK46: =IF(COUNT(F46:AJ46)=0,"",SUM(F46:AJ46))
C47: Acidentes SAF | D47: =IFERROR(1/(1/INDEX(BD!$AL$55:$BF$55,MATCH($A$26,BD!$AL$22:$BF$22,0))),"") | F47: =IF(F$3="","",IF(COUNTIFS(BD!$A$3:$A$5001,F$3,BD!$B$3:$B$5001,$A$26,BD!$AH$3:$AH$5001,"<>")=0,"",SUMIFS(BD!$AH$3:$AH$5001,BD!$A$3:$A$5001,F$3,BD!$B$3:$B$5001,$A$26))) | G47: =IF(G$3="","",IF(COUNTIFS(BD!$A$3:$A$5001,G$3,BD!$B$3:$B$5001,$A$26,BD!$AH$3:$AH$5001,"<>")=0,"",SUMIFS(BD!$AH$3:$AH$5001,BD!$A$3:$A$5001,G$3,BD!$B$3:$B$5001,$A$26))) | H47: =IF(H$3="","",IF(COUNTIFS(BD!$A$3:$A$5001,H$3,BD!$B$3:$B$5001,$A$26,BD!$AH$3:$AH$5001,"<>")=0,"",SUMIFS(BD!$AH$3:$AH$5001,BD!$A$3:$A$5001,H$3,BD!$B$3:$B$5001,$A$26))) | I47: =IF(I$3="","",IF(COUNTIFS(BD!$A$3:$A$5001,I$3,BD!$B$3:$B$5001,$A$26,BD!$AH$3:$AH$5001,"<>")=0,"",SUMIFS(BD!$AH$3:$AH$5001,BD!$A$3:$A$5001,I$3,BD!$B$3:$B$5001,$A$26))) | J47: =IF(J$3="","",IF(COUNTIFS(BD!$A$3:$A$5001,J$3,BD!$B$3:$B$5001,$A$26,BD!$AH$3:$AH$5001,"<>")=0,"",SUMIFS(BD!$AH$3:$AH$5001,BD!$A$3:$A$5001,J$3,BD!$B$3:$B$5001,$A$26))) | K47: =IF(K$3="","",IF(COUNTIFS(BD!$A$3:$A$5001,K$3,BD!$B$3:$B$5001,$A$26,BD!$AH$3:$AH$5001,"<>")=0,"",SUMIFS(BD!$AH$3:$AH$5001,BD!$A$3:$A$5001,K$3,BD!$B$3:$B$5001,$A$26))) | L47: =IF(L$3="","",IF(COUNTIFS(BD!$A$3:$A$5001,L$3,BD!$B$3:$B$5001,$A$26,BD!$AH$3:$AH$5001,"<>")=0,"",SUMIFS(BD!$AH$3:$AH$5001,BD!$A$3:$A$5001,L$3,BD!$B$3:$B$5001,$A$26))) | M47: =IF(M$3="","",IF(COUNTIFS(BD!$A$3:$A$5001,M$3,BD!$B$3:$B$5001,$A$26,BD!$AH$3:$AH$5001,"<>")=0,"",SUMIFS(BD!$AH$3:$AH$5001,BD!$A$3:$A$5001,M$3,BD!$B$3:$B$5001,$A$26))) | ... AJ47: =IF(AJ$3="","",IF(COUNTIFS(BD!$A$3:$A$5001,AJ$3,BD!$B$3:$B$5001,$A$26,BD!$AH$3:$AH$5001,"<>")=0,"",SUMIFS(BD!$AH$3:$AH$5001,BD!$A$3:$A$5001,AJ$3,BD!$B$3:$B$5001,$A$26))) | AK47: =IF(COUNT(F47:AJ47)=0,"",SUM(F47:AJ47))
A49: Beautybiz | B49: IN | C49: Veículos Recebidos | D49: =IFERROR(1/(1/INDEX(BD!$AL$23:$BF$23,MATCH($A$49,BD!$AL$22:$BF$22,0))),"") | F49: =IF(F$3="","",IF(COUNTIFS(BD!$A$3:$A$5001,F$3,BD!$B$3:$B$5001,$A$49,BD!$C$3:$C$5001,"<>")=0,"",SUMIFS(BD!$C$3:$C$5001,BD!$A$3:$A$5001,F$3,BD!$B$3:$B$5001,$A$49))) | G49: =IF(G$3="","",IF(COUNTIFS(BD!$A$3:$A$5001,G$3,BD!$B$3:$B$5001,$A$49,BD!$C$3:$C$5001,"<>")=0,"",SUMIFS(BD!$C$3:$C$5001,BD!$A$3:$A$5001,G$3,BD!$B$3:$B$5001,$A$49))) | H49: =IF(H$3="","",IF(COUNTIFS(BD!$A$3:$A$5001,H$3,BD!$B$3:$B$5001,$A$49,BD!$C$3:$C$5001,"<>")=0,"",SUMIFS(BD!$C$3:$C$5001,BD!$A$3:$A$5001,H$3,BD!$B$3:$B$5001,$A$49))) | I49: =IF(I$3="","",IF(COUNTIFS(BD!$A$3:$A$5001,I$3,BD!$B$3:$B$5001,$A$49,BD!$C$3:$C$5001,"<>")=0,"",SUMIFS(BD!$C$3:$C$5001,BD!$A$3:$A$5001,I$3,BD!$B$3:$B$5001,$A$49))) | J49: =IF(J$3="","",IF(COUNTIFS(BD!$A$3:$A$5001,J$3,BD!$B$3:$B$5001,$A$49,BD!$C$3:$C$5001,"<>")=0,"",SUMIFS(BD!$C$3:$C$5001,BD!$A$3:$A$5001,J$3,BD!$B$3:$B$5001,$A$49))) | K49: =IF(K$3="","",IF(COUNTIFS(BD!$A$3:$A$5001,K$3,BD!$B$3:$B$5001,$A$49,BD!$C$3:$C$5001,"<>")=0,"",SUMIFS(BD!$C$3:$C$5001,BD!$A$3:$A$5001,K$3,BD!$B$3:$B$5001,$A$49))) | L49: =IF(L$3="","",IF(COUNTIFS(BD!$A$3:$A$5001,L$3,BD!$B$3:$B$5001,$A$49,BD!$C$3:$C$5001,"<>")=0,"",SUMIFS(BD!$C$3:$C$5001,BD!$A$3:$A$5001,L$3,BD!$B$3:$B$5001,$A$49))) | M49: =IF(M$3="","",IF(COUNTIFS(BD!$A$3:$A$5001,M$3,BD!$B$3:$B$5001,$A$49,BD!$C$3:$C$5001,"<>")=0,"",SUMIFS(BD!$C$3:$C$5001,BD!$A$3:$A$5001,M$3,BD!$B$3:$B$5001,$A$49))) | ... AJ49: =IF(AJ$3="","",IF(COUNTIFS(BD!$A$3:$A$5001,AJ$3,BD!$B$3:$B$5001,$A$49,BD!$C$3:$C$5001,"<>")=0,"",SUMIFS(BD!$C$3:$C$5001,BD!$A$3:$A$5001,AJ$3,BD!$B$3:$B$5001,$A$49))) | AK49: =IF(COUNT(F49:AJ49)=0,"",SUM(F49:AJ49))
C50: Pallets Movimentados | D50: =IFERROR(1/(1/INDEX(BD!$AL$24:$BF$24,MATCH($A$49,BD!$AL$22:$BF$22,0))),"") | F50: =IF(F$3="","",IF(COUNTIFS(BD!$A$3:$A$5001,F$3,BD!$B$3:$B$5001,$A$49,BD!$D$3:$D$5001,"<>")=0,"",SUMIFS(BD!$D$3:$D$5001,BD!$A$3:$A$5001,F$3,BD!$B$3:$B$5001,$A$49))) | G50: =IF(G$3="","",IF(COUNTIFS(BD!$A$3:$A$5001,G$3,BD!$B$3:$B$5001,$A$49,BD!$D$3:$D$5001,"<>")=0,"",SUMIFS(BD!$D$3:$D$5001,BD!$A$3:$A$5001,G$3,BD!$B$3:$B$5001,$A$49))) | H50: =IF(H$3="","",IF(COUNTIFS(BD!$A$3:$A$5001,H$3,BD!$B$3:$B$5001,$A$49,BD!$D$3:$D$5001,"<>")=0,"",SUMIFS(BD!$D$3:$D$5001,BD!$A$3:$A$5001,H$3,BD!$B$3:$B$5001,$A$49))) | I50: =IF(I$3="","",IF(COUNTIFS(BD!$A$3:$A$5001,I$3,BD!$B$3:$B$5001,$A$49,BD!$D$3:$D$5001,"<>")=0,"",SUMIFS(BD!$D$3:$D$5001,BD!$A$3:$A$5001,I$3,BD!$B$3:$B$5001,$A$49))) | J50: =IF(J$3="","",IF(COUNTIFS(BD!$A$3:$A$5001,J$3,BD!$B$3:$B$5001,$A$49,BD!$D$3:$D$5001,"<>")=0,"",SUMIFS(BD!$D$3:$D$5001,BD!$A$3:$A$5001,J$3,BD!$B$3:$B$5001,$A$49))) | K50: =IF(K$3="","",IF(COUNTIFS(BD!$A$3:$A$5001,K$3,BD!$B$3:$B$5001,$A$49,BD!$D$3:$D$5001,"<>")=0,"",SUMIFS(BD!$D$3:$D$5001,BD!$A$3:$A$5001,K$3,BD!$B$3:$B$5001,$A$49))) | L50: =IF(L$3="","",IF(COUNTIFS(BD!$A$3:$A$5001,L$3,BD!$B$3:$B$5001,$A$49,BD!$D$3:$D$5001,"<>")=0,"",SUMIFS(BD!$D$3:$D$5001,BD!$A$3:$A$5001,L$3,BD!$B$3:$B$5001,$A$49))) | M50: =IF(M$3="","",IF(COUNTIFS(BD!$A$3:$A$5001,M$3,BD!$B$3:$B$5001,$A$49,BD!$D$3:$D$5001,"<>")=0,"",SUMIFS(BD!$D$3:$D$5001,BD!$A$3:$A$5001,M$3,BD!$B$3:$B$5001,$A$49))) | ... AJ50: =IF(AJ$3="","",IF(COUNTIFS(BD!$A$3:$A$5001,AJ$3,BD!$B$3:$B$5001,$A$49,BD!$D$3:$D$5001,"<>")=0,"",SUMIFS(BD!$D$3:$D$5001,BD!$A$3:$A$5001,AJ$3,BD!$B$3:$B$5001,$A$49))) | AK50: =IF(COUNT(F50:AJ50)=0,"",SUM(F50:AJ50))
C51: Caixas Movimentadas | D51: =IFERROR(1/(1/INDEX(BD!$AL$27:$BF$27,MATCH($A$49,BD!$AL$22:$BF$22,0))),"") | F51: =IF(F$3="","",IF(COUNTIFS(BD!$A$3:$A$5001,F$3,BD!$B$3:$B$5001,$A$49,BD!$G$3:$G$5001,"<>")=0,"",SUMIFS(BD!$G$3:$G$5001,BD!$A$3:$A$5001,F$3,BD!$B$3:$B$5001,$A$49))) | G51: =IF(G$3="","",IF(COUNTIFS(BD!$A$3:$A$5001,G$3,BD!$B$3:$B$5001,$A$49,BD!$G$3:$G$5001,"<>")=0,"",SUMIFS(BD!$G$3:$G$5001,BD!$A$3:$A$5001,G$3,BD!$B$3:$B$5001,$A$49))) | H51: =IF(H$3="","",IF(COUNTIFS(BD!$A$3:$A$5001,H$3,BD!$B$3:$B$5001,$A$49,BD!$G$3:$G$5001,"<>")=0,"",SUMIFS(BD!$G$3:$G$5001,BD!$A$3:$A$5001,H$3,BD!$B$3:$B$5001,$A$49))) | I51: =IF(I$3="","",IF(COUNTIFS(BD!$A$3:$A$5001,I$3,BD!$B$3:$B$5001,$A$49,BD!$G$3:$G$5001,"<>")=0,"",SUMIFS(BD!$G$3:$G$5001,BD!$A$3:$A$5001,I$3,BD!$B$3:$B$5001,$A$49))) | J51: =IF(J$3="","",IF(COUNTIFS(BD!$A$3:$A$5001,J$3,BD!$B$3:$B$5001,$A$49,BD!$G$3:$G$5001,"<>")=0,"",SUMIFS(BD!$G$3:$G$5001,BD!$A$3:$A$5001,J$3,BD!$B$3:$B$5001,$A$49))) | K51: =IF(K$3="","",IF(COUNTIFS(BD!$A$3:$A$5001,K$3,BD!$B$3:$B$5001,$A$49,BD!$G$3:$G$5001,"<>")=0,"",SUMIFS(BD!$G$3:$G$5001,BD!$A$3:$A$5001,K$3,BD!$B$3:$B$5001,$A$49))) | L51: =IF(L$3="","",IF(COUNTIFS(BD!$A$3:$A$5001,L$3,BD!$B$3:$B$5001,$A$49,BD!$G$3:$G$5001,"<>")=0,"",SUMIFS(BD!$G$3:$G$5001,BD!$A$3:$A$5001,L$3,BD!$B$3:$B$5001,$A$49))) | M51: =IF(M$3="","",IF(COUNTIFS(BD!$A$3:$A$5001,M$3,BD!$B$3:$B$5001,$A$49,BD!$G$3:$G$5001,"<>")=0,"",SUMIFS(BD!$G$3:$G$5001,BD!$A$3:$A$5001,M$3,BD!$B$3:$B$5001,$A$49))) | ... AJ51: =IF(AJ$3="","",IF(COUNTIFS(BD!$A$3:$A$5001,AJ$3,BD!$B$3:$B$5001,$A$49,BD!$G$3:$G$5001,"<>")=0,"",SUMIFS(BD!$G$3:$G$5001,BD!$A$3:$A$5001,AJ$3,BD!$B$3:$B$5001,$A$49))) | AK51: =IF(COUNT(F51:AJ51)=0,"",SUM(F51:AJ51))
B52: OUT | C52: Veículos Expedidos | D52: =IFERROR(1/(1/INDEX(BD!$AL$32:$BF$32,MATCH($A$49,BD!$AL$22:$BF$22,0))),"") | F52: =IF(F$3="","",IF(COUNTIFS(BD!$A$3:$A$5001,F$3,BD!$B$3:$B$5001,$A$49,BD!$L$3:$L$5001,"<>")=0,"",SUMIFS(BD!$L$3:$L$5001,BD!$A$3:$A$5001,F$3,BD!$B$3:$B$5001,$A$49))) | G52: =IF(G$3="","",IF(COUNTIFS(BD!$A$3:$A$5001,G$3,BD!$B$3:$B$5001,$A$49,BD!$L$3:$L$5001,"<>")=0,"",SUMIFS(BD!$L$3:$L$5001,BD!$A$3:$A$5001,G$3,BD!$B$3:$B$5001,$A$49))) | H52: =IF(H$3="","",IF(COUNTIFS(BD!$A$3:$A$5001,H$3,BD!$B$3:$B$5001,$A$49,BD!$L$3:$L$5001,"<>")=0,"",SUMIFS(BD!$L$3:$L$5001,BD!$A$3:$A$5001,H$3,BD!$B$3:$B$5001,$A$49))) | I52: =IF(I$3="","",IF(COUNTIFS(BD!$A$3:$A$5001,I$3,BD!$B$3:$B$5001,$A$49,BD!$L$3:$L$5001,"<>")=0,"",SUMIFS(BD!$L$3:$L$5001,BD!$A$3:$A$5001,I$3,BD!$B$3:$B$5001,$A$49))) | J52: =IF(J$3="","",IF(COUNTIFS(BD!$A$3:$A$5001,J$3,BD!$B$3:$B$5001,$A$49,BD!$L$3:$L$5001,"<>")=0,"",SUMIFS(BD!$L$3:$L$5001,BD!$A$3:$A$5001,J$3,BD!$B$3:$B$5001,$A$49))) | K52: =IF(K$3="","",IF(COUNTIFS(BD!$A$3:$A$5001,K$3,BD!$B$3:$B$5001,$A$49,BD!$L$3:$L$5001,"<>")=0,"",SUMIFS(BD!$L$3:$L$5001,BD!$A$3:$A$5001,K$3,BD!$B$3:$B$5001,$A$49))) | L52: =IF(L$3="","",IF(COUNTIFS(BD!$A$3:$A$5001,L$3,BD!$B$3:$B$5001,$A$49,BD!$L$3:$L$5001,"<>")=0,"",SUMIFS(BD!$L$3:$L$5001,BD!$A$3:$A$5001,L$3,BD!$B$3:$B$5001,$A$49))) | M52: =IF(M$3="","",IF(COUNTIFS(BD!$A$3:$A$5001,M$3,BD!$B$3:$B$5001,$A$49,BD!$L$3:$L$5001,"<>")=0,"",SUMIFS(BD!$L$3:$L$5001,BD!$A$3:$A$5001,M$3,BD!$B$3:$B$5001,$A$49))) | ... AJ52: =IF(AJ$3="","",IF(COUNTIFS(BD!$A$3:$A$5001,AJ$3,BD!$B$3:$B$5001,$A$49,BD!$L$3:$L$5001,"<>")=0,"",SUMIFS(BD!$L$3:$L$5001,BD!$A$3:$A$5001,AJ$3,BD!$B$3:$B$5001,$A$49))) | AK52: =IF(COUNT(F52:AJ52)=0,"",SUM(F52:AJ52))
C53: Pallets Movimentados | D53: =IFERROR(1/(1/INDEX(BD!$AL$38:$BF$38,MATCH($A$49,BD!$AL$22:$BF$22,0))),"") | F53: =IF(F$3="","",IF(COUNTIFS(BD!$A$3:$A$5001,F$3,BD!$B$3:$B$5001,$A$49,BD!$R$3:$R$5001,"<>")=0,"",SUMIFS(BD!$R$3:$R$5001,BD!$A$3:$A$5001,F$3,BD!$B$3:$B$5001,$A$49))) | G53: =IF(G$3="","",IF(COUNTIFS(BD!$A$3:$A$5001,G$3,BD!$B$3:$B$5001,$A$49,BD!$R$3:$R$5001,"<>")=0,"",SUMIFS(BD!$R$3:$R$5001,BD!$A$3:$A$5001,G$3,BD!$B$3:$B$5001,$A$49))) | H53: =IF(H$3="","",IF(COUNTIFS(BD!$A$3:$A$5001,H$3,BD!$B$3:$B$5001,$A$49,BD!$R$3:$R$5001,"<>")=0,"",SUMIFS(BD!$R$3:$R$5001,BD!$A$3:$A$5001,H$3,BD!$B$3:$B$5001,$A$49))) | I53: =IF(I$3="","",IF(COUNTIFS(BD!$A$3:$A$5001,I$3,BD!$B$3:$B$5001,$A$49,BD!$R$3:$R$5001,"<>")=0,"",SUMIFS(BD!$R$3:$R$5001,BD!$A$3:$A$5001,I$3,BD!$B$3:$B$5001,$A$49))) | J53: =IF(J$3="","",IF(COUNTIFS(BD!$A$3:$A$5001,J$3,BD!$B$3:$B$5001,$A$49,BD!$R$3:$R$5001,"<>")=0,"",SUMIFS(BD!$R$3:$R$5001,BD!$A$3:$A$5001,J$3,BD!$B$3:$B$5001,$A$49))) | K53: =IF(K$3="","",IF(COUNTIFS(BD!$A$3:$A$5001,K$3,BD!$B$3:$B$5001,$A$49,BD!$R$3:$R$5001,"<>")=0,"",SUMIFS(BD!$R$3:$R$5001,BD!$A$3:$A$5001,K$3,BD!$B$3:$B$5001,$A$49))) | L53: =IF(L$3="","",IF(COUNTIFS(BD!$A$3:$A$5001,L$3,BD!$B$3:$B$5001,$A$49,BD!$R$3:$R$5001,"<>")=0,"",SUMIFS(BD!$R$3:$R$5001,BD!$A$3:$A$5001,L$3,BD!$B$3:$B$5001,$A$49))) | M53: =IF(M$3="","",IF(COUNTIFS(BD!$A$3:$A$5001,M$3,BD!$B$3:$B$5001,$A$49,BD!$R$3:$R$5001,"<>")=0,"",SUMIFS(BD!$R$3:$R$5001,BD!$A$3:$A$5001,M$3,BD!$B$3:$B$5001,$A$49))) | ... AJ53: =IF(AJ$3="","",IF(COUNTIFS(BD!$A$3:$A$5001,AJ$3,BD!$B$3:$B$5001,$A$49,BD!$R$3:$R$5001,"<>")=0,"",SUMIFS(BD!$R$3:$R$5001,BD!$A$3:$A$5001,AJ$3,BD!$B$3:$B$5001,$A$49))) | AK53: =IF(COUNT(F53:AJ53)=0,"",SUM(F53:AJ53))
C54: Pedidos Expedidos | D54: =IFERROR(1/(1/INDEX(BD!$AL$33:$BF$33,MATCH($A$49,BD!$AL$22:$BF$22,0))),"") | F54: =IF(F$3="","",IF(COUNTIFS(BD!$A$3:$A$5001,F$3,BD!$B$3:$B$5001,$A$49,BD!$M$3:$M$5001,"<>")=0,"",SUMIFS(BD!$M$3:$M$5001,BD!$A$3:$A$5001,F$3,BD!$B$3:$B$5001,$A$49))) | G54: =IF(G$3="","",IF(COUNTIFS(BD!$A$3:$A$5001,G$3,BD!$B$3:$B$5001,$A$49,BD!$M$3:$M$5001,"<>")=0,"",SUMIFS(BD!$M$3:$M$5001,BD!$A$3:$A$5001,G$3,BD!$B$3:$B$5001,$A$49))) | H54: =IF(H$3="","",IF(COUNTIFS(BD!$A$3:$A$5001,H$3,BD!$B$3:$B$5001,$A$49,BD!$M$3:$M$5001,"<>")=0,"",SUMIFS(BD!$M$3:$M$5001,BD!$A$3:$A$5001,H$3,BD!$B$3:$B$5001,$A$49))) | I54: =IF(I$3="","",IF(COUNTIFS(BD!$A$3:$A$5001,I$3,BD!$B$3:$B$5001,$A$49,BD!$M$3:$M$5001,"<>")=0,"",SUMIFS(BD!$M$3:$M$5001,BD!$A$3:$A$5001,I$3,BD!$B$3:$B$5001,$A$49))) | J54: =IF(J$3="","",IF(COUNTIFS(BD!$A$3:$A$5001,J$3,BD!$B$3:$B$5001,$A$49,BD!$M$3:$M$5001,"<>")=0,"",SUMIFS(BD!$M$3:$M$5001,BD!$A$3:$A$5001,J$3,BD!$B$3:$B$5001,$A$49))) | K54: =IF(K$3="","",IF(COUNTIFS(BD!$A$3:$A$5001,K$3,BD!$B$3:$B$5001,$A$49,BD!$M$3:$M$5001,"<>")=0,"",SUMIFS(BD!$M$3:$M$5001,BD!$A$3:$A$5001,K$3,BD!$B$3:$B$5001,$A$49))) | L54: =IF(L$3="","",IF(COUNTIFS(BD!$A$3:$A$5001,L$3,BD!$B$3:$B$5001,$A$49,BD!$M$3:$M$5001,"<>")=0,"",SUMIFS(BD!$M$3:$M$5001,BD!$A$3:$A$5001,L$3,BD!$B$3:$B$5001,$A$49))) | M54: =IF(M$3="","",IF(COUNTIFS(BD!$A$3:$A$5001,M$3,BD!$B$3:$B$5001,$A$49,BD!$M$3:$M$5001,"<>")=0,"",SUMIFS(BD!$M$3:$M$5001,BD!$A$3:$A$5001,M$3,BD!$B$3:$B$5001,$A$49))) | ... AJ54: =IF(AJ$3="","",IF(COUNTIFS(BD!$A$3:$A$5001,AJ$3,BD!$B$3:$B$5001,$A$49,BD!$M$3:$M$5001,"<>")=0,"",SUMIFS(BD!$M$3:$M$5001,BD!$A$3:$A$5001,AJ$3,BD!$B$3:$B$5001,$A$49))) | AK54: =IF(COUNT(F54:AJ54)=0,"",SUM(F54:AJ54))
B55: NC | C55: Incidentes | D55: =IFERROR(1/(1/INDEX(BD!$AL$40:$BF$40,MATCH($A$49,BD!$AL$22:$BF$22,0))),"") | F55: =IF(F$3="","",IF(COUNTIFS(BD!$A$3:$A$5001,F$3,BD!$B$3:$B$5001,$A$49,BD!$T$3:$T$5001,"<>")=0,"",SUMIFS(BD!$T$3:$T$5001,BD!$A$3:$A$5001,F$3,BD!$B$3:$B$5001,$A$49))) | G55: =IF(G$3="","",IF(COUNTIFS(BD!$A$3:$A$5001,G$3,BD!$B$3:$B$5001,$A$49,BD!$T$3:$T$5001,"<>")=0,"",SUMIFS(BD!$T$3:$T$5001,BD!$A$3:$A$5001,G$3,BD!$B$3:$B$5001,$A$49))) | H55: =IF(H$3="","",IF(COUNTIFS(BD!$A$3:$A$5001,H$3,BD!$B$3:$B$5001,$A$49,BD!$T$3:$T$5001,"<>")=0,"",SUMIFS(BD!$T$3:$T$5001,BD!$A$3:$A$5001,H$3,BD!$B$3:$B$5001,$A$49))) | I55: =IF(I$3="","",IF(COUNTIFS(BD!$A$3:$A$5001,I$3,BD!$B$3:$B$5001,$A$49,BD!$T$3:$T$5001,"<>")=0,"",SUMIFS(BD!$T$3:$T$5001,BD!$A$3:$A$5001,I$3,BD!$B$3:$B$5001,$A$49))) | J55: =IF(J$3="","",IF(COUNTIFS(BD!$A$3:$A$5001,J$3,BD!$B$3:$B$5001,$A$49,BD!$T$3:$T$5001,"<>")=0,"",SUMIFS(BD!$T$3:$T$5001,BD!$A$3:$A$5001,J$3,BD!$B$3:$B$5001,$A$49))) | K55: =IF(K$3="","",IF(COUNTIFS(BD!$A$3:$A$5001,K$3,BD!$B$3:$B$5001,$A$49,BD!$T$3:$T$5001,"<>")=0,"",SUMIFS(BD!$T$3:$T$5001,BD!$A$3:$A$5001,K$3,BD!$B$3:$B$5001,$A$49))) | L55: =IF(L$3="","",IF(COUNTIFS(BD!$A$3:$A$5001,L$3,BD!$B$3:$B$5001,$A$49,BD!$T$3:$T$5001,"<>")=0,"",SUMIFS(BD!$T$3:$T$5001,BD!$A$3:$A$5001,L$3,BD!$B$3:$B$5001,$A$49))) | M55: =IF(M$3="","",IF(COUNTIFS(BD!$A$3:$A$5001,M$3,BD!$B$3:$B$5001,$A$49,BD!$T$3:$T$5001,"<>")=0,"",SUMIFS(BD!$T$3:$T$5001,BD!$A$3:$A$5001,M$3,BD!$B$3:$B$5001,$A$49))) | ... AJ55: =IF(AJ$3="","",IF(COUNTIFS(BD!$A$3:$A$5001,AJ$3,BD!$B$3:$B$5001,$A$49,BD!$T$3:$T$5001,"<>")=0,"",SUMIFS(BD!$T$3:$T$5001,BD!$A$3:$A$5001,AJ$3,BD!$B$3:$B$5001,$A$49))) | AK55: =IF(COUNT(F55:AJ55)=0,"",SUM(F55:AJ55))
C56: No show | D56: =IFERROR(1/(1/INDEX(BD!$AL$41:$BF$41,MATCH($A$49,BD!$AL$22:$BF$22,0))),"") | F56: =IF(F$3="","",IF(COUNTIFS(BD!$A$3:$A$5001,F$3,BD!$B$3:$B$5001,$A$49,BD!$U$3:$U$5001,"<>")=0,"",SUMIFS(BD!$U$3:$U$5001,BD!$A$3:$A$5001,F$3,BD!$B$3:$B$5001,$A$49))) | G56: =IF(G$3="","",IF(COUNTIFS(BD!$A$3:$A$5001,G$3,BD!$B$3:$B$5001,$A$49,BD!$U$3:$U$5001,"<>")=0,"",SUMIFS(BD!$U$3:$U$5001,BD!$A$3:$A$5001,G$3,BD!$B$3:$B$5001,$A$49))) | H56: =IF(H$3="","",IF(COUNTIFS(BD!$A$3:$A$5001,H$3,BD!$B$3:$B$5001,$A$49,BD!$U$3:$U$5001,"<>")=0,"",SUMIFS(BD!$U$3:$U$5001,BD!$A$3:$A$5001,H$3,BD!$B$3:$B$5001,$A$49))) | I56: =IF(I$3="","",IF(COUNTIFS(BD!$A$3:$A$5001,I$3,BD!$B$3:$B$5001,$A$49,BD!$U$3:$U$5001,"<>")=0,"",SUMIFS(BD!$U$3:$U$5001,BD!$A$3:$A$5001,I$3,BD!$B$3:$B$5001,$A$49))) | J56: =IF(J$3="","",IF(COUNTIFS(BD!$A$3:$A$5001,J$3,BD!$B$3:$B$5001,$A$49,BD!$U$3:$U$5001,"<>")=0,"",SUMIFS(BD!$U$3:$U$5001,BD!$A$3:$A$5001,J$3,BD!$B$3:$B$5001,$A$49))) | K56: =IF(K$3="","",IF(COUNTIFS(BD!$A$3:$A$5001,K$3,BD!$B$3:$B$5001,$A$49,BD!$U$3:$U$5001,"<>")=0,"",SUMIFS(BD!$U$3:$U$5001,BD!$A$3:$A$5001,K$3,BD!$B$3:$B$5001,$A$49))) | L56: =IF(L$3="","",IF(COUNTIFS(BD!$A$3:$A$5001,L$3,BD!$B$3:$B$5001,$A$49,BD!$U$3:$U$5001,"<>")=0,"",SUMIFS(BD!$U$3:$U$5001,BD!$A$3:$A$5001,L$3,BD!$B$3:$B$5001,$A$49))) | M56: =IF(M$3="","",IF(COUNTIFS(BD!$A$3:$A$5001,M$3,BD!$B$3:$B$5001,$A$49,BD!$U$3:$U$5001,"<>")=0,"",SUMIFS(BD!$U$3:$U$5001,BD!$A$3:$A$5001,M$3,BD!$B$3:$B$5001,$A$49))) | ... AJ56: =IF(AJ$3="","",IF(COUNTIFS(BD!$A$3:$A$5001,AJ$3,BD!$B$3:$B$5001,$A$49,BD!$U$3:$U$5001,"<>")=0,"",SUMIFS(BD!$U$3:$U$5001,BD!$A$3:$A$5001,AJ$3,BD!$B$3:$B$5001,$A$49))) | AK56: =IF(COUNT(F56:AJ56)=0,"",SUM(F56:AJ56))
C57: Backlog Intralog | D57: =IFERROR(1/(1/INDEX(BD!$AL$42:$BF$42,MATCH($A$49,BD!$AL$22:$BF$22,0))),"") | F57: =IF(F$3="","",IF(COUNTIFS(BD!$A$3:$A$5001,F$3,BD!$B$3:$B$5001,$A$49,BD!$V$3:$V$5001,"<>")=0,"",SUMIFS(BD!$V$3:$V$5001,BD!$A$3:$A$5001,F$3,BD!$B$3:$B$5001,$A$49))) | G57: =IF(G$3="","",IF(COUNTIFS(BD!$A$3:$A$5001,G$3,BD!$B$3:$B$5001,$A$49,BD!$V$3:$V$5001,"<>")=0,"",SUMIFS(BD!$V$3:$V$5001,BD!$A$3:$A$5001,G$3,BD!$B$3:$B$5001,$A$49))) | H57: =IF(H$3="","",IF(COUNTIFS(BD!$A$3:$A$5001,H$3,BD!$B$3:$B$5001,$A$49,BD!$V$3:$V$5001,"<>")=0,"",SUMIFS(BD!$V$3:$V$5001,BD!$A$3:$A$5001,H$3,BD!$B$3:$B$5001,$A$49))) | I57: =IF(I$3="","",IF(COUNTIFS(BD!$A$3:$A$5001,I$3,BD!$B$3:$B$5001,$A$49,BD!$V$3:$V$5001,"<>")=0,"",SUMIFS(BD!$V$3:$V$5001,BD!$A$3:$A$5001,I$3,BD!$B$3:$B$5001,$A$49))) | J57: =IF(J$3="","",IF(COUNTIFS(BD!$A$3:$A$5001,J$3,BD!$B$3:$B$5001,$A$49,BD!$V$3:$V$5001,"<>")=0,"",SUMIFS(BD!$V$3:$V$5001,BD!$A$3:$A$5001,J$3,BD!$B$3:$B$5001,$A$49))) | K57: =IF(K$3="","",IF(COUNTIFS(BD!$A$3:$A$5001,K$3,BD!$B$3:$B$5001,$A$49,BD!$V$3:$V$5001,"<>")=0,"",SUMIFS(BD!$V$3:$V$5001,BD!$A$3:$A$5001,K$3,BD!$B$3:$B$5001,$A$49))) | L57: =IF(L$3="","",IF(COUNTIFS(BD!$A$3:$A$5001,L$3,BD!$B$3:$B$5001,$A$49,BD!$V$3:$V$5001,"<>")=0,"",SUMIFS(BD!$V$3:$V$5001,BD!$A$3:$A$5001,L$3,BD!$B$3:$B$5001,$A$49))) | M57: =IF(M$3="","",IF(COUNTIFS(BD!$A$3:$A$5001,M$3,BD!$B$3:$B$5001,$A$49,BD!$V$3:$V$5001,"<>")=0,"",SUMIFS(BD!$V$3:$V$5001,BD!$A$3:$A$5001,M$3,BD!$B$3:$B$5001,$A$49))) | ... AJ57: =IF(AJ$3="","",IF(COUNTIFS(BD!$A$3:$A$5001,AJ$3,BD!$B$3:$B$5001,$A$49,BD!$V$3:$V$5001,"<>")=0,"",SUMIFS(BD!$V$3:$V$5001,BD!$A$3:$A$5001,AJ$3,BD!$B$3:$B$5001,$A$49))) | AK57: =IFERROR(LOOKUP(9.99E+307,F57:AJ57),"")
C58: Backlog Cliente | D58: =IFERROR(1/(1/INDEX(BD!$AL$43:$BF$43,MATCH($A$49,BD!$AL$22:$BF$22,0))),"") | F58: =IF(F$3="","",IF(COUNTIFS(BD!$A$3:$A$5001,F$3,BD!$B$3:$B$5001,$A$49,BD!$W$3:$W$5001,"<>")=0,"",SUMIFS(BD!$W$3:$W$5001,BD!$A$3:$A$5001,F$3,BD!$B$3:$B$5001,$A$49))) | G58: =IF(G$3="","",IF(COUNTIFS(BD!$A$3:$A$5001,G$3,BD!$B$3:$B$5001,$A$49,BD!$W$3:$W$5001,"<>")=0,"",SUMIFS(BD!$W$3:$W$5001,BD!$A$3:$A$5001,G$3,BD!$B$3:$B$5001,$A$49))) | H58: =IF(H$3="","",IF(COUNTIFS(BD!$A$3:$A$5001,H$3,BD!$B$3:$B$5001,$A$49,BD!$W$3:$W$5001,"<>")=0,"",SUMIFS(BD!$W$3:$W$5001,BD!$A$3:$A$5001,H$3,BD!$B$3:$B$5001,$A$49))) | I58: =IF(I$3="","",IF(COUNTIFS(BD!$A$3:$A$5001,I$3,BD!$B$3:$B$5001,$A$49,BD!$W$3:$W$5001,"<>")=0,"",SUMIFS(BD!$W$3:$W$5001,BD!$A$3:$A$5001,I$3,BD!$B$3:$B$5001,$A$49))) | J58: =IF(J$3="","",IF(COUNTIFS(BD!$A$3:$A$5001,J$3,BD!$B$3:$B$5001,$A$49,BD!$W$3:$W$5001,"<>")=0,"",SUMIFS(BD!$W$3:$W$5001,BD!$A$3:$A$5001,J$3,BD!$B$3:$B$5001,$A$49))) | K58: =IF(K$3="","",IF(COUNTIFS(BD!$A$3:$A$5001,K$3,BD!$B$3:$B$5001,$A$49,BD!$W$3:$W$5001,"<>")=0,"",SUMIFS(BD!$W$3:$W$5001,BD!$A$3:$A$5001,K$3,BD!$B$3:$B$5001,$A$49))) | L58: =IF(L$3="","",IF(COUNTIFS(BD!$A$3:$A$5001,L$3,BD!$B$3:$B$5001,$A$49,BD!$W$3:$W$5001,"<>")=0,"",SUMIFS(BD!$W$3:$W$5001,BD!$A$3:$A$5001,L$3,BD!$B$3:$B$5001,$A$49))) | M58: =IF(M$3="","",IF(COUNTIFS(BD!$A$3:$A$5001,M$3,BD!$B$3:$B$5001,$A$49,BD!$W$3:$W$5001,"<>")=0,"",SUMIFS(BD!$W$3:$W$5001,BD!$A$3:$A$5001,M$3,BD!$B$3:$B$5001,$A$49))) | ... AJ58: =IF(AJ$3="","",IF(COUNTIFS(BD!$A$3:$A$5001,AJ$3,BD!$B$3:$B$5001,$A$49,BD!$W$3:$W$5001,"<>")=0,"",SUMIFS(BD!$W$3:$W$5001,BD!$A$3:$A$5001,AJ$3,BD!$B$3:$B$5001,$A$49))) | AK58: =IFERROR(LOOKUP(9.99E+307,F58:AJ58),"")
B59: OCUPAÇÃO (P.P) | C59: Posições Disponíveis | D59: =IFERROR(1/(1/INDEX(BD!$AL$44:$BF$44,MATCH($A$49,BD!$AL$22:$BF$22,0))),"") | F59: =IF(F$3="","",IF(COUNTIFS(BD!$A$3:$A$5001,F$3,BD!$B$3:$B$5001,$A$49,BD!$X$3:$X$5001,"<>")=0,"",SUMIFS(BD!$X$3:$X$5001,BD!$A$3:$A$5001,F$3,BD!$B$3:$B$5001,$A$49))) | G59: =IF(G$3="","",IF(COUNTIFS(BD!$A$3:$A$5001,G$3,BD!$B$3:$B$5001,$A$49,BD!$X$3:$X$5001,"<>")=0,"",SUMIFS(BD!$X$3:$X$5001,BD!$A$3:$A$5001,G$3,BD!$B$3:$B$5001,$A$49))) | H59: =IF(H$3="","",IF(COUNTIFS(BD!$A$3:$A$5001,H$3,BD!$B$3:$B$5001,$A$49,BD!$X$3:$X$5001,"<>")=0,"",SUMIFS(BD!$X$3:$X$5001,BD!$A$3:$A$5001,H$3,BD!$B$3:$B$5001,$A$49))) | I59: =IF(I$3="","",IF(COUNTIFS(BD!$A$3:$A$5001,I$3,BD!$B$3:$B$5001,$A$49,BD!$X$3:$X$5001,"<>")=0,"",SUMIFS(BD!$X$3:$X$5001,BD!$A$3:$A$5001,I$3,BD!$B$3:$B$5001,$A$49))) | J59: =IF(J$3="","",IF(COUNTIFS(BD!$A$3:$A$5001,J$3,BD!$B$3:$B$5001,$A$49,BD!$X$3:$X$5001,"<>")=0,"",SUMIFS(BD!$X$3:$X$5001,BD!$A$3:$A$5001,J$3,BD!$B$3:$B$5001,$A$49))) | K59: =IF(K$3="","",IF(COUNTIFS(BD!$A$3:$A$5001,K$3,BD!$B$3:$B$5001,$A$49,BD!$X$3:$X$5001,"<>")=0,"",SUMIFS(BD!$X$3:$X$5001,BD!$A$3:$A$5001,K$3,BD!$B$3:$B$5001,$A$49))) | L59: =IF(L$3="","",IF(COUNTIFS(BD!$A$3:$A$5001,L$3,BD!$B$3:$B$5001,$A$49,BD!$X$3:$X$5001,"<>")=0,"",SUMIFS(BD!$X$3:$X$5001,BD!$A$3:$A$5001,L$3,BD!$B$3:$B$5001,$A$49))) | M59: =IF(M$3="","",IF(COUNTIFS(BD!$A$3:$A$5001,M$3,BD!$B$3:$B$5001,$A$49,BD!$X$3:$X$5001,"<>")=0,"",SUMIFS(BD!$X$3:$X$5001,BD!$A$3:$A$5001,M$3,BD!$B$3:$B$5001,$A$49))) | ... AJ59: =IF(AJ$3="","",IF(COUNTIFS(BD!$A$3:$A$5001,AJ$3,BD!$B$3:$B$5001,$A$49,BD!$X$3:$X$5001,"<>")=0,"",SUMIFS(BD!$X$3:$X$5001,BD!$A$3:$A$5001,AJ$3,BD!$B$3:$B$5001,$A$49))) | AK59: =IF(COUNT(F59:AJ59)>0,LOOKUP(9.99E+307,F59:AJ59),IFERROR(IF(INDEX(BD!$AI$3:$AI$5001,MATCH($A$49,BD!$B$3:$B$5001,0))&""="Contrato","",INDEX(BD!$AI$3:$AI$5001,MATCH($A$49,BD!$B$3:$B$5001,0))&""),""))
C60: Posições Ocupadas | D60: =IFERROR(1/(1/INDEX(BD!$AL$45:$BF$45,MATCH($A$49,BD!$AL$22:$BF$22,0))),"") | F60: =IF(F$3="","",IF(COUNTIFS(BD!$A$3:$A$5001,F$3,BD!$B$3:$B$5001,$A$49,BD!$Y$3:$Y$5001,"<>")=0,"",SUMIFS(BD!$Y$3:$Y$5001,BD!$A$3:$A$5001,F$3,BD!$B$3:$B$5001,$A$49))) | G60: =IF(G$3="","",IF(COUNTIFS(BD!$A$3:$A$5001,G$3,BD!$B$3:$B$5001,$A$49,BD!$Y$3:$Y$5001,"<>")=0,"",SUMIFS(BD!$Y$3:$Y$5001,BD!$A$3:$A$5001,G$3,BD!$B$3:$B$5001,$A$49))) | H60: =IF(H$3="","",IF(COUNTIFS(BD!$A$3:$A$5001,H$3,BD!$B$3:$B$5001,$A$49,BD!$Y$3:$Y$5001,"<>")=0,"",SUMIFS(BD!$Y$3:$Y$5001,BD!$A$3:$A$5001,H$3,BD!$B$3:$B$5001,$A$49))) | I60: =IF(I$3="","",IF(COUNTIFS(BD!$A$3:$A$5001,I$3,BD!$B$3:$B$5001,$A$49,BD!$Y$3:$Y$5001,"<>")=0,"",SUMIFS(BD!$Y$3:$Y$5001,BD!$A$3:$A$5001,I$3,BD!$B$3:$B$5001,$A$49))) | J60: =IF(J$3="","",IF(COUNTIFS(BD!$A$3:$A$5001,J$3,BD!$B$3:$B$5001,$A$49,BD!$Y$3:$Y$5001,"<>")=0,"",SUMIFS(BD!$Y$3:$Y$5001,BD!$A$3:$A$5001,J$3,BD!$B$3:$B$5001,$A$49))) | K60: =IF(K$3="","",IF(COUNTIFS(BD!$A$3:$A$5001,K$3,BD!$B$3:$B$5001,$A$49,BD!$Y$3:$Y$5001,"<>")=0,"",SUMIFS(BD!$Y$3:$Y$5001,BD!$A$3:$A$5001,K$3,BD!$B$3:$B$5001,$A$49))) | L60: =IF(L$3="","",IF(COUNTIFS(BD!$A$3:$A$5001,L$3,BD!$B$3:$B$5001,$A$49,BD!$Y$3:$Y$5001,"<>")=0,"",SUMIFS(BD!$Y$3:$Y$5001,BD!$A$3:$A$5001,L$3,BD!$B$3:$B$5001,$A$49))) | M60: =IF(M$3="","",IF(COUNTIFS(BD!$A$3:$A$5001,M$3,BD!$B$3:$B$5001,$A$49,BD!$Y$3:$Y$5001,"<>")=0,"",SUMIFS(BD!$Y$3:$Y$5001,BD!$A$3:$A$5001,M$3,BD!$B$3:$B$5001,$A$49))) | ... AJ60: =IF(AJ$3="","",IF(COUNTIFS(BD!$A$3:$A$5001,AJ$3,BD!$B$3:$B$5001,$A$49,BD!$Y$3:$Y$5001,"<>")=0,"",SUMIFS(BD!$Y$3:$Y$5001,BD!$A$3:$A$5001,AJ$3,BD!$B$3:$B$5001,$A$49))) | AK60: =IFERROR(LOOKUP(9.99E+307,F60:AJ60),"")
C61: Taxa de Ocupação | D61: =IFERROR(1/(1/INDEX(BD!$AL$46:$BF$46,MATCH($A$49,BD!$AL$22:$BF$22,0))),"") | F61: =IF(AND(ISNUMBER(F59),ISNUMBER(F60)),IF(F59>0,F60/F59,""),"") | G61: =IF(AND(ISNUMBER(G59),ISNUMBER(G60)),IF(G59>0,G60/G59,""),"") | H61: =IF(AND(ISNUMBER(H59),ISNUMBER(H60)),IF(H59>0,H60/H59,""),"") | I61: =IF(AND(ISNUMBER(I59),ISNUMBER(I60)),IF(I59>0,I60/I59,""),"") | J61: =IF(AND(ISNUMBER(J59),ISNUMBER(J60)),IF(J59>0,J60/J59,""),"") | K61: =IF(AND(ISNUMBER(K59),ISNUMBER(K60)),IF(K59>0,K60/K59,""),"") | L61: =IF(AND(ISNUMBER(L59),ISNUMBER(L60)),IF(L59>0,L60/L59,""),"") | M61: =IF(AND(ISNUMBER(M59),ISNUMBER(M60)),IF(M59>0,M60/M59,""),"") | ... AK61: =IF(AND(ISNUMBER(AK59),ISNUMBER(AK60)),IF(AK59>0,AK60/AK59,""),"")
B62: GENTE | C62: Efetivo Op. | D62: =IFERROR(1/(1/INDEX(BD!$AL$47:$BF$47,MATCH($A$49,BD!$AL$22:$BF$22,0))),"") | F62: =IF(F$3="","",IF(COUNTIFS(BD!$A$3:$A$5001,F$3,BD!$B$3:$B$5001,$A$49,BD!$Z$3:$Z$5001,"<>")=0,"",SUMIFS(BD!$Z$3:$Z$5001,BD!$A$3:$A$5001,F$3,BD!$B$3:$B$5001,$A$49))) | G62: =IF(G$3="","",IF(COUNTIFS(BD!$A$3:$A$5001,G$3,BD!$B$3:$B$5001,$A$49,BD!$Z$3:$Z$5001,"<>")=0,"",SUMIFS(BD!$Z$3:$Z$5001,BD!$A$3:$A$5001,G$3,BD!$B$3:$B$5001,$A$49))) | H62: =IF(H$3="","",IF(COUNTIFS(BD!$A$3:$A$5001,H$3,BD!$B$3:$B$5001,$A$49,BD!$Z$3:$Z$5001,"<>")=0,"",SUMIFS(BD!$Z$3:$Z$5001,BD!$A$3:$A$5001,H$3,BD!$B$3:$B$5001,$A$49))) | I62: =IF(I$3="","",IF(COUNTIFS(BD!$A$3:$A$5001,I$3,BD!$B$3:$B$5001,$A$49,BD!$Z$3:$Z$5001,"<>")=0,"",SUMIFS(BD!$Z$3:$Z$5001,BD!$A$3:$A$5001,I$3,BD!$B$3:$B$5001,$A$49))) | J62: =IF(J$3="","",IF(COUNTIFS(BD!$A$3:$A$5001,J$3,BD!$B$3:$B$5001,$A$49,BD!$Z$3:$Z$5001,"<>")=0,"",SUMIFS(BD!$Z$3:$Z$5001,BD!$A$3:$A$5001,J$3,BD!$B$3:$B$5001,$A$49))) | K62: =IF(K$3="","",IF(COUNTIFS(BD!$A$3:$A$5001,K$3,BD!$B$3:$B$5001,$A$49,BD!$Z$3:$Z$5001,"<>")=0,"",SUMIFS(BD!$Z$3:$Z$5001,BD!$A$3:$A$5001,K$3,BD!$B$3:$B$5001,$A$49))) | L62: =IF(L$3="","",IF(COUNTIFS(BD!$A$3:$A$5001,L$3,BD!$B$3:$B$5001,$A$49,BD!$Z$3:$Z$5001,"<>")=0,"",SUMIFS(BD!$Z$3:$Z$5001,BD!$A$3:$A$5001,L$3,BD!$B$3:$B$5001,$A$49))) | M62: =IF(M$3="","",IF(COUNTIFS(BD!$A$3:$A$5001,M$3,BD!$B$3:$B$5001,$A$49,BD!$Z$3:$Z$5001,"<>")=0,"",SUMIFS(BD!$Z$3:$Z$5001,BD!$A$3:$A$5001,M$3,BD!$B$3:$B$5001,$A$49))) | ... AJ62: =IF(AJ$3="","",IF(COUNTIFS(BD!$A$3:$A$5001,AJ$3,BD!$B$3:$B$5001,$A$49,BD!$Z$3:$Z$5001,"<>")=0,"",SUMIFS(BD!$Z$3:$Z$5001,BD!$A$3:$A$5001,AJ$3,BD!$B$3:$B$5001,$A$49))) | AK62: =IFERROR(LOOKUP(9.99E+307,F62:AJ62),"")
C63: Falta | D63: =IFERROR(1/(1/INDEX(BD!$AL$48:$BF$48,MATCH($A$49,BD!$AL$22:$BF$22,0))),"") | F63: =IF(F$3="","",IF(COUNTIFS(BD!$A$3:$A$5001,F$3,BD!$B$3:$B$5001,$A$49,BD!$AA$3:$AA$5001,"<>")=0,"",SUMIFS(BD!$AA$3:$AA$5001,BD!$A$3:$A$5001,F$3,BD!$B$3:$B$5001,$A$49))) | G63: =IF(G$3="","",IF(COUNTIFS(BD!$A$3:$A$5001,G$3,BD!$B$3:$B$5001,$A$49,BD!$AA$3:$AA$5001,"<>")=0,"",SUMIFS(BD!$AA$3:$AA$5001,BD!$A$3:$A$5001,G$3,BD!$B$3:$B$5001,$A$49))) | H63: =IF(H$3="","",IF(COUNTIFS(BD!$A$3:$A$5001,H$3,BD!$B$3:$B$5001,$A$49,BD!$AA$3:$AA$5001,"<>")=0,"",SUMIFS(BD!$AA$3:$AA$5001,BD!$A$3:$A$5001,H$3,BD!$B$3:$B$5001,$A$49))) | I63: =IF(I$3="","",IF(COUNTIFS(BD!$A$3:$A$5001,I$3,BD!$B$3:$B$5001,$A$49,BD!$AA$3:$AA$5001,"<>")=0,"",SUMIFS(BD!$AA$3:$AA$5001,BD!$A$3:$A$5001,I$3,BD!$B$3:$B$5001,$A$49))) | J63: =IF(J$3="","",IF(COUNTIFS(BD!$A$3:$A$5001,J$3,BD!$B$3:$B$5001,$A$49,BD!$AA$3:$AA$5001,"<>")=0,"",SUMIFS(BD!$AA$3:$AA$5001,BD!$A$3:$A$5001,J$3,BD!$B$3:$B$5001,$A$49))) | K63: =IF(K$3="","",IF(COUNTIFS(BD!$A$3:$A$5001,K$3,BD!$B$3:$B$5001,$A$49,BD!$AA$3:$AA$5001,"<>")=0,"",SUMIFS(BD!$AA$3:$AA$5001,BD!$A$3:$A$5001,K$3,BD!$B$3:$B$5001,$A$49))) | L63: =IF(L$3="","",IF(COUNTIFS(BD!$A$3:$A$5001,L$3,BD!$B$3:$B$5001,$A$49,BD!$AA$3:$AA$5001,"<>")=0,"",SUMIFS(BD!$AA$3:$AA$5001,BD!$A$3:$A$5001,L$3,BD!$B$3:$B$5001,$A$49))) | M63: =IF(M$3="","",IF(COUNTIFS(BD!$A$3:$A$5001,M$3,BD!$B$3:$B$5001,$A$49,BD!$AA$3:$AA$5001,"<>")=0,"",SUMIFS(BD!$AA$3:$AA$5001,BD!$A$3:$A$5001,M$3,BD!$B$3:$B$5001,$A$49))) | ... AJ63: =IF(AJ$3="","",IF(COUNTIFS(BD!$A$3:$A$5001,AJ$3,BD!$B$3:$B$5001,$A$49,BD!$AA$3:$AA$5001,"<>")=0,"",SUMIFS(BD!$AA$3:$AA$5001,BD!$A$3:$A$5001,AJ$3,BD!$B$3:$B$5001,$A$49))) | AK63: =IF(COUNT(F63:AJ63)=0,"",SUM(F63:AJ63))
C64: Absenteísmo (H/H) | D64: =IFERROR(1/(1/INDEX(BD!$AL$49:$BF$49,MATCH($A$49,BD!$AL$22:$BF$22,0))),"") | F64: =IF(F$3="","",IF(COUNTIFS(BD!$A$3:$A$5001,F$3,BD!$B$3:$B$5001,$A$49,BD!$AB$3:$AB$5001,"<>")=0,"",SUMIFS(BD!$AB$3:$AB$5001,BD!$A$3:$A$5001,F$3,BD!$B$3:$B$5001,$A$49))) | G64: =IF(G$3="","",IF(COUNTIFS(BD!$A$3:$A$5001,G$3,BD!$B$3:$B$5001,$A$49,BD!$AB$3:$AB$5001,"<>")=0,"",SUMIFS(BD!$AB$3:$AB$5001,BD!$A$3:$A$5001,G$3,BD!$B$3:$B$5001,$A$49))) | H64: =IF(H$3="","",IF(COUNTIFS(BD!$A$3:$A$5001,H$3,BD!$B$3:$B$5001,$A$49,BD!$AB$3:$AB$5001,"<>")=0,"",SUMIFS(BD!$AB$3:$AB$5001,BD!$A$3:$A$5001,H$3,BD!$B$3:$B$5001,$A$49))) | I64: =IF(I$3="","",IF(COUNTIFS(BD!$A$3:$A$5001,I$3,BD!$B$3:$B$5001,$A$49,BD!$AB$3:$AB$5001,"<>")=0,"",SUMIFS(BD!$AB$3:$AB$5001,BD!$A$3:$A$5001,I$3,BD!$B$3:$B$5001,$A$49))) | J64: =IF(J$3="","",IF(COUNTIFS(BD!$A$3:$A$5001,J$3,BD!$B$3:$B$5001,$A$49,BD!$AB$3:$AB$5001,"<>")=0,"",SUMIFS(BD!$AB$3:$AB$5001,BD!$A$3:$A$5001,J$3,BD!$B$3:$B$5001,$A$49))) | K64: =IF(K$3="","",IF(COUNTIFS(BD!$A$3:$A$5001,K$3,BD!$B$3:$B$5001,$A$49,BD!$AB$3:$AB$5001,"<>")=0,"",SUMIFS(BD!$AB$3:$AB$5001,BD!$A$3:$A$5001,K$3,BD!$B$3:$B$5001,$A$49))) | L64: =IF(L$3="","",IF(COUNTIFS(BD!$A$3:$A$5001,L$3,BD!$B$3:$B$5001,$A$49,BD!$AB$3:$AB$5001,"<>")=0,"",SUMIFS(BD!$AB$3:$AB$5001,BD!$A$3:$A$5001,L$3,BD!$B$3:$B$5001,$A$49))) | M64: =IF(M$3="","",IF(COUNTIFS(BD!$A$3:$A$5001,M$3,BD!$B$3:$B$5001,$A$49,BD!$AB$3:$AB$5001,"<>")=0,"",SUMIFS(BD!$AB$3:$AB$5001,BD!$A$3:$A$5001,M$3,BD!$B$3:$B$5001,$A$49))) | ... AJ64: =IF(AJ$3="","",IF(COUNTIFS(BD!$A$3:$A$5001,AJ$3,BD!$B$3:$B$5001,$A$49,BD!$AB$3:$AB$5001,"<>")=0,"",SUMIFS(BD!$AB$3:$AB$5001,BD!$A$3:$A$5001,AJ$3,BD!$B$3:$B$5001,$A$49))) | AK64: =IF(COUNT(F64:AJ64)=0,"",SUM(F64:AJ64))
C65: Folga | D65: =IFERROR(1/(1/INDEX(BD!$AL$50:$BF$50,MATCH($A$49,BD!$AL$22:$BF$22,0))),"") | F65: =IF(F$3="","",IF(COUNTIFS(BD!$A$3:$A$5001,F$3,BD!$B$3:$B$5001,$A$49,BD!$AC$3:$AC$5001,"<>")=0,"",SUMIFS(BD!$AC$3:$AC$5001,BD!$A$3:$A$5001,F$3,BD!$B$3:$B$5001,$A$49))) | G65: =IF(G$3="","",IF(COUNTIFS(BD!$A$3:$A$5001,G$3,BD!$B$3:$B$5001,$A$49,BD!$AC$3:$AC$5001,"<>")=0,"",SUMIFS(BD!$AC$3:$AC$5001,BD!$A$3:$A$5001,G$3,BD!$B$3:$B$5001,$A$49))) | H65: =IF(H$3="","",IF(COUNTIFS(BD!$A$3:$A$5001,H$3,BD!$B$3:$B$5001,$A$49,BD!$AC$3:$AC$5001,"<>")=0,"",SUMIFS(BD!$AC$3:$AC$5001,BD!$A$3:$A$5001,H$3,BD!$B$3:$B$5001,$A$49))) | I65: =IF(I$3="","",IF(COUNTIFS(BD!$A$3:$A$5001,I$3,BD!$B$3:$B$5001,$A$49,BD!$AC$3:$AC$5001,"<>")=0,"",SUMIFS(BD!$AC$3:$AC$5001,BD!$A$3:$A$5001,I$3,BD!$B$3:$B$5001,$A$49))) | J65: =IF(J$3="","",IF(COUNTIFS(BD!$A$3:$A$5001,J$3,BD!$B$3:$B$5001,$A$49,BD!$AC$3:$AC$5001,"<>")=0,"",SUMIFS(BD!$AC$3:$AC$5001,BD!$A$3:$A$5001,J$3,BD!$B$3:$B$5001,$A$49))) | K65: =IF(K$3="","",IF(COUNTIFS(BD!$A$3:$A$5001,K$3,BD!$B$3:$B$5001,$A$49,BD!$AC$3:$AC$5001,"<>")=0,"",SUMIFS(BD!$AC$3:$AC$5001,BD!$A$3:$A$5001,K$3,BD!$B$3:$B$5001,$A$49))) | L65: =IF(L$3="","",IF(COUNTIFS(BD!$A$3:$A$5001,L$3,BD!$B$3:$B$5001,$A$49,BD!$AC$3:$AC$5001,"<>")=0,"",SUMIFS(BD!$AC$3:$AC$5001,BD!$A$3:$A$5001,L$3,BD!$B$3:$B$5001,$A$49))) | M65: =IF(M$3="","",IF(COUNTIFS(BD!$A$3:$A$5001,M$3,BD!$B$3:$B$5001,$A$49,BD!$AC$3:$AC$5001,"<>")=0,"",SUMIFS(BD!$AC$3:$AC$5001,BD!$A$3:$A$5001,M$3,BD!$B$3:$B$5001,$A$49))) | ... AJ65: =IF(AJ$3="","",IF(COUNTIFS(BD!$A$3:$A$5001,AJ$3,BD!$B$3:$B$5001,$A$49,BD!$AC$3:$AC$5001,"<>")=0,"",SUMIFS(BD!$AC$3:$AC$5001,BD!$A$3:$A$5001,AJ$3,BD!$B$3:$B$5001,$A$49))) | AK65: =IF(COUNT(F65:AJ65)=0,"",SUM(F65:AJ65))
C66: Férias | D66: =IFERROR(1/(1/INDEX(BD!$AL$51:$BF$51,MATCH($A$49,BD!$AL$22:$BF$22,0))),"") | F66: =IF(F$3="","",IF(COUNTIFS(BD!$A$3:$A$5001,F$3,BD!$B$3:$B$5001,$A$49,BD!$AD$3:$AD$5001,"<>")=0,"",SUMIFS(BD!$AD$3:$AD$5001,BD!$A$3:$A$5001,F$3,BD!$B$3:$B$5001,$A$49))) | G66: =IF(G$3="","",IF(COUNTIFS(BD!$A$3:$A$5001,G$3,BD!$B$3:$B$5001,$A$49,BD!$AD$3:$AD$5001,"<>")=0,"",SUMIFS(BD!$AD$3:$AD$5001,BD!$A$3:$A$5001,G$3,BD!$B$3:$B$5001,$A$49))) | H66: =IF(H$3="","",IF(COUNTIFS(BD!$A$3:$A$5001,H$3,BD!$B$3:$B$5001,$A$49,BD!$AD$3:$AD$5001,"<>")=0,"",SUMIFS(BD!$AD$3:$AD$5001,BD!$A$3:$A$5001,H$3,BD!$B$3:$B$5001,$A$49))) | I66: =IF(I$3="","",IF(COUNTIFS(BD!$A$3:$A$5001,I$3,BD!$B$3:$B$5001,$A$49,BD!$AD$3:$AD$5001,"<>")=0,"",SUMIFS(BD!$AD$3:$AD$5001,BD!$A$3:$A$5001,I$3,BD!$B$3:$B$5001,$A$49))) | J66: =IF(J$3="","",IF(COUNTIFS(BD!$A$3:$A$5001,J$3,BD!$B$3:$B$5001,$A$49,BD!$AD$3:$AD$5001,"<>")=0,"",SUMIFS(BD!$AD$3:$AD$5001,BD!$A$3:$A$5001,J$3,BD!$B$3:$B$5001,$A$49))) | K66: =IF(K$3="","",IF(COUNTIFS(BD!$A$3:$A$5001,K$3,BD!$B$3:$B$5001,$A$49,BD!$AD$3:$AD$5001,"<>")=0,"",SUMIFS(BD!$AD$3:$AD$5001,BD!$A$3:$A$5001,K$3,BD!$B$3:$B$5001,$A$49))) | L66: =IF(L$3="","",IF(COUNTIFS(BD!$A$3:$A$5001,L$3,BD!$B$3:$B$5001,$A$49,BD!$AD$3:$AD$5001,"<>")=0,"",SUMIFS(BD!$AD$3:$AD$5001,BD!$A$3:$A$5001,L$3,BD!$B$3:$B$5001,$A$49))) | M66: =IF(M$3="","",IF(COUNTIFS(BD!$A$3:$A$5001,M$3,BD!$B$3:$B$5001,$A$49,BD!$AD$3:$AD$5001,"<>")=0,"",SUMIFS(BD!$AD$3:$AD$5001,BD!$A$3:$A$5001,M$3,BD!$B$3:$B$5001,$A$49))) | ... AJ66: =IF(AJ$3="","",IF(COUNTIFS(BD!$A$3:$A$5001,AJ$3,BD!$B$3:$B$5001,$A$49,BD!$AD$3:$AD$5001,"<>")=0,"",SUMIFS(BD!$AD$3:$AD$5001,BD!$A$3:$A$5001,AJ$3,BD!$B$3:$B$5001,$A$49))) | AK66: =IF(COUNT(F66:AJ66)=0,"",SUM(F66:AJ66))
C67: Desligamento | D67: =IFERROR(1/(1/INDEX(BD!$AL$52:$BF$52,MATCH($A$49,BD!$AL$22:$BF$22,0))),"") | F67: =IF(F$3="","",IF(COUNTIFS(BD!$A$3:$A$5001,F$3,BD!$B$3:$B$5001,$A$49,BD!$AE$3:$AE$5001,"<>")=0,"",SUMIFS(BD!$AE$3:$AE$5001,BD!$A$3:$A$5001,F$3,BD!$B$3:$B$5001,$A$49))) | G67: =IF(G$3="","",IF(COUNTIFS(BD!$A$3:$A$5001,G$3,BD!$B$3:$B$5001,$A$49,BD!$AE$3:$AE$5001,"<>")=0,"",SUMIFS(BD!$AE$3:$AE$5001,BD!$A$3:$A$5001,G$3,BD!$B$3:$B$5001,$A$49))) | H67: =IF(H$3="","",IF(COUNTIFS(BD!$A$3:$A$5001,H$3,BD!$B$3:$B$5001,$A$49,BD!$AE$3:$AE$5001,"<>")=0,"",SUMIFS(BD!$AE$3:$AE$5001,BD!$A$3:$A$5001,H$3,BD!$B$3:$B$5001,$A$49))) | I67: =IF(I$3="","",IF(COUNTIFS(BD!$A$3:$A$5001,I$3,BD!$B$3:$B$5001,$A$49,BD!$AE$3:$AE$5001,"<>")=0,"",SUMIFS(BD!$AE$3:$AE$5001,BD!$A$3:$A$5001,I$3,BD!$B$3:$B$5001,$A$49))) | J67: =IF(J$3="","",IF(COUNTIFS(BD!$A$3:$A$5001,J$3,BD!$B$3:$B$5001,$A$49,BD!$AE$3:$AE$5001,"<>")=0,"",SUMIFS(BD!$AE$3:$AE$5001,BD!$A$3:$A$5001,J$3,BD!$B$3:$B$5001,$A$49))) | K67: =IF(K$3="","",IF(COUNTIFS(BD!$A$3:$A$5001,K$3,BD!$B$3:$B$5001,$A$49,BD!$AE$3:$AE$5001,"<>")=0,"",SUMIFS(BD!$AE$3:$AE$5001,BD!$A$3:$A$5001,K$3,BD!$B$3:$B$5001,$A$49))) | L67: =IF(L$3="","",IF(COUNTIFS(BD!$A$3:$A$5001,L$3,BD!$B$3:$B$5001,$A$49,BD!$AE$3:$AE$5001,"<>")=0,"",SUMIFS(BD!$AE$3:$AE$5001,BD!$A$3:$A$5001,L$3,BD!$B$3:$B$5001,$A$49))) | M67: =IF(M$3="","",IF(COUNTIFS(BD!$A$3:$A$5001,M$3,BD!$B$3:$B$5001,$A$49,BD!$AE$3:$AE$5001,"<>")=0,"",SUMIFS(BD!$AE$3:$AE$5001,BD!$A$3:$A$5001,M$3,BD!$B$3:$B$5001,$A$49))) | ... AJ67: =IF(AJ$3="","",IF(COUNTIFS(BD!$A$3:$A$5001,AJ$3,BD!$B$3:$B$5001,$A$49,BD!$AE$3:$AE$5001,"<>")=0,"",SUMIFS(BD!$AE$3:$AE$5001,BD!$A$3:$A$5001,AJ$3,BD!$B$3:$B$5001,$A$49))) | AK67: =IF(COUNT(F67:AJ67)=0,"",SUM(F67:AJ67))
C68: Desvios Comportamentais | D68: =IFERROR(1/(1/INDEX(BD!$AL$53:$BF$53,MATCH($A$49,BD!$AL$22:$BF$22,0))),"") | F68: =IF(F$3="","",IF(COUNTIFS(BD!$A$3:$A$5001,F$3,BD!$B$3:$B$5001,$A$49,BD!$AF$3:$AF$5001,"<>")=0,"",SUMIFS(BD!$AF$3:$AF$5001,BD!$A$3:$A$5001,F$3,BD!$B$3:$B$5001,$A$49))) | G68: =IF(G$3="","",IF(COUNTIFS(BD!$A$3:$A$5001,G$3,BD!$B$3:$B$5001,$A$49,BD!$AF$3:$AF$5001,"<>")=0,"",SUMIFS(BD!$AF$3:$AF$5001,BD!$A$3:$A$5001,G$3,BD!$B$3:$B$5001,$A$49))) | H68: =IF(H$3="","",IF(COUNTIFS(BD!$A$3:$A$5001,H$3,BD!$B$3:$B$5001,$A$49,BD!$AF$3:$AF$5001,"<>")=0,"",SUMIFS(BD!$AF$3:$AF$5001,BD!$A$3:$A$5001,H$3,BD!$B$3:$B$5001,$A$49))) | I68: =IF(I$3="","",IF(COUNTIFS(BD!$A$3:$A$5001,I$3,BD!$B$3:$B$5001,$A$49,BD!$AF$3:$AF$5001,"<>")=0,"",SUMIFS(BD!$AF$3:$AF$5001,BD!$A$3:$A$5001,I$3,BD!$B$3:$B$5001,$A$49))) | J68: =IF(J$3="","",IF(COUNTIFS(BD!$A$3:$A$5001,J$3,BD!$B$3:$B$5001,$A$49,BD!$AF$3:$AF$5001,"<>")=0,"",SUMIFS(BD!$AF$3:$AF$5001,BD!$A$3:$A$5001,J$3,BD!$B$3:$B$5001,$A$49))) | K68: =IF(K$3="","",IF(COUNTIFS(BD!$A$3:$A$5001,K$3,BD!$B$3:$B$5001,$A$49,BD!$AF$3:$AF$5001,"<>")=0,"",SUMIFS(BD!$AF$3:$AF$5001,BD!$A$3:$A$5001,K$3,BD!$B$3:$B$5001,$A$49))) | L68: =IF(L$3="","",IF(COUNTIFS(BD!$A$3:$A$5001,L$3,BD!$B$3:$B$5001,$A$49,BD!$AF$3:$AF$5001,"<>")=0,"",SUMIFS(BD!$AF$3:$AF$5001,BD!$A$3:$A$5001,L$3,BD!$B$3:$B$5001,$A$49))) | M68: =IF(M$3="","",IF(COUNTIFS(BD!$A$3:$A$5001,M$3,BD!$B$3:$B$5001,$A$49,BD!$AF$3:$AF$5001,"<>")=0,"",SUMIFS(BD!$AF$3:$AF$5001,BD!$A$3:$A$5001,M$3,BD!$B$3:$B$5001,$A$49))) | ... AJ68: =IF(AJ$3="","",IF(COUNTIFS(BD!$A$3:$A$5001,AJ$3,BD!$B$3:$B$5001,$A$49,BD!$AF$3:$AF$5001,"<>")=0,"",SUMIFS(BD!$AF$3:$AF$5001,BD!$A$3:$A$5001,AJ$3,BD!$B$3:$B$5001,$A$49))) | AK68: =IF(COUNT(F68:AJ68)=0,"",SUM(F68:AJ68))
C69: Acidentes CAF | D69: =IFERROR(1/(1/INDEX(BD!$AL$54:$BF$54,MATCH($A$49,BD!$AL$22:$BF$22,0))),"") | F69: =IF(F$3="","",IF(COUNTIFS(BD!$A$3:$A$5001,F$3,BD!$B$3:$B$5001,$A$49,BD!$AG$3:$AG$5001,"<>")=0,"",SUMIFS(BD!$AG$3:$AG$5001,BD!$A$3:$A$5001,F$3,BD!$B$3:$B$5001,$A$49))) | G69: =IF(G$3="","",IF(COUNTIFS(BD!$A$3:$A$5001,G$3,BD!$B$3:$B$5001,$A$49,BD!$AG$3:$AG$5001,"<>")=0,"",SUMIFS(BD!$AG$3:$AG$5001,BD!$A$3:$A$5001,G$3,BD!$B$3:$B$5001,$A$49))) | H69: =IF(H$3="","",IF(COUNTIFS(BD!$A$3:$A$5001,H$3,BD!$B$3:$B$5001,$A$49,BD!$AG$3:$AG$5001,"<>")=0,"",SUMIFS(BD!$AG$3:$AG$5001,BD!$A$3:$A$5001,H$3,BD!$B$3:$B$5001,$A$49))) | I69: =IF(I$3="","",IF(COUNTIFS(BD!$A$3:$A$5001,I$3,BD!$B$3:$B$5001,$A$49,BD!$AG$3:$AG$5001,"<>")=0,"",SUMIFS(BD!$AG$3:$AG$5001,BD!$A$3:$A$5001,I$3,BD!$B$3:$B$5001,$A$49))) | J69: =IF(J$3="","",IF(COUNTIFS(BD!$A$3:$A$5001,J$3,BD!$B$3:$B$5001,$A$49,BD!$AG$3:$AG$5001,"<>")=0,"",SUMIFS(BD!$AG$3:$AG$5001,BD!$A$3:$A$5001,J$3,BD!$B$3:$B$5001,$A$49))) | K69: =IF(K$3="","",IF(COUNTIFS(BD!$A$3:$A$5001,K$3,BD!$B$3:$B$5001,$A$49,BD!$AG$3:$AG$5001,"<>")=0,"",SUMIFS(BD!$AG$3:$AG$5001,BD!$A$3:$A$5001,K$3,BD!$B$3:$B$5001,$A$49))) | L69: =IF(L$3="","",IF(COUNTIFS(BD!$A$3:$A$5001,L$3,BD!$B$3:$B$5001,$A$49,BD!$AG$3:$AG$5001,"<>")=0,"",SUMIFS(BD!$AG$3:$AG$5001,BD!$A$3:$A$5001,L$3,BD!$B$3:$B$5001,$A$49))) | M69: =IF(M$3="","",IF(COUNTIFS(BD!$A$3:$A$5001,M$3,BD!$B$3:$B$5001,$A$49,BD!$AG$3:$AG$5001,"<>")=0,"",SUMIFS(BD!$AG$3:$AG$5001,BD!$A$3:$A$5001,M$3,BD!$B$3:$B$5001,$A$49))) | ... AJ69: =IF(AJ$3="","",IF(COUNTIFS(BD!$A$3:$A$5001,AJ$3,BD!$B$3:$B$5001,$A$49,BD!$AG$3:$AG$5001,"<>")=0,"",SUMIFS(BD!$AG$3:$AG$5001,BD!$A$3:$A$5001,AJ$3,BD!$B$3:$B$5001,$A$49))) | AK69: =IF(COUNT(F69:AJ69)=0,"",SUM(F69:AJ69))
C70: Acidentes SAF | D70: =IFERROR(1/(1/INDEX(BD!$AL$55:$BF$55,MATCH($A$49,BD!$AL$22:$BF$22,0))),"") | F70: =IF(F$3="","",IF(COUNTIFS(BD!$A$3:$A$5001,F$3,BD!$B$3:$B$5001,$A$49,BD!$AH$3:$AH$5001,"<>")=0,"",SUMIFS(BD!$AH$3:$AH$5001,BD!$A$3:$A$5001,F$3,BD!$B$3:$B$5001,$A$49))) | G70: =IF(G$3="","",IF(COUNTIFS(BD!$A$3:$A$5001,G$3,BD!$B$3:$B$5001,$A$49,BD!$AH$3:$AH$5001,"<>")=0,"",SUMIFS(BD!$AH$3:$AH$5001,BD!$A$3:$A$5001,G$3,BD!$B$3:$B$5001,$A$49))) | H70: =IF(H$3="","",IF(COUNTIFS(BD!$A$3:$A$5001,H$3,BD!$B$3:$B$5001,$A$49,BD!$AH$3:$AH$5001,"<>")=0,"",SUMIFS(BD!$AH$3:$AH$5001,BD!$A$3:$A$5001,H$3,BD!$B$3:$B$5001,$A$49))) | I70: =IF(I$3="","",IF(COUNTIFS(BD!$A$3:$A$5001,I$3,BD!$B$3:$B$5001,$A$49,BD!$AH$3:$AH$5001,"<>")=0,"",SUMIFS(BD!$AH$3:$AH$5001,BD!$A$3:$A$5001,I$3,BD!$B$3:$B$5001,$A$49))) | J70: =IF(J$3="","",IF(COUNTIFS(BD!$A$3:$A$5001,J$3,BD!$B$3:$B$5001,$A$49,BD!$AH$3:$AH$5001,"<>")=0,"",SUMIFS(BD!$AH$3:$AH$5001,BD!$A$3:$A$5001,J$3,BD!$B$3:$B$5001,$A$49))) | K70: =IF(K$3="","",IF(COUNTIFS(BD!$A$3:$A$5001,K$3,BD!$B$3:$B$5001,$A$49,BD!$AH$3:$AH$5001,"<>")=0,"",SUMIFS(BD!$AH$3:$AH$5001,BD!$A$3:$A$5001,K$3,BD!$B$3:$B$5001,$A$49))) | L70: =IF(L$3="","",IF(COUNTIFS(BD!$A$3:$A$5001,L$3,BD!$B$3:$B$5001,$A$49,BD!$AH$3:$AH$5001,"<>")=0,"",SUMIFS(BD!$AH$3:$AH$5001,BD!$A$3:$A$5001,L$3,BD!$B$3:$B$5001,$A$49))) | M70: =IF(M$3="","",IF(COUNTIFS(BD!$A$3:$A$5001,M$3,BD!$B$3:$B$5001,$A$49,BD!$AH$3:$AH$5001,"<>")=0,"",SUMIFS(BD!$AH$3:$AH$5001,BD!$A$3:$A$5001,M$3,BD!$B$3:$B$5001,$A$49))) | ... AJ70: =IF(AJ$3="","",IF(COUNTIFS(BD!$A$3:$A$5001,AJ$3,BD!$B$3:$B$5001,$A$49,BD!$AH$3:$AH$5001,"<>")=0,"",SUMIFS(BD!$AH$3:$AH$5001,BD!$A$3:$A$5001,AJ$3,BD!$B$3:$B$5001,$A$49))) | AK70: =IF(COUNT(F70:AJ70)=0,"",SUM(F70:AJ70))
A72: Boticário | B72: IN | C72: Veículos Recebidos | D72: =IFERROR(1/(1/INDEX(BD!$AL$23:$BF$23,MATCH($A$72,BD!$AL$22:$BF$22,0))),"") | F72: =IF(F$3="","",IF(COUNTIFS(BD!$A$3:$A$5001,F$3,BD!$B$3:$B$5001,$A$72,BD!$C$3:$C$5001,"<>")=0,"",SUMIFS(BD!$C$3:$C$5001,BD!$A$3:$A$5001,F$3,BD!$B$3:$B$5001,$A$72))) | G72: =IF(G$3="","",IF(COUNTIFS(BD!$A$3:$A$5001,G$3,BD!$B$3:$B$5001,$A$72,BD!$C$3:$C$5001,"<>")=0,"",SUMIFS(BD!$C$3:$C$5001,BD!$A$3:$A$5001,G$3,BD!$B$3:$B$5001,$A$72))) | H72: =IF(H$3="","",IF(COUNTIFS(BD!$A$3:$A$5001,H$3,BD!$B$3:$B$5001,$A$72,BD!$C$3:$C$5001,"<>")=0,"",SUMIFS(BD!$C$3:$C$5001,BD!$A$3:$A$5001,H$3,BD!$B$3:$B$5001,$A$72))) | I72: =IF(I$3="","",IF(COUNTIFS(BD!$A$3:$A$5001,I$3,BD!$B$3:$B$5001,$A$72,BD!$C$3:$C$5001,"<>")=0,"",SUMIFS(BD!$C$3:$C$5001,BD!$A$3:$A$5001,I$3,BD!$B$3:$B$5001,$A$72))) | J72: =IF(J$3="","",IF(COUNTIFS(BD!$A$3:$A$5001,J$3,BD!$B$3:$B$5001,$A$72,BD!$C$3:$C$5001,"<>")=0,"",SUMIFS(BD!$C$3:$C$5001,BD!$A$3:$A$5001,J$3,BD!$B$3:$B$5001,$A$72))) | K72: =IF(K$3="","",IF(COUNTIFS(BD!$A$3:$A$5001,K$3,BD!$B$3:$B$5001,$A$72,BD!$C$3:$C$5001,"<>")=0,"",SUMIFS(BD!$C$3:$C$5001,BD!$A$3:$A$5001,K$3,BD!$B$3:$B$5001,$A$72))) | L72: =IF(L$3="","",IF(COUNTIFS(BD!$A$3:$A$5001,L$3,BD!$B$3:$B$5001,$A$72,BD!$C$3:$C$5001,"<>")=0,"",SUMIFS(BD!$C$3:$C$5001,BD!$A$3:$A$5001,L$3,BD!$B$3:$B$5001,$A$72))) | M72: =IF(M$3="","",IF(COUNTIFS(BD!$A$3:$A$5001,M$3,BD!$B$3:$B$5001,$A$72,BD!$C$3:$C$5001,"<>")=0,"",SUMIFS(BD!$C$3:$C$5001,BD!$A$3:$A$5001,M$3,BD!$B$3:$B$5001,$A$72))) | ... AJ72: =IF(AJ$3="","",IF(COUNTIFS(BD!$A$3:$A$5001,AJ$3,BD!$B$3:$B$5001,$A$72,BD!$C$3:$C$5001,"<>")=0,"",SUMIFS(BD!$C$3:$C$5001,BD!$A$3:$A$5001,AJ$3,BD!$B$3:$B$5001,$A$72))) | AK72: =IF(COUNT(F72:AJ72)=0,"",SUM(F72:AJ72))
C73: Pallets Movimentados | D73: =IFERROR(1/(1/INDEX(BD!$AL$24:$BF$24,MATCH($A$72,BD!$AL$22:$BF$22,0))),"") | F73: =IF(F$3="","",IF(COUNTIFS(BD!$A$3:$A$5001,F$3,BD!$B$3:$B$5001,$A$72,BD!$D$3:$D$5001,"<>")=0,"",SUMIFS(BD!$D$3:$D$5001,BD!$A$3:$A$5001,F$3,BD!$B$3:$B$5001,$A$72))) | G73: =IF(G$3="","",IF(COUNTIFS(BD!$A$3:$A$5001,G$3,BD!$B$3:$B$5001,$A$72,BD!$D$3:$D$5001,"<>")=0,"",SUMIFS(BD!$D$3:$D$5001,BD!$A$3:$A$5001,G$3,BD!$B$3:$B$5001,$A$72))) | H73: =IF(H$3="","",IF(COUNTIFS(BD!$A$3:$A$5001,H$3,BD!$B$3:$B$5001,$A$72,BD!$D$3:$D$5001,"<>")=0,"",SUMIFS(BD!$D$3:$D$5001,BD!$A$3:$A$5001,H$3,BD!$B$3:$B$5001,$A$72))) | I73: =IF(I$3="","",IF(COUNTIFS(BD!$A$3:$A$5001,I$3,BD!$B$3:$B$5001,$A$72,BD!$D$3:$D$5001,"<>")=0,"",SUMIFS(BD!$D$3:$D$5001,BD!$A$3:$A$5001,I$3,BD!$B$3:$B$5001,$A$72))) | J73: =IF(J$3="","",IF(COUNTIFS(BD!$A$3:$A$5001,J$3,BD!$B$3:$B$5001,$A$72,BD!$D$3:$D$5001,"<>")=0,"",SUMIFS(BD!$D$3:$D$5001,BD!$A$3:$A$5001,J$3,BD!$B$3:$B$5001,$A$72))) | K73: =IF(K$3="","",IF(COUNTIFS(BD!$A$3:$A$5001,K$3,BD!$B$3:$B$5001,$A$72,BD!$D$3:$D$5001,"<>")=0,"",SUMIFS(BD!$D$3:$D$5001,BD!$A$3:$A$5001,K$3,BD!$B$3:$B$5001,$A$72))) | L73: =IF(L$3="","",IF(COUNTIFS(BD!$A$3:$A$5001,L$3,BD!$B$3:$B$5001,$A$72,BD!$D$3:$D$5001,"<>")=0,"",SUMIFS(BD!$D$3:$D$5001,BD!$A$3:$A$5001,L$3,BD!$B$3:$B$5001,$A$72))) | M73: =IF(M$3="","",IF(COUNTIFS(BD!$A$3:$A$5001,M$3,BD!$B$3:$B$5001,$A$72,BD!$D$3:$D$5001,"<>")=0,"",SUMIFS(BD!$D$3:$D$5001,BD!$A$3:$A$5001,M$3,BD!$B$3:$B$5001,$A$72))) | ... AJ73: =IF(AJ$3="","",IF(COUNTIFS(BD!$A$3:$A$5001,AJ$3,BD!$B$3:$B$5001,$A$72,BD!$D$3:$D$5001,"<>")=0,"",SUMIFS(BD!$D$3:$D$5001,BD!$A$3:$A$5001,AJ$3,BD!$B$3:$B$5001,$A$72))) | AK73: =IF(COUNT(F73:AJ73)=0,"",SUM(F73:AJ73))
C74: Caixas Movimentadas | D74: =IFERROR(1/(1/INDEX(BD!$AL$27:$BF$27,MATCH($A$72,BD!$AL$22:$BF$22,0))),"") | F74: =IF(F$3="","",IF(COUNTIFS(BD!$A$3:$A$5001,F$3,BD!$B$3:$B$5001,$A$72,BD!$G$3:$G$5001,"<>")=0,"",SUMIFS(BD!$G$3:$G$5001,BD!$A$3:$A$5001,F$3,BD!$B$3:$B$5001,$A$72))) | G74: =IF(G$3="","",IF(COUNTIFS(BD!$A$3:$A$5001,G$3,BD!$B$3:$B$5001,$A$72,BD!$G$3:$G$5001,"<>")=0,"",SUMIFS(BD!$G$3:$G$5001,BD!$A$3:$A$5001,G$3,BD!$B$3:$B$5001,$A$72))) | H74: =IF(H$3="","",IF(COUNTIFS(BD!$A$3:$A$5001,H$3,BD!$B$3:$B$5001,$A$72,BD!$G$3:$G$5001,"<>")=0,"",SUMIFS(BD!$G$3:$G$5001,BD!$A$3:$A$5001,H$3,BD!$B$3:$B$5001,$A$72))) | I74: =IF(I$3="","",IF(COUNTIFS(BD!$A$3:$A$5001,I$3,BD!$B$3:$B$5001,$A$72,BD!$G$3:$G$5001,"<>")=0,"",SUMIFS(BD!$G$3:$G$5001,BD!$A$3:$A$5001,I$3,BD!$B$3:$B$5001,$A$72))) | J74: =IF(J$3="","",IF(COUNTIFS(BD!$A$3:$A$5001,J$3,BD!$B$3:$B$5001,$A$72,BD!$G$3:$G$5001,"<>")=0,"",SUMIFS(BD!$G$3:$G$5001,BD!$A$3:$A$5001,J$3,BD!$B$3:$B$5001,$A$72))) | K74: =IF(K$3="","",IF(COUNTIFS(BD!$A$3:$A$5001,K$3,BD!$B$3:$B$5001,$A$72,BD!$G$3:$G$5001,"<>")=0,"",SUMIFS(BD!$G$3:$G$5001,BD!$A$3:$A$5001,K$3,BD!$B$3:$B$5001,$A$72))) | L74: =IF(L$3="","",IF(COUNTIFS(BD!$A$3:$A$5001,L$3,BD!$B$3:$B$5001,$A$72,BD!$G$3:$G$5001,"<>")=0,"",SUMIFS(BD!$G$3:$G$5001,BD!$A$3:$A$5001,L$3,BD!$B$3:$B$5001,$A$72))) | M74: =IF(M$3="","",IF(COUNTIFS(BD!$A$3:$A$5001,M$3,BD!$B$3:$B$5001,$A$72,BD!$G$3:$G$5001,"<>")=0,"",SUMIFS(BD!$G$3:$G$5001,BD!$A$3:$A$5001,M$3,BD!$B$3:$B$5001,$A$72))) | ... AJ74: =IF(AJ$3="","",IF(COUNTIFS(BD!$A$3:$A$5001,AJ$3,BD!$B$3:$B$5001,$A$72,BD!$G$3:$G$5001,"<>")=0,"",SUMIFS(BD!$G$3:$G$5001,BD!$A$3:$A$5001,AJ$3,BD!$B$3:$B$5001,$A$72))) | AK74: =IF(COUNT(F74:AJ74)=0,"",SUM(F74:AJ74))
C75: Itens Recebidos CX Mista | D75: =IFERROR(1/(1/INDEX(BD!$AL$29:$BF$29,MATCH($A$72,BD!$AL$22:$BF$22,0))),"") | F75: =IF(F$3="","",IF(COUNTIFS(BD!$A$3:$A$5001,F$3,BD!$B$3:$B$5001,$A$72,BD!$I$3:$I$5001,"<>")=0,"",SUMIFS(BD!$I$3:$I$5001,BD!$A$3:$A$5001,F$3,BD!$B$3:$B$5001,$A$72))) | G75: =IF(G$3="","",IF(COUNTIFS(BD!$A$3:$A$5001,G$3,BD!$B$3:$B$5001,$A$72,BD!$I$3:$I$5001,"<>")=0,"",SUMIFS(BD!$I$3:$I$5001,BD!$A$3:$A$5001,G$3,BD!$B$3:$B$5001,$A$72))) | H75: =IF(H$3="","",IF(COUNTIFS(BD!$A$3:$A$5001,H$3,BD!$B$3:$B$5001,$A$72,BD!$I$3:$I$5001,"<>")=0,"",SUMIFS(BD!$I$3:$I$5001,BD!$A$3:$A$5001,H$3,BD!$B$3:$B$5001,$A$72))) | I75: =IF(I$3="","",IF(COUNTIFS(BD!$A$3:$A$5001,I$3,BD!$B$3:$B$5001,$A$72,BD!$I$3:$I$5001,"<>")=0,"",SUMIFS(BD!$I$3:$I$5001,BD!$A$3:$A$5001,I$3,BD!$B$3:$B$5001,$A$72))) | J75: =IF(J$3="","",IF(COUNTIFS(BD!$A$3:$A$5001,J$3,BD!$B$3:$B$5001,$A$72,BD!$I$3:$I$5001,"<>")=0,"",SUMIFS(BD!$I$3:$I$5001,BD!$A$3:$A$5001,J$3,BD!$B$3:$B$5001,$A$72))) | K75: =IF(K$3="","",IF(COUNTIFS(BD!$A$3:$A$5001,K$3,BD!$B$3:$B$5001,$A$72,BD!$I$3:$I$5001,"<>")=0,"",SUMIFS(BD!$I$3:$I$5001,BD!$A$3:$A$5001,K$3,BD!$B$3:$B$5001,$A$72))) | L75: =IF(L$3="","",IF(COUNTIFS(BD!$A$3:$A$5001,L$3,BD!$B$3:$B$5001,$A$72,BD!$I$3:$I$5001,"<>")=0,"",SUMIFS(BD!$I$3:$I$5001,BD!$A$3:$A$5001,L$3,BD!$B$3:$B$5001,$A$72))) | M75: =IF(M$3="","",IF(COUNTIFS(BD!$A$3:$A$5001,M$3,BD!$B$3:$B$5001,$A$72,BD!$I$3:$I$5001,"<>")=0,"",SUMIFS(BD!$I$3:$I$5001,BD!$A$3:$A$5001,M$3,BD!$B$3:$B$5001,$A$72))) | ... AJ75: =IF(AJ$3="","",IF(COUNTIFS(BD!$A$3:$A$5001,AJ$3,BD!$B$3:$B$5001,$A$72,BD!$I$3:$I$5001,"<>")=0,"",SUMIFS(BD!$I$3:$I$5001,BD!$A$3:$A$5001,AJ$3,BD!$B$3:$B$5001,$A$72))) | AK75: =IF(COUNT(F75:AJ75)=0,"",SUM(F75:AJ75))
C76: Caixas Mistas Recebidas | D76: =IFERROR(1/(1/INDEX(BD!$AL$31:$BF$31,MATCH($A$72,BD!$AL$22:$BF$22,0))),"") | F76: =IF(F$3="","",IF(COUNTIFS(BD!$A$3:$A$5001,F$3,BD!$B$3:$B$5001,$A$72,BD!$K$3:$K$5001,"<>")=0,"",SUMIFS(BD!$K$3:$K$5001,BD!$A$3:$A$5001,F$3,BD!$B$3:$B$5001,$A$72))) | G76: =IF(G$3="","",IF(COUNTIFS(BD!$A$3:$A$5001,G$3,BD!$B$3:$B$5001,$A$72,BD!$K$3:$K$5001,"<>")=0,"",SUMIFS(BD!$K$3:$K$5001,BD!$A$3:$A$5001,G$3,BD!$B$3:$B$5001,$A$72))) | H76: =IF(H$3="","",IF(COUNTIFS(BD!$A$3:$A$5001,H$3,BD!$B$3:$B$5001,$A$72,BD!$K$3:$K$5001,"<>")=0,"",SUMIFS(BD!$K$3:$K$5001,BD!$A$3:$A$5001,H$3,BD!$B$3:$B$5001,$A$72))) | I76: =IF(I$3="","",IF(COUNTIFS(BD!$A$3:$A$5001,I$3,BD!$B$3:$B$5001,$A$72,BD!$K$3:$K$5001,"<>")=0,"",SUMIFS(BD!$K$3:$K$5001,BD!$A$3:$A$5001,I$3,BD!$B$3:$B$5001,$A$72))) | J76: =IF(J$3="","",IF(COUNTIFS(BD!$A$3:$A$5001,J$3,BD!$B$3:$B$5001,$A$72,BD!$K$3:$K$5001,"<>")=0,"",SUMIFS(BD!$K$3:$K$5001,BD!$A$3:$A$5001,J$3,BD!$B$3:$B$5001,$A$72))) | K76: =IF(K$3="","",IF(COUNTIFS(BD!$A$3:$A$5001,K$3,BD!$B$3:$B$5001,$A$72,BD!$K$3:$K$5001,"<>")=0,"",SUMIFS(BD!$K$3:$K$5001,BD!$A$3:$A$5001,K$3,BD!$B$3:$B$5001,$A$72))) | L76: =IF(L$3="","",IF(COUNTIFS(BD!$A$3:$A$5001,L$3,BD!$B$3:$B$5001,$A$72,BD!$K$3:$K$5001,"<>")=0,"",SUMIFS(BD!$K$3:$K$5001,BD!$A$3:$A$5001,L$3,BD!$B$3:$B$5001,$A$72))) | M76: =IF(M$3="","",IF(COUNTIFS(BD!$A$3:$A$5001,M$3,BD!$B$3:$B$5001,$A$72,BD!$K$3:$K$5001,"<>")=0,"",SUMIFS(BD!$K$3:$K$5001,BD!$A$3:$A$5001,M$3,BD!$B$3:$B$5001,$A$72))) | ... AJ76: =IF(AJ$3="","",IF(COUNTIFS(BD!$A$3:$A$5001,AJ$3,BD!$B$3:$B$5001,$A$72,BD!$K$3:$K$5001,"<>")=0,"",SUMIFS(BD!$K$3:$K$5001,BD!$A$3:$A$5001,AJ$3,BD!$B$3:$B$5001,$A$72))) | AK76: =IF(COUNT(F76:AJ76)=0,"",SUM(F76:AJ76))
C77: Caixas Fechadas | D77: =IFERROR(1/(1/INDEX(BD!$AL$30:$BF$30,MATCH($A$72,BD!$AL$22:$BF$22,0))),"") | F77: =IF(F$3="","",IF(COUNTIFS(BD!$A$3:$A$5001,F$3,BD!$B$3:$B$5001,$A$72,BD!$J$3:$J$5001,"<>")=0,"",SUMIFS(BD!$J$3:$J$5001,BD!$A$3:$A$5001,F$3,BD!$B$3:$B$5001,$A$72))) | G77: =IF(G$3="","",IF(COUNTIFS(BD!$A$3:$A$5001,G$3,BD!$B$3:$B$5001,$A$72,BD!$J$3:$J$5001,"<>")=0,"",SUMIFS(BD!$J$3:$J$5001,BD!$A$3:$A$5001,G$3,BD!$B$3:$B$5001,$A$72))) | H77: =IF(H$3="","",IF(COUNTIFS(BD!$A$3:$A$5001,H$3,BD!$B$3:$B$5001,$A$72,BD!$J$3:$J$5001,"<>")=0,"",SUMIFS(BD!$J$3:$J$5001,BD!$A$3:$A$5001,H$3,BD!$B$3:$B$5001,$A$72))) | I77: =IF(I$3="","",IF(COUNTIFS(BD!$A$3:$A$5001,I$3,BD!$B$3:$B$5001,$A$72,BD!$J$3:$J$5001,"<>")=0,"",SUMIFS(BD!$J$3:$J$5001,BD!$A$3:$A$5001,I$3,BD!$B$3:$B$5001,$A$72))) | J77: =IF(J$3="","",IF(COUNTIFS(BD!$A$3:$A$5001,J$3,BD!$B$3:$B$5001,$A$72,BD!$J$3:$J$5001,"<>")=0,"",SUMIFS(BD!$J$3:$J$5001,BD!$A$3:$A$5001,J$3,BD!$B$3:$B$5001,$A$72))) | K77: =IF(K$3="","",IF(COUNTIFS(BD!$A$3:$A$5001,K$3,BD!$B$3:$B$5001,$A$72,BD!$J$3:$J$5001,"<>")=0,"",SUMIFS(BD!$J$3:$J$5001,BD!$A$3:$A$5001,K$3,BD!$B$3:$B$5001,$A$72))) | L77: =IF(L$3="","",IF(COUNTIFS(BD!$A$3:$A$5001,L$3,BD!$B$3:$B$5001,$A$72,BD!$J$3:$J$5001,"<>")=0,"",SUMIFS(BD!$J$3:$J$5001,BD!$A$3:$A$5001,L$3,BD!$B$3:$B$5001,$A$72))) | M77: =IF(M$3="","",IF(COUNTIFS(BD!$A$3:$A$5001,M$3,BD!$B$3:$B$5001,$A$72,BD!$J$3:$J$5001,"<>")=0,"",SUMIFS(BD!$J$3:$J$5001,BD!$A$3:$A$5001,M$3,BD!$B$3:$B$5001,$A$72))) | ... AJ77: =IF(AJ$3="","",IF(COUNTIFS(BD!$A$3:$A$5001,AJ$3,BD!$B$3:$B$5001,$A$72,BD!$J$3:$J$5001,"<>")=0,"",SUMIFS(BD!$J$3:$J$5001,BD!$A$3:$A$5001,AJ$3,BD!$B$3:$B$5001,$A$72))) | AK77: =IF(COUNT(F77:AJ77)=0,"",SUM(F77:AJ77))
B78: OUT | C78: Veículos Expedidos | D78: =IFERROR(1/(1/INDEX(BD!$AL$32:$BF$32,MATCH($A$72,BD!$AL$22:$BF$22,0))),"") | F78: =IF(F$3="","",IF(COUNTIFS(BD!$A$3:$A$5001,F$3,BD!$B$3:$B$5001,$A$72,BD!$L$3:$L$5001,"<>")=0,"",SUMIFS(BD!$L$3:$L$5001,BD!$A$3:$A$5001,F$3,BD!$B$3:$B$5001,$A$72))) | G78: =IF(G$3="","",IF(COUNTIFS(BD!$A$3:$A$5001,G$3,BD!$B$3:$B$5001,$A$72,BD!$L$3:$L$5001,"<>")=0,"",SUMIFS(BD!$L$3:$L$5001,BD!$A$3:$A$5001,G$3,BD!$B$3:$B$5001,$A$72))) | H78: =IF(H$3="","",IF(COUNTIFS(BD!$A$3:$A$5001,H$3,BD!$B$3:$B$5001,$A$72,BD!$L$3:$L$5001,"<>")=0,"",SUMIFS(BD!$L$3:$L$5001,BD!$A$3:$A$5001,H$3,BD!$B$3:$B$5001,$A$72))) | I78: =IF(I$3="","",IF(COUNTIFS(BD!$A$3:$A$5001,I$3,BD!$B$3:$B$5001,$A$72,BD!$L$3:$L$5001,"<>")=0,"",SUMIFS(BD!$L$3:$L$5001,BD!$A$3:$A$5001,I$3,BD!$B$3:$B$5001,$A$72))) | J78: =IF(J$3="","",IF(COUNTIFS(BD!$A$3:$A$5001,J$3,BD!$B$3:$B$5001,$A$72,BD!$L$3:$L$5001,"<>")=0,"",SUMIFS(BD!$L$3:$L$5001,BD!$A$3:$A$5001,J$3,BD!$B$3:$B$5001,$A$72))) | K78: =IF(K$3="","",IF(COUNTIFS(BD!$A$3:$A$5001,K$3,BD!$B$3:$B$5001,$A$72,BD!$L$3:$L$5001,"<>")=0,"",SUMIFS(BD!$L$3:$L$5001,BD!$A$3:$A$5001,K$3,BD!$B$3:$B$5001,$A$72))) | L78: =IF(L$3="","",IF(COUNTIFS(BD!$A$3:$A$5001,L$3,BD!$B$3:$B$5001,$A$72,BD!$L$3:$L$5001,"<>")=0,"",SUMIFS(BD!$L$3:$L$5001,BD!$A$3:$A$5001,L$3,BD!$B$3:$B$5001,$A$72))) | M78: =IF(M$3="","",IF(COUNTIFS(BD!$A$3:$A$5001,M$3,BD!$B$3:$B$5001,$A$72,BD!$L$3:$L$5001,"<>")=0,"",SUMIFS(BD!$L$3:$L$5001,BD!$A$3:$A$5001,M$3,BD!$B$3:$B$5001,$A$72))) | ... AJ78: =IF(AJ$3="","",IF(COUNTIFS(BD!$A$3:$A$5001,AJ$3,BD!$B$3:$B$5001,$A$72,BD!$L$3:$L$5001,"<>")=0,"",SUMIFS(BD!$L$3:$L$5001,BD!$A$3:$A$5001,AJ$3,BD!$B$3:$B$5001,$A$72))) | AK78: =IF(COUNT(F78:AJ78)=0,"",SUM(F78:AJ78))
C79: Pallets Movimentados | D79: =IFERROR(1/(1/INDEX(BD!$AL$38:$BF$38,MATCH($A$72,BD!$AL$22:$BF$22,0))),"") | F79: =IF(F$3="","",IF(COUNTIFS(BD!$A$3:$A$5001,F$3,BD!$B$3:$B$5001,$A$72,BD!$R$3:$R$5001,"<>")=0,"",SUMIFS(BD!$R$3:$R$5001,BD!$A$3:$A$5001,F$3,BD!$B$3:$B$5001,$A$72))) | G79: =IF(G$3="","",IF(COUNTIFS(BD!$A$3:$A$5001,G$3,BD!$B$3:$B$5001,$A$72,BD!$R$3:$R$5001,"<>")=0,"",SUMIFS(BD!$R$3:$R$5001,BD!$A$3:$A$5001,G$3,BD!$B$3:$B$5001,$A$72))) | H79: =IF(H$3="","",IF(COUNTIFS(BD!$A$3:$A$5001,H$3,BD!$B$3:$B$5001,$A$72,BD!$R$3:$R$5001,"<>")=0,"",SUMIFS(BD!$R$3:$R$5001,BD!$A$3:$A$5001,H$3,BD!$B$3:$B$5001,$A$72))) | I79: =IF(I$3="","",IF(COUNTIFS(BD!$A$3:$A$5001,I$3,BD!$B$3:$B$5001,$A$72,BD!$R$3:$R$5001,"<>")=0,"",SUMIFS(BD!$R$3:$R$5001,BD!$A$3:$A$5001,I$3,BD!$B$3:$B$5001,$A$72))) | J79: =IF(J$3="","",IF(COUNTIFS(BD!$A$3:$A$5001,J$3,BD!$B$3:$B$5001,$A$72,BD!$R$3:$R$5001,"<>")=0,"",SUMIFS(BD!$R$3:$R$5001,BD!$A$3:$A$5001,J$3,BD!$B$3:$B$5001,$A$72))) | K79: =IF(K$3="","",IF(COUNTIFS(BD!$A$3:$A$5001,K$3,BD!$B$3:$B$5001,$A$72,BD!$R$3:$R$5001,"<>")=0,"",SUMIFS(BD!$R$3:$R$5001,BD!$A$3:$A$5001,K$3,BD!$B$3:$B$5001,$A$72))) | L79: =IF(L$3="","",IF(COUNTIFS(BD!$A$3:$A$5001,L$3,BD!$B$3:$B$5001,$A$72,BD!$R$3:$R$5001,"<>")=0,"",SUMIFS(BD!$R$3:$R$5001,BD!$A$3:$A$5001,L$3,BD!$B$3:$B$5001,$A$72))) | M79: =IF(M$3="","",IF(COUNTIFS(BD!$A$3:$A$5001,M$3,BD!$B$3:$B$5001,$A$72,BD!$R$3:$R$5001,"<>")=0,"",SUMIFS(BD!$R$3:$R$5001,BD!$A$3:$A$5001,M$3,BD!$B$3:$B$5001,$A$72))) | ... AJ79: =IF(AJ$3="","",IF(COUNTIFS(BD!$A$3:$A$5001,AJ$3,BD!$B$3:$B$5001,$A$72,BD!$R$3:$R$5001,"<>")=0,"",SUMIFS(BD!$R$3:$R$5001,BD!$A$3:$A$5001,AJ$3,BD!$B$3:$B$5001,$A$72))) | AK79: =IF(COUNT(F79:AJ79)=0,"",SUM(F79:AJ79))
C80: Caixas Expedidas | D80: =IFERROR(1/(1/INDEX(BD!$AL$37:$BF$37,MATCH($A$72,BD!$AL$22:$BF$22,0))),"") | F80: =IF(F$3="","",IF(COUNTIFS(BD!$A$3:$A$5001,F$3,BD!$B$3:$B$5001,$A$72,BD!$Q$3:$Q$5001,"<>")=0,"",SUMIFS(BD!$Q$3:$Q$5001,BD!$A$3:$A$5001,F$3,BD!$B$3:$B$5001,$A$72))) | G80: =IF(G$3="","",IF(COUNTIFS(BD!$A$3:$A$5001,G$3,BD!$B$3:$B$5001,$A$72,BD!$Q$3:$Q$5001,"<>")=0,"",SUMIFS(BD!$Q$3:$Q$5001,BD!$A$3:$A$5001,G$3,BD!$B$3:$B$5001,$A$72))) | H80: =IF(H$3="","",IF(COUNTIFS(BD!$A$3:$A$5001,H$3,BD!$B$3:$B$5001,$A$72,BD!$Q$3:$Q$5001,"<>")=0,"",SUMIFS(BD!$Q$3:$Q$5001,BD!$A$3:$A$5001,H$3,BD!$B$3:$B$5001,$A$72))) | I80: =IF(I$3="","",IF(COUNTIFS(BD!$A$3:$A$5001,I$3,BD!$B$3:$B$5001,$A$72,BD!$Q$3:$Q$5001,"<>")=0,"",SUMIFS(BD!$Q$3:$Q$5001,BD!$A$3:$A$5001,I$3,BD!$B$3:$B$5001,$A$72))) | J80: =IF(J$3="","",IF(COUNTIFS(BD!$A$3:$A$5001,J$3,BD!$B$3:$B$5001,$A$72,BD!$Q$3:$Q$5001,"<>")=0,"",SUMIFS(BD!$Q$3:$Q$5001,BD!$A$3:$A$5001,J$3,BD!$B$3:$B$5001,$A$72))) | K80: =IF(K$3="","",IF(COUNTIFS(BD!$A$3:$A$5001,K$3,BD!$B$3:$B$5001,$A$72,BD!$Q$3:$Q$5001,"<>")=0,"",SUMIFS(BD!$Q$3:$Q$5001,BD!$A$3:$A$5001,K$3,BD!$B$3:$B$5001,$A$72))) | L80: =IF(L$3="","",IF(COUNTIFS(BD!$A$3:$A$5001,L$3,BD!$B$3:$B$5001,$A$72,BD!$Q$3:$Q$5001,"<>")=0,"",SUMIFS(BD!$Q$3:$Q$5001,BD!$A$3:$A$5001,L$3,BD!$B$3:$B$5001,$A$72))) | M80: =IF(M$3="","",IF(COUNTIFS(BD!$A$3:$A$5001,M$3,BD!$B$3:$B$5001,$A$72,BD!$Q$3:$Q$5001,"<>")=0,"",SUMIFS(BD!$Q$3:$Q$5001,BD!$A$3:$A$5001,M$3,BD!$B$3:$B$5001,$A$72))) | ... AJ80: =IF(AJ$3="","",IF(COUNTIFS(BD!$A$3:$A$5001,AJ$3,BD!$B$3:$B$5001,$A$72,BD!$Q$3:$Q$5001,"<>")=0,"",SUMIFS(BD!$Q$3:$Q$5001,BD!$A$3:$A$5001,AJ$3,BD!$B$3:$B$5001,$A$72))) | AK80: =IF(COUNT(F80:AJ80)=0,"",SUM(F80:AJ80))
C81: Pedidos Faturados | D81: =IFERROR(1/(1/INDEX(BD!$AL$34:$BF$34,MATCH($A$72,BD!$AL$22:$BF$22,0))),"") | F81: =IF(F$3="","",IF(COUNTIFS(BD!$A$3:$A$5001,F$3,BD!$B$3:$B$5001,$A$72,BD!$N$3:$N$5001,"<>")=0,"",SUMIFS(BD!$N$3:$N$5001,BD!$A$3:$A$5001,F$3,BD!$B$3:$B$5001,$A$72))) | G81: =IF(G$3="","",IF(COUNTIFS(BD!$A$3:$A$5001,G$3,BD!$B$3:$B$5001,$A$72,BD!$N$3:$N$5001,"<>")=0,"",SUMIFS(BD!$N$3:$N$5001,BD!$A$3:$A$5001,G$3,BD!$B$3:$B$5001,$A$72))) | H81: =IF(H$3="","",IF(COUNTIFS(BD!$A$3:$A$5001,H$3,BD!$B$3:$B$5001,$A$72,BD!$N$3:$N$5001,"<>")=0,"",SUMIFS(BD!$N$3:$N$5001,BD!$A$3:$A$5001,H$3,BD!$B$3:$B$5001,$A$72))) | I81: =IF(I$3="","",IF(COUNTIFS(BD!$A$3:$A$5001,I$3,BD!$B$3:$B$5001,$A$72,BD!$N$3:$N$5001,"<>")=0,"",SUMIFS(BD!$N$3:$N$5001,BD!$A$3:$A$5001,I$3,BD!$B$3:$B$5001,$A$72))) | J81: =IF(J$3="","",IF(COUNTIFS(BD!$A$3:$A$5001,J$3,BD!$B$3:$B$5001,$A$72,BD!$N$3:$N$5001,"<>")=0,"",SUMIFS(BD!$N$3:$N$5001,BD!$A$3:$A$5001,J$3,BD!$B$3:$B$5001,$A$72))) | K81: =IF(K$3="","",IF(COUNTIFS(BD!$A$3:$A$5001,K$3,BD!$B$3:$B$5001,$A$72,BD!$N$3:$N$5001,"<>")=0,"",SUMIFS(BD!$N$3:$N$5001,BD!$A$3:$A$5001,K$3,BD!$B$3:$B$5001,$A$72))) | L81: =IF(L$3="","",IF(COUNTIFS(BD!$A$3:$A$5001,L$3,BD!$B$3:$B$5001,$A$72,BD!$N$3:$N$5001,"<>")=0,"",SUMIFS(BD!$N$3:$N$5001,BD!$A$3:$A$5001,L$3,BD!$B$3:$B$5001,$A$72))) | M81: =IF(M$3="","",IF(COUNTIFS(BD!$A$3:$A$5001,M$3,BD!$B$3:$B$5001,$A$72,BD!$N$3:$N$5001,"<>")=0,"",SUMIFS(BD!$N$3:$N$5001,BD!$A$3:$A$5001,M$3,BD!$B$3:$B$5001,$A$72))) | ... AJ81: =IF(AJ$3="","",IF(COUNTIFS(BD!$A$3:$A$5001,AJ$3,BD!$B$3:$B$5001,$A$72,BD!$N$3:$N$5001,"<>")=0,"",SUMIFS(BD!$N$3:$N$5001,BD!$A$3:$A$5001,AJ$3,BD!$B$3:$B$5001,$A$72))) | AK81: =IF(COUNT(F81:AJ81)=0,"",SUM(F81:AJ81))
C82: Itens Expedidos | D82: =IFERROR(1/(1/INDEX(BD!$AL$35:$BF$35,MATCH($A$72,BD!$AL$22:$BF$22,0))),"") | F82: =IF(F$3="","",IF(COUNTIFS(BD!$A$3:$A$5001,F$3,BD!$B$3:$B$5001,$A$72,BD!$O$3:$O$5001,"<>")=0,"",SUMIFS(BD!$O$3:$O$5001,BD!$A$3:$A$5001,F$3,BD!$B$3:$B$5001,$A$72))) | G82: =IF(G$3="","",IF(COUNTIFS(BD!$A$3:$A$5001,G$3,BD!$B$3:$B$5001,$A$72,BD!$O$3:$O$5001,"<>")=0,"",SUMIFS(BD!$O$3:$O$5001,BD!$A$3:$A$5001,G$3,BD!$B$3:$B$5001,$A$72))) | H82: =IF(H$3="","",IF(COUNTIFS(BD!$A$3:$A$5001,H$3,BD!$B$3:$B$5001,$A$72,BD!$O$3:$O$5001,"<>")=0,"",SUMIFS(BD!$O$3:$O$5001,BD!$A$3:$A$5001,H$3,BD!$B$3:$B$5001,$A$72))) | I82: =IF(I$3="","",IF(COUNTIFS(BD!$A$3:$A$5001,I$3,BD!$B$3:$B$5001,$A$72,BD!$O$3:$O$5001,"<>")=0,"",SUMIFS(BD!$O$3:$O$5001,BD!$A$3:$A$5001,I$3,BD!$B$3:$B$5001,$A$72))) | J82: =IF(J$3="","",IF(COUNTIFS(BD!$A$3:$A$5001,J$3,BD!$B$3:$B$5001,$A$72,BD!$O$3:$O$5001,"<>")=0,"",SUMIFS(BD!$O$3:$O$5001,BD!$A$3:$A$5001,J$3,BD!$B$3:$B$5001,$A$72))) | K82: =IF(K$3="","",IF(COUNTIFS(BD!$A$3:$A$5001,K$3,BD!$B$3:$B$5001,$A$72,BD!$O$3:$O$5001,"<>")=0,"",SUMIFS(BD!$O$3:$O$5001,BD!$A$3:$A$5001,K$3,BD!$B$3:$B$5001,$A$72))) | L82: =IF(L$3="","",IF(COUNTIFS(BD!$A$3:$A$5001,L$3,BD!$B$3:$B$5001,$A$72,BD!$O$3:$O$5001,"<>")=0,"",SUMIFS(BD!$O$3:$O$5001,BD!$A$3:$A$5001,L$3,BD!$B$3:$B$5001,$A$72))) | M82: =IF(M$3="","",IF(COUNTIFS(BD!$A$3:$A$5001,M$3,BD!$B$3:$B$5001,$A$72,BD!$O$3:$O$5001,"<>")=0,"",SUMIFS(BD!$O$3:$O$5001,BD!$A$3:$A$5001,M$3,BD!$B$3:$B$5001,$A$72))) | ... AJ82: =IF(AJ$3="","",IF(COUNTIFS(BD!$A$3:$A$5001,AJ$3,BD!$B$3:$B$5001,$A$72,BD!$O$3:$O$5001,"<>")=0,"",SUMIFS(BD!$O$3:$O$5001,BD!$A$3:$A$5001,AJ$3,BD!$B$3:$B$5001,$A$72))) | AK82: =IF(COUNT(F82:AJ82)=0,"",SUM(F82:AJ82))
B83: NC | C83: Incidentes | D83: =IFERROR(1/(1/INDEX(BD!$AL$40:$BF$40,MATCH($A$72,BD!$AL$22:$BF$22,0))),"") | F83: =IF(F$3="","",IF(COUNTIFS(BD!$A$3:$A$5001,F$3,BD!$B$3:$B$5001,$A$72,BD!$T$3:$T$5001,"<>")=0,"",SUMIFS(BD!$T$3:$T$5001,BD!$A$3:$A$5001,F$3,BD!$B$3:$B$5001,$A$72))) | G83: =IF(G$3="","",IF(COUNTIFS(BD!$A$3:$A$5001,G$3,BD!$B$3:$B$5001,$A$72,BD!$T$3:$T$5001,"<>")=0,"",SUMIFS(BD!$T$3:$T$5001,BD!$A$3:$A$5001,G$3,BD!$B$3:$B$5001,$A$72))) | H83: =IF(H$3="","",IF(COUNTIFS(BD!$A$3:$A$5001,H$3,BD!$B$3:$B$5001,$A$72,BD!$T$3:$T$5001,"<>")=0,"",SUMIFS(BD!$T$3:$T$5001,BD!$A$3:$A$5001,H$3,BD!$B$3:$B$5001,$A$72))) | I83: =IF(I$3="","",IF(COUNTIFS(BD!$A$3:$A$5001,I$3,BD!$B$3:$B$5001,$A$72,BD!$T$3:$T$5001,"<>")=0,"",SUMIFS(BD!$T$3:$T$5001,BD!$A$3:$A$5001,I$3,BD!$B$3:$B$5001,$A$72))) | J83: =IF(J$3="","",IF(COUNTIFS(BD!$A$3:$A$5001,J$3,BD!$B$3:$B$5001,$A$72,BD!$T$3:$T$5001,"<>")=0,"",SUMIFS(BD!$T$3:$T$5001,BD!$A$3:$A$5001,J$3,BD!$B$3:$B$5001,$A$72))) | K83: =IF(K$3="","",IF(COUNTIFS(BD!$A$3:$A$5001,K$3,BD!$B$3:$B$5001,$A$72,BD!$T$3:$T$5001,"<>")=0,"",SUMIFS(BD!$T$3:$T$5001,BD!$A$3:$A$5001,K$3,BD!$B$3:$B$5001,$A$72))) | L83: =IF(L$3="","",IF(COUNTIFS(BD!$A$3:$A$5001,L$3,BD!$B$3:$B$5001,$A$72,BD!$T$3:$T$5001,"<>")=0,"",SUMIFS(BD!$T$3:$T$5001,BD!$A$3:$A$5001,L$3,BD!$B$3:$B$5001,$A$72))) | M83: =IF(M$3="","",IF(COUNTIFS(BD!$A$3:$A$5001,M$3,BD!$B$3:$B$5001,$A$72,BD!$T$3:$T$5001,"<>")=0,"",SUMIFS(BD!$T$3:$T$5001,BD!$A$3:$A$5001,M$3,BD!$B$3:$B$5001,$A$72))) | ... AJ83: =IF(AJ$3="","",IF(COUNTIFS(BD!$A$3:$A$5001,AJ$3,BD!$B$3:$B$5001,$A$72,BD!$T$3:$T$5001,"<>")=0,"",SUMIFS(BD!$T$3:$T$5001,BD!$A$3:$A$5001,AJ$3,BD!$B$3:$B$5001,$A$72))) | AK83: =IF(COUNT(F83:AJ83)=0,"",SUM(F83:AJ83))
C84: No show | D84: =IFERROR(1/(1/INDEX(BD!$AL$41:$BF$41,MATCH($A$72,BD!$AL$22:$BF$22,0))),"") | F84: =IF(F$3="","",IF(COUNTIFS(BD!$A$3:$A$5001,F$3,BD!$B$3:$B$5001,$A$72,BD!$U$3:$U$5001,"<>")=0,"",SUMIFS(BD!$U$3:$U$5001,BD!$A$3:$A$5001,F$3,BD!$B$3:$B$5001,$A$72))) | G84: =IF(G$3="","",IF(COUNTIFS(BD!$A$3:$A$5001,G$3,BD!$B$3:$B$5001,$A$72,BD!$U$3:$U$5001,"<>")=0,"",SUMIFS(BD!$U$3:$U$5001,BD!$A$3:$A$5001,G$3,BD!$B$3:$B$5001,$A$72))) | H84: =IF(H$3="","",IF(COUNTIFS(BD!$A$3:$A$5001,H$3,BD!$B$3:$B$5001,$A$72,BD!$U$3:$U$5001,"<>")=0,"",SUMIFS(BD!$U$3:$U$5001,BD!$A$3:$A$5001,H$3,BD!$B$3:$B$5001,$A$72))) | I84: =IF(I$3="","",IF(COUNTIFS(BD!$A$3:$A$5001,I$3,BD!$B$3:$B$5001,$A$72,BD!$U$3:$U$5001,"<>")=0,"",SUMIFS(BD!$U$3:$U$5001,BD!$A$3:$A$5001,I$3,BD!$B$3:$B$5001,$A$72))) | J84: =IF(J$3="","",IF(COUNTIFS(BD!$A$3:$A$5001,J$3,BD!$B$3:$B$5001,$A$72,BD!$U$3:$U$5001,"<>")=0,"",SUMIFS(BD!$U$3:$U$5001,BD!$A$3:$A$5001,J$3,BD!$B$3:$B$5001,$A$72))) | K84: =IF(K$3="","",IF(COUNTIFS(BD!$A$3:$A$5001,K$3,BD!$B$3:$B$5001,$A$72,BD!$U$3:$U$5001,"<>")=0,"",SUMIFS(BD!$U$3:$U$5001,BD!$A$3:$A$5001,K$3,BD!$B$3:$B$5001,$A$72))) | L84: =IF(L$3="","",IF(COUNTIFS(BD!$A$3:$A$5001,L$3,BD!$B$3:$B$5001,$A$72,BD!$U$3:$U$5001,"<>")=0,"",SUMIFS(BD!$U$3:$U$5001,BD!$A$3:$A$5001,L$3,BD!$B$3:$B$5001,$A$72))) | M84: =IF(M$3="","",IF(COUNTIFS(BD!$A$3:$A$5001,M$3,BD!$B$3:$B$5001,$A$72,BD!$U$3:$U$5001,"<>")=0,"",SUMIFS(BD!$U$3:$U$5001,BD!$A$3:$A$5001,M$3,BD!$B$3:$B$5001,$A$72))) | ... AJ84: =IF(AJ$3="","",IF(COUNTIFS(BD!$A$3:$A$5001,AJ$3,BD!$B$3:$B$5001,$A$72,BD!$U$3:$U$5001,"<>")=0,"",SUMIFS(BD!$U$3:$U$5001,BD!$A$3:$A$5001,AJ$3,BD!$B$3:$B$5001,$A$72))) | AK84: =IF(COUNT(F84:AJ84)=0,"",SUM(F84:AJ84))
C85: Backlog Intralog | D85: =IFERROR(1/(1/INDEX(BD!$AL$42:$BF$42,MATCH($A$72,BD!$AL$22:$BF$22,0))),"") | F85: =IF(F$3="","",IF(COUNTIFS(BD!$A$3:$A$5001,F$3,BD!$B$3:$B$5001,$A$72,BD!$V$3:$V$5001,"<>")=0,"",SUMIFS(BD!$V$3:$V$5001,BD!$A$3:$A$5001,F$3,BD!$B$3:$B$5001,$A$72))) | G85: =IF(G$3="","",IF(COUNTIFS(BD!$A$3:$A$5001,G$3,BD!$B$3:$B$5001,$A$72,BD!$V$3:$V$5001,"<>")=0,"",SUMIFS(BD!$V$3:$V$5001,BD!$A$3:$A$5001,G$3,BD!$B$3:$B$5001,$A$72))) | H85: =IF(H$3="","",IF(COUNTIFS(BD!$A$3:$A$5001,H$3,BD!$B$3:$B$5001,$A$72,BD!$V$3:$V$5001,"<>")=0,"",SUMIFS(BD!$V$3:$V$5001,BD!$A$3:$A$5001,H$3,BD!$B$3:$B$5001,$A$72))) | I85: =IF(I$3="","",IF(COUNTIFS(BD!$A$3:$A$5001,I$3,BD!$B$3:$B$5001,$A$72,BD!$V$3:$V$5001,"<>")=0,"",SUMIFS(BD!$V$3:$V$5001,BD!$A$3:$A$5001,I$3,BD!$B$3:$B$5001,$A$72))) | J85: =IF(J$3="","",IF(COUNTIFS(BD!$A$3:$A$5001,J$3,BD!$B$3:$B$5001,$A$72,BD!$V$3:$V$5001,"<>")=0,"",SUMIFS(BD!$V$3:$V$5001,BD!$A$3:$A$5001,J$3,BD!$B$3:$B$5001,$A$72))) | K85: =IF(K$3="","",IF(COUNTIFS(BD!$A$3:$A$5001,K$3,BD!$B$3:$B$5001,$A$72,BD!$V$3:$V$5001,"<>")=0,"",SUMIFS(BD!$V$3:$V$5001,BD!$A$3:$A$5001,K$3,BD!$B$3:$B$5001,$A$72))) | L85: =IF(L$3="","",IF(COUNTIFS(BD!$A$3:$A$5001,L$3,BD!$B$3:$B$5001,$A$72,BD!$V$3:$V$5001,"<>")=0,"",SUMIFS(BD!$V$3:$V$5001,BD!$A$3:$A$5001,L$3,BD!$B$3:$B$5001,$A$72))) | M85: =IF(M$3="","",IF(COUNTIFS(BD!$A$3:$A$5001,M$3,BD!$B$3:$B$5001,$A$72,BD!$V$3:$V$5001,"<>")=0,"",SUMIFS(BD!$V$3:$V$5001,BD!$A$3:$A$5001,M$3,BD!$B$3:$B$5001,$A$72))) | ... AJ85: =IF(AJ$3="","",IF(COUNTIFS(BD!$A$3:$A$5001,AJ$3,BD!$B$3:$B$5001,$A$72,BD!$V$3:$V$5001,"<>")=0,"",SUMIFS(BD!$V$3:$V$5001,BD!$A$3:$A$5001,AJ$3,BD!$B$3:$B$5001,$A$72))) | AK85: =IFERROR(LOOKUP(9.99E+307,F85:AJ85),"")
C86: Backlog Cliente | D86: =IFERROR(1/(1/INDEX(BD!$AL$43:$BF$43,MATCH($A$72,BD!$AL$22:$BF$22,0))),"") | F86: =IF(F$3="","",IF(COUNTIFS(BD!$A$3:$A$5001,F$3,BD!$B$3:$B$5001,$A$72,BD!$W$3:$W$5001,"<>")=0,"",SUMIFS(BD!$W$3:$W$5001,BD!$A$3:$A$5001,F$3,BD!$B$3:$B$5001,$A$72))) | G86: =IF(G$3="","",IF(COUNTIFS(BD!$A$3:$A$5001,G$3,BD!$B$3:$B$5001,$A$72,BD!$W$3:$W$5001,"<>")=0,"",SUMIFS(BD!$W$3:$W$5001,BD!$A$3:$A$5001,G$3,BD!$B$3:$B$5001,$A$72))) | H86: =IF(H$3="","",IF(COUNTIFS(BD!$A$3:$A$5001,H$3,BD!$B$3:$B$5001,$A$72,BD!$W$3:$W$5001,"<>")=0,"",SUMIFS(BD!$W$3:$W$5001,BD!$A$3:$A$5001,H$3,BD!$B$3:$B$5001,$A$72))) | I86: =IF(I$3="","",IF(COUNTIFS(BD!$A$3:$A$5001,I$3,BD!$B$3:$B$5001,$A$72,BD!$W$3:$W$5001,"<>")=0,"",SUMIFS(BD!$W$3:$W$5001,BD!$A$3:$A$5001,I$3,BD!$B$3:$B$5001,$A$72))) | J86: =IF(J$3="","",IF(COUNTIFS(BD!$A$3:$A$5001,J$3,BD!$B$3:$B$5001,$A$72,BD!$W$3:$W$5001,"<>")=0,"",SUMIFS(BD!$W$3:$W$5001,BD!$A$3:$A$5001,J$3,BD!$B$3:$B$5001,$A$72))) | K86: =IF(K$3="","",IF(COUNTIFS(BD!$A$3:$A$5001,K$3,BD!$B$3:$B$5001,$A$72,BD!$W$3:$W$5001,"<>")=0,"",SUMIFS(BD!$W$3:$W$5001,BD!$A$3:$A$5001,K$3,BD!$B$3:$B$5001,$A$72))) | L86: =IF(L$3="","",IF(COUNTIFS(BD!$A$3:$A$5001,L$3,BD!$B$3:$B$5001,$A$72,BD!$W$3:$W$5001,"<>")=0,"",SUMIFS(BD!$W$3:$W$5001,BD!$A$3:$A$5001,L$3,BD!$B$3:$B$5001,$A$72))) | M86: =IF(M$3="","",IF(COUNTIFS(BD!$A$3:$A$5001,M$3,BD!$B$3:$B$5001,$A$72,BD!$W$3:$W$5001,"<>")=0,"",SUMIFS(BD!$W$3:$W$5001,BD!$A$3:$A$5001,M$3,BD!$B$3:$B$5001,$A$72))) | ... AJ86: =IF(AJ$3="","",IF(COUNTIFS(BD!$A$3:$A$5001,AJ$3,BD!$B$3:$B$5001,$A$72,BD!$W$3:$W$5001,"<>")=0,"",SUMIFS(BD!$W$3:$W$5001,BD!$A$3:$A$5001,AJ$3,BD!$B$3:$B$5001,$A$72))) | AK86: =IFERROR(LOOKUP(9.99E+307,F86:AJ86),"")
B87: OCUPAÇÃO (P.P) | C87: Posições Disponíveis | D87: =IFERROR(1/(1/INDEX(BD!$AL$44:$BF$44,MATCH($A$72,BD!$AL$22:$BF$22,0))),"") | F87: =IF(F$3="","",IF(COUNTIFS(BD!$A$3:$A$5001,F$3,BD!$B$3:$B$5001,$A$72,BD!$X$3:$X$5001,"<>")=0,"",SUMIFS(BD!$X$3:$X$5001,BD!$A$3:$A$5001,F$3,BD!$B$3:$B$5001,$A$72))) | G87: =IF(G$3="","",IF(COUNTIFS(BD!$A$3:$A$5001,G$3,BD!$B$3:$B$5001,$A$72,BD!$X$3:$X$5001,"<>")=0,"",SUMIFS(BD!$X$3:$X$5001,BD!$A$3:$A$5001,G$3,BD!$B$3:$B$5001,$A$72))) | H87: =IF(H$3="","",IF(COUNTIFS(BD!$A$3:$A$5001,H$3,BD!$B$3:$B$5001,$A$72,BD!$X$3:$X$5001,"<>")=0,"",SUMIFS(BD!$X$3:$X$5001,BD!$A$3:$A$5001,H$3,BD!$B$3:$B$5001,$A$72))) | I87: =IF(I$3="","",IF(COUNTIFS(BD!$A$3:$A$5001,I$3,BD!$B$3:$B$5001,$A$72,BD!$X$3:$X$5001,"<>")=0,"",SUMIFS(BD!$X$3:$X$5001,BD!$A$3:$A$5001,I$3,BD!$B$3:$B$5001,$A$72))) | J87: =IF(J$3="","",IF(COUNTIFS(BD!$A$3:$A$5001,J$3,BD!$B$3:$B$5001,$A$72,BD!$X$3:$X$5001,"<>")=0,"",SUMIFS(BD!$X$3:$X$5001,BD!$A$3:$A$5001,J$3,BD!$B$3:$B$5001,$A$72))) | K87: =IF(K$3="","",IF(COUNTIFS(BD!$A$3:$A$5001,K$3,BD!$B$3:$B$5001,$A$72,BD!$X$3:$X$5001,"<>")=0,"",SUMIFS(BD!$X$3:$X$5001,BD!$A$3:$A$5001,K$3,BD!$B$3:$B$5001,$A$72))) | L87: =IF(L$3="","",IF(COUNTIFS(BD!$A$3:$A$5001,L$3,BD!$B$3:$B$5001,$A$72,BD!$X$3:$X$5001,"<>")=0,"",SUMIFS(BD!$X$3:$X$5001,BD!$A$3:$A$5001,L$3,BD!$B$3:$B$5001,$A$72))) | M87: =IF(M$3="","",IF(COUNTIFS(BD!$A$3:$A$5001,M$3,BD!$B$3:$B$5001,$A$72,BD!$X$3:$X$5001,"<>")=0,"",SUMIFS(BD!$X$3:$X$5001,BD!$A$3:$A$5001,M$3,BD!$B$3:$B$5001,$A$72))) | ... AJ87: =IF(AJ$3="","",IF(COUNTIFS(BD!$A$3:$A$5001,AJ$3,BD!$B$3:$B$5001,$A$72,BD!$X$3:$X$5001,"<>")=0,"",SUMIFS(BD!$X$3:$X$5001,BD!$A$3:$A$5001,AJ$3,BD!$B$3:$B$5001,$A$72))) | AK87: =IF(COUNT(F87:AJ87)>0,LOOKUP(9.99E+307,F87:AJ87),IFERROR(IF(INDEX(BD!$AI$3:$AI$5001,MATCH($A$72,BD!$B$3:$B$5001,0))&""="Contrato","",INDEX(BD!$AI$3:$AI$5001,MATCH($A$72,BD!$B$3:$B$5001,0))&""),""))
C88: Posições Ocupadas | D88: =IFERROR(1/(1/INDEX(BD!$AL$45:$BF$45,MATCH($A$72,BD!$AL$22:$BF$22,0))),"") | F88: =IF(F$3="","",IF(COUNTIFS(BD!$A$3:$A$5001,F$3,BD!$B$3:$B$5001,$A$72,BD!$Y$3:$Y$5001,"<>")=0,"",SUMIFS(BD!$Y$3:$Y$5001,BD!$A$3:$A$5001,F$3,BD!$B$3:$B$5001,$A$72))) | G88: =IF(G$3="","",IF(COUNTIFS(BD!$A$3:$A$5001,G$3,BD!$B$3:$B$5001,$A$72,BD!$Y$3:$Y$5001,"<>")=0,"",SUMIFS(BD!$Y$3:$Y$5001,BD!$A$3:$A$5001,G$3,BD!$B$3:$B$5001,$A$72))) | H88: =IF(H$3="","",IF(COUNTIFS(BD!$A$3:$A$5001,H$3,BD!$B$3:$B$5001,$A$72,BD!$Y$3:$Y$5001,"<>")=0,"",SUMIFS(BD!$Y$3:$Y$5001,BD!$A$3:$A$5001,H$3,BD!$B$3:$B$5001,$A$72))) | I88: =IF(I$3="","",IF(COUNTIFS(BD!$A$3:$A$5001,I$3,BD!$B$3:$B$5001,$A$72,BD!$Y$3:$Y$5001,"<>")=0,"",SUMIFS(BD!$Y$3:$Y$5001,BD!$A$3:$A$5001,I$3,BD!$B$3:$B$5001,$A$72))) | J88: =IF(J$3="","",IF(COUNTIFS(BD!$A$3:$A$5001,J$3,BD!$B$3:$B$5001,$A$72,BD!$Y$3:$Y$5001,"<>")=0,"",SUMIFS(BD!$Y$3:$Y$5001,BD!$A$3:$A$5001,J$3,BD!$B$3:$B$5001,$A$72))) | K88: =IF(K$3="","",IF(COUNTIFS(BD!$A$3:$A$5001,K$3,BD!$B$3:$B$5001,$A$72,BD!$Y$3:$Y$5001,"<>")=0,"",SUMIFS(BD!$Y$3:$Y$5001,BD!$A$3:$A$5001,K$3,BD!$B$3:$B$5001,$A$72))) | L88: =IF(L$3="","",IF(COUNTIFS(BD!$A$3:$A$5001,L$3,BD!$B$3:$B$5001,$A$72,BD!$Y$3:$Y$5001,"<>")=0,"",SUMIFS(BD!$Y$3:$Y$5001,BD!$A$3:$A$5001,L$3,BD!$B$3:$B$5001,$A$72))) | M88: =IF(M$3="","",IF(COUNTIFS(BD!$A$3:$A$5001,M$3,BD!$B$3:$B$5001,$A$72,BD!$Y$3:$Y$5001,"<>")=0,"",SUMIFS(BD!$Y$3:$Y$5001,BD!$A$3:$A$5001,M$3,BD!$B$3:$B$5001,$A$72))) | ... AJ88: =IF(AJ$3="","",IF(COUNTIFS(BD!$A$3:$A$5001,AJ$3,BD!$B$3:$B$5001,$A$72,BD!$Y$3:$Y$5001,"<>")=0,"",SUMIFS(BD!$Y$3:$Y$5001,BD!$A$3:$A$5001,AJ$3,BD!$B$3:$B$5001,$A$72))) | AK88: =IFERROR(LOOKUP(9.99E+307,F88:AJ88),"")
C89: Taxa de Ocupação | D89: =IFERROR(1/(1/INDEX(BD!$AL$46:$BF$46,MATCH($A$72,BD!$AL$22:$BF$22,0))),"") | F89: =IF(AND(ISNUMBER(F87),ISNUMBER(F88)),IF(F87>0,F88/F87,""),"") | G89: =IF(AND(ISNUMBER(G87),ISNUMBER(G88)),IF(G87>0,G88/G87,""),"") | H89: =IF(AND(ISNUMBER(H87),ISNUMBER(H88)),IF(H87>0,H88/H87,""),"") | I89: =IF(AND(ISNUMBER(I87),ISNUMBER(I88)),IF(I87>0,I88/I87,""),"") | J89: =IF(AND(ISNUMBER(J87),ISNUMBER(J88)),IF(J87>0,J88/J87,""),"") | K89: =IF(AND(ISNUMBER(K87),ISNUMBER(K88)),IF(K87>0,K88/K87,""),"") | L89: =IF(AND(ISNUMBER(L87),ISNUMBER(L88)),IF(L87>0,L88/L87,""),"") | M89: =IF(AND(ISNUMBER(M87),ISNUMBER(M88)),IF(M87>0,M88/M87,""),"") | ... AK89: =IF(AND(ISNUMBER(AK87),ISNUMBER(AK88)),IF(AK87>0,AK88/AK87,""),"")
B90: GENTE | C90: Efetivo Op. | D90: =IFERROR(1/(1/INDEX(BD!$AL$47:$BF$47,MATCH($A$72,BD!$AL$22:$BF$22,0))),"") | F90: =IF(F$3="","",IF(COUNTIFS(BD!$A$3:$A$5001,F$3,BD!$B$3:$B$5001,$A$72,BD!$Z$3:$Z$5001,"<>")=0,"",SUMIFS(BD!$Z$3:$Z$5001,BD!$A$3:$A$5001,F$3,BD!$B$3:$B$5001,$A$72))) | G90: =IF(G$3="","",IF(COUNTIFS(BD!$A$3:$A$5001,G$3,BD!$B$3:$B$5001,$A$72,BD!$Z$3:$Z$5001,"<>")=0,"",SUMIFS(BD!$Z$3:$Z$5001,BD!$A$3:$A$5001,G$3,BD!$B$3:$B$5001,$A$72))) | H90: =IF(H$3="","",IF(COUNTIFS(BD!$A$3:$A$5001,H$3,BD!$B$3:$B$5001,$A$72,BD!$Z$3:$Z$5001,"<>")=0,"",SUMIFS(BD!$Z$3:$Z$5001,BD!$A$3:$A$5001,H$3,BD!$B$3:$B$5001,$A$72))) | I90: =IF(I$3="","",IF(COUNTIFS(BD!$A$3:$A$5001,I$3,BD!$B$3:$B$5001,$A$72,BD!$Z$3:$Z$5001,"<>")=0,"",SUMIFS(BD!$Z$3:$Z$5001,BD!$A$3:$A$5001,I$3,BD!$B$3:$B$5001,$A$72))) | J90: =IF(J$3="","",IF(COUNTIFS(BD!$A$3:$A$5001,J$3,BD!$B$3:$B$5001,$A$72,BD!$Z$3:$Z$5001,"<>")=0,"",SUMIFS(BD!$Z$3:$Z$5001,BD!$A$3:$A$5001,J$3,BD!$B$3:$B$5001,$A$72))) | K90: =IF(K$3="","",IF(COUNTIFS(BD!$A$3:$A$5001,K$3,BD!$B$3:$B$5001,$A$72,BD!$Z$3:$Z$5001,"<>")=0,"",SUMIFS(BD!$Z$3:$Z$5001,BD!$A$3:$A$5001,K$3,BD!$B$3:$B$5001,$A$72))) | L90: =IF(L$3="","",IF(COUNTIFS(BD!$A$3:$A$5001,L$3,BD!$B$3:$B$5001,$A$72,BD!$Z$3:$Z$5001,"<>")=0,"",SUMIFS(BD!$Z$3:$Z$5001,BD!$A$3:$A$5001,L$3,BD!$B$3:$B$5001,$A$72))) | M90: =IF(M$3="","",IF(COUNTIFS(BD!$A$3:$A$5001,M$3,BD!$B$3:$B$5001,$A$72,BD!$Z$3:$Z$5001,"<>")=0,"",SUMIFS(BD!$Z$3:$Z$5001,BD!$A$3:$A$5001,M$3,BD!$B$3:$B$5001,$A$72))) | ... AJ90: =IF(AJ$3="","",IF(COUNTIFS(BD!$A$3:$A$5001,AJ$3,BD!$B$3:$B$5001,$A$72,BD!$Z$3:$Z$5001,"<>")=0,"",SUMIFS(BD!$Z$3:$Z$5001,BD!$A$3:$A$5001,AJ$3,BD!$B$3:$B$5001,$A$72))) | AK90: =IFERROR(LOOKUP(9.99E+307,F90:AJ90),"")
C91: Falta | D91: =IFERROR(1/(1/INDEX(BD!$AL$48:$BF$48,MATCH($A$72,BD!$AL$22:$BF$22,0))),"") | F91: =IF(F$3="","",IF(COUNTIFS(BD!$A$3:$A$5001,F$3,BD!$B$3:$B$5001,$A$72,BD!$AA$3:$AA$5001,"<>")=0,"",SUMIFS(BD!$AA$3:$AA$5001,BD!$A$3:$A$5001,F$3,BD!$B$3:$B$5001,$A$72))) | G91: =IF(G$3="","",IF(COUNTIFS(BD!$A$3:$A$5001,G$3,BD!$B$3:$B$5001,$A$72,BD!$AA$3:$AA$5001,"<>")=0,"",SUMIFS(BD!$AA$3:$AA$5001,BD!$A$3:$A$5001,G$3,BD!$B$3:$B$5001,$A$72))) | H91: =IF(H$3="","",IF(COUNTIFS(BD!$A$3:$A$5001,H$3,BD!$B$3:$B$5001,$A$72,BD!$AA$3:$AA$5001,"<>")=0,"",SUMIFS(BD!$AA$3:$AA$5001,BD!$A$3:$A$5001,H$3,BD!$B$3:$B$5001,$A$72))) | I91: =IF(I$3="","",IF(COUNTIFS(BD!$A$3:$A$5001,I$3,BD!$B$3:$B$5001,$A$72,BD!$AA$3:$AA$5001,"<>")=0,"",SUMIFS(BD!$AA$3:$AA$5001,BD!$A$3:$A$5001,I$3,BD!$B$3:$B$5001,$A$72))) | J91: =IF(J$3="","",IF(COUNTIFS(BD!$A$3:$A$5001,J$3,BD!$B$3:$B$5001,$A$72,BD!$AA$3:$AA$5001,"<>")=0,"",SUMIFS(BD!$AA$3:$AA$5001,BD!$A$3:$A$5001,J$3,BD!$B$3:$B$5001,$A$72))) | K91: =IF(K$3="","",IF(COUNTIFS(BD!$A$3:$A$5001,K$3,BD!$B$3:$B$5001,$A$72,BD!$AA$3:$AA$5001,"<>")=0,"",SUMIFS(BD!$AA$3:$AA$5001,BD!$A$3:$A$5001,K$3,BD!$B$3:$B$5001,$A$72))) | L91: =IF(L$3="","",IF(COUNTIFS(BD!$A$3:$A$5001,L$3,BD!$B$3:$B$5001,$A$72,BD!$AA$3:$AA$5001,"<>")=0,"",SUMIFS(BD!$AA$3:$AA$5001,BD!$A$3:$A$5001,L$3,BD!$B$3:$B$5001,$A$72))) | M91: =IF(M$3="","",IF(COUNTIFS(BD!$A$3:$A$5001,M$3,BD!$B$3:$B$5001,$A$72,BD!$AA$3:$AA$5001,"<>")=0,"",SUMIFS(BD!$AA$3:$AA$5001,BD!$A$3:$A$5001,M$3,BD!$B$3:$B$5001,$A$72))) | ... AJ91: =IF(AJ$3="","",IF(COUNTIFS(BD!$A$3:$A$5001,AJ$3,BD!$B$3:$B$5001,$A$72,BD!$AA$3:$AA$5001,"<>")=0,"",SUMIFS(BD!$AA$3:$AA$5001,BD!$A$3:$A$5001,AJ$3,BD!$B$3:$B$5001,$A$72))) | AK91: =IF(COUNT(F91:AJ91)=0,"",SUM(F91:AJ91))
C92: Absenteísmo (H/H) | D92: =IFERROR(1/(1/INDEX(BD!$AL$49:$BF$49,MATCH($A$72,BD!$AL$22:$BF$22,0))),"") | F92: =IF(F$3="","",IF(COUNTIFS(BD!$A$3:$A$5001,F$3,BD!$B$3:$B$5001,$A$72,BD!$AB$3:$AB$5001,"<>")=0,"",SUMIFS(BD!$AB$3:$AB$5001,BD!$A$3:$A$5001,F$3,BD!$B$3:$B$5001,$A$72))) | G92: =IF(G$3="","",IF(COUNTIFS(BD!$A$3:$A$5001,G$3,BD!$B$3:$B$5001,$A$72,BD!$AB$3:$AB$5001,"<>")=0,"",SUMIFS(BD!$AB$3:$AB$5001,BD!$A$3:$A$5001,G$3,BD!$B$3:$B$5001,$A$72))) | H92: =IF(H$3="","",IF(COUNTIFS(BD!$A$3:$A$5001,H$3,BD!$B$3:$B$5001,$A$72,BD!$AB$3:$AB$5001,"<>")=0,"",SUMIFS(BD!$AB$3:$AB$5001,BD!$A$3:$A$5001,H$3,BD!$B$3:$B$5001,$A$72))) | I92: =IF(I$3="","",IF(COUNTIFS(BD!$A$3:$A$5001,I$3,BD!$B$3:$B$5001,$A$72,BD!$AB$3:$AB$5001,"<>")=0,"",SUMIFS(BD!$AB$3:$AB$5001,BD!$A$3:$A$5001,I$3,BD!$B$3:$B$5001,$A$72))) | J92: =IF(J$3="","",IF(COUNTIFS(BD!$A$3:$A$5001,J$3,BD!$B$3:$B$5001,$A$72,BD!$AB$3:$AB$5001,"<>")=0,"",SUMIFS(BD!$AB$3:$AB$5001,BD!$A$3:$A$5001,J$3,BD!$B$3:$B$5001,$A$72))) | K92: =IF(K$3="","",IF(COUNTIFS(BD!$A$3:$A$5001,K$3,BD!$B$3:$B$5001,$A$72,BD!$AB$3:$AB$5001,"<>")=0,"",SUMIFS(BD!$AB$3:$AB$5001,BD!$A$3:$A$5001,K$3,BD!$B$3:$B$5001,$A$72))) | L92: =IF(L$3="","",IF(COUNTIFS(BD!$A$3:$A$5001,L$3,BD!$B$3:$B$5001,$A$72,BD!$AB$3:$AB$5001,"<>")=0,"",SUMIFS(BD!$AB$3:$AB$5001,BD!$A$3:$A$5001,L$3,BD!$B$3:$B$5001,$A$72))) | M92: =IF(M$3="","",IF(COUNTIFS(BD!$A$3:$A$5001,M$3,BD!$B$3:$B$5001,$A$72,BD!$AB$3:$AB$5001,"<>")=0,"",SUMIFS(BD!$AB$3:$AB$5001,BD!$A$3:$A$5001,M$3,BD!$B$3:$B$5001,$A$72))) | ... AJ92: =IF(AJ$3="","",IF(COUNTIFS(BD!$A$3:$A$5001,AJ$3,BD!$B$3:$B$5001,$A$72,BD!$AB$3:$AB$5001,"<>")=0,"",SUMIFS(BD!$AB$3:$AB$5001,BD!$A$3:$A$5001,AJ$3,BD!$B$3:$B$5001,$A$72))) | AK92: =IF(COUNT(F92:AJ92)=0,"",SUM(F92:AJ92))
C93: Folga | D93: =IFERROR(1/(1/INDEX(BD!$AL$50:$BF$50,MATCH($A$72,BD!$AL$22:$BF$22,0))),"") | F93: =IF(F$3="","",IF(COUNTIFS(BD!$A$3:$A$5001,F$3,BD!$B$3:$B$5001,$A$72,BD!$AC$3:$AC$5001,"<>")=0,"",SUMIFS(BD!$AC$3:$AC$5001,BD!$A$3:$A$5001,F$3,BD!$B$3:$B$5001,$A$72))) | G93: =IF(G$3="","",IF(COUNTIFS(BD!$A$3:$A$5001,G$3,BD!$B$3:$B$5001,$A$72,BD!$AC$3:$AC$5001,"<>")=0,"",SUMIFS(BD!$AC$3:$AC$5001,BD!$A$3:$A$5001,G$3,BD!$B$3:$B$5001,$A$72))) | H93: =IF(H$3="","",IF(COUNTIFS(BD!$A$3:$A$5001,H$3,BD!$B$3:$B$5001,$A$72,BD!$AC$3:$AC$5001,"<>")=0,"",SUMIFS(BD!$AC$3:$AC$5001,BD!$A$3:$A$5001,H$3,BD!$B$3:$B$5001,$A$72))) | I93: =IF(I$3="","",IF(COUNTIFS(BD!$A$3:$A$5001,I$3,BD!$B$3:$B$5001,$A$72,BD!$AC$3:$AC$5001,"<>")=0,"",SUMIFS(BD!$AC$3:$AC$5001,BD!$A$3:$A$5001,I$3,BD!$B$3:$B$5001,$A$72))) | J93: =IF(J$3="","",IF(COUNTIFS(BD!$A$3:$A$5001,J$3,BD!$B$3:$B$5001,$A$72,BD!$AC$3:$AC$5001,"<>")=0,"",SUMIFS(BD!$AC$3:$AC$5001,BD!$A$3:$A$5001,J$3,BD!$B$3:$B$5001,$A$72))) | K93: =IF(K$3="","",IF(COUNTIFS(BD!$A$3:$A$5001,K$3,BD!$B$3:$B$5001,$A$72,BD!$AC$3:$AC$5001,"<>")=0,"",SUMIFS(BD!$AC$3:$AC$5001,BD!$A$3:$A$5001,K$3,BD!$B$3:$B$5001,$A$72))) | L93: =IF(L$3="","",IF(COUNTIFS(BD!$A$3:$A$5001,L$3,BD!$B$3:$B$5001,$A$72,BD!$AC$3:$AC$5001,"<>")=0,"",SUMIFS(BD!$AC$3:$AC$5001,BD!$A$3:$A$5001,L$3,BD!$B$3:$B$5001,$A$72))) | M93: =IF(M$3="","",IF(COUNTIFS(BD!$A$3:$A$5001,M$3,BD!$B$3:$B$5001,$A$72,BD!$AC$3:$AC$5001,"<>")=0,"",SUMIFS(BD!$AC$3:$AC$5001,BD!$A$3:$A$5001,M$3,BD!$B$3:$B$5001,$A$72))) | ... AJ93: =IF(AJ$3="","",IF(COUNTIFS(BD!$A$3:$A$5001,AJ$3,BD!$B$3:$B$5001,$A$72,BD!$AC$3:$AC$5001,"<>")=0,"",SUMIFS(BD!$AC$3:$AC$5001,BD!$A$3:$A$5001,AJ$3,BD!$B$3:$B$5001,$A$72))) | AK93: =IF(COUNT(F93:AJ93)=0,"",SUM(F93:AJ93))
C94: Férias | D94: =IFERROR(1/(1/INDEX(BD!$AL$51:$BF$51,MATCH($A$72,BD!$AL$22:$BF$22,0))),"") | F94: =IF(F$3="","",IF(COUNTIFS(BD!$A$3:$A$5001,F$3,BD!$B$3:$B$5001,$A$72,BD!$AD$3:$AD$5001,"<>")=0,"",SUMIFS(BD!$AD$3:$AD$5001,BD!$A$3:$A$5001,F$3,BD!$B$3:$B$5001,$A$72))) | G94: =IF(G$3="","",IF(COUNTIFS(BD!$A$3:$A$5001,G$3,BD!$B$3:$B$5001,$A$72,BD!$AD$3:$AD$5001,"<>")=0,"",SUMIFS(BD!$AD$3:$AD$5001,BD!$A$3:$A$5001,G$3,BD!$B$3:$B$5001,$A$72))) | H94: =IF(H$3="","",IF(COUNTIFS(BD!$A$3:$A$5001,H$3,BD!$B$3:$B$5001,$A$72,BD!$AD$3:$AD$5001,"<>")=0,"",SUMIFS(BD!$AD$3:$AD$5001,BD!$A$3:$A$5001,H$3,BD!$B$3:$B$5001,$A$72))) | I94: =IF(I$3="","",IF(COUNTIFS(BD!$A$3:$A$5001,I$3,BD!$B$3:$B$5001,$A$72,BD!$AD$3:$AD$5001,"<>")=0,"",SUMIFS(BD!$AD$3:$AD$5001,BD!$A$3:$A$5001,I$3,BD!$B$3:$B$5001,$A$72))) | J94: =IF(J$3="","",IF(COUNTIFS(BD!$A$3:$A$5001,J$3,BD!$B$3:$B$5001,$A$72,BD!$AD$3:$AD$5001,"<>")=0,"",SUMIFS(BD!$AD$3:$AD$5001,BD!$A$3:$A$5001,J$3,BD!$B$3:$B$5001,$A$72))) | K94: =IF(K$3="","",IF(COUNTIFS(BD!$A$3:$A$5001,K$3,BD!$B$3:$B$5001,$A$72,BD!$AD$3:$AD$5001,"<>")=0,"",SUMIFS(BD!$AD$3:$AD$5001,BD!$A$3:$A$5001,K$3,BD!$B$3:$B$5001,$A$72))) | L94: =IF(L$3="","",IF(COUNTIFS(BD!$A$3:$A$5001,L$3,BD!$B$3:$B$5001,$A$72,BD!$AD$3:$AD$5001,"<>")=0,"",SUMIFS(BD!$AD$3:$AD$5001,BD!$A$3:$A$5001,L$3,BD!$B$3:$B$5001,$A$72))) | M94: =IF(M$3="","",IF(COUNTIFS(BD!$A$3:$A$5001,M$3,BD!$B$3:$B$5001,$A$72,BD!$AD$3:$AD$5001,"<>")=0,"",SUMIFS(BD!$AD$3:$AD$5001,BD!$A$3:$A$5001,M$3,BD!$B$3:$B$5001,$A$72))) | ... AJ94: =IF(AJ$3="","",IF(COUNTIFS(BD!$A$3:$A$5001,AJ$3,BD!$B$3:$B$5001,$A$72,BD!$AD$3:$AD$5001,"<>")=0,"",SUMIFS(BD!$AD$3:$AD$5001,BD!$A$3:$A$5001,AJ$3,BD!$B$3:$B$5001,$A$72))) | AK94: =IF(COUNT(F94:AJ94)=0,"",SUM(F94:AJ94))
C95: Desligamento | D95: =IFERROR(1/(1/INDEX(BD!$AL$52:$BF$52,MATCH($A$72,BD!$AL$22:$BF$22,0))),"") | F95: =IF(F$3="","",IF(COUNTIFS(BD!$A$3:$A$5001,F$3,BD!$B$3:$B$5001,$A$72,BD!$AE$3:$AE$5001,"<>")=0,"",SUMIFS(BD!$AE$3:$AE$5001,BD!$A$3:$A$5001,F$3,BD!$B$3:$B$5001,$A$72))) | G95: =IF(G$3="","",IF(COUNTIFS(BD!$A$3:$A$5001,G$3,BD!$B$3:$B$5001,$A$72,BD!$AE$3:$AE$5001,"<>")=0,"",SUMIFS(BD!$AE$3:$AE$5001,BD!$A$3:$A$5001,G$3,BD!$B$3:$B$5001,$A$72))) | H95: =IF(H$3="","",IF(COUNTIFS(BD!$A$3:$A$5001,H$3,BD!$B$3:$B$5001,$A$72,BD!$AE$3:$AE$5001,"<>")=0,"",SUMIFS(BD!$AE$3:$AE$5001,BD!$A$3:$A$5001,H$3,BD!$B$3:$B$5001,$A$72))) | I95: =IF(I$3="","",IF(COUNTIFS(BD!$A$3:$A$5001,I$3,BD!$B$3:$B$5001,$A$72,BD!$AE$3:$AE$5001,"<>")=0,"",SUMIFS(BD!$AE$3:$AE$5001,BD!$A$3:$A$5001,I$3,BD!$B$3:$B$5001,$A$72))) | J95: =IF(J$3="","",IF(COUNTIFS(BD!$A$3:$A$5001,J$3,BD!$B$3:$B$5001,$A$72,BD!$AE$3:$AE$5001,"<>")=0,"",SUMIFS(BD!$AE$3:$AE$5001,BD!$A$3:$A$5001,J$3,BD!$B$3:$B$5001,$A$72))) | K95: =IF(K$3="","",IF(COUNTIFS(BD!$A$3:$A$5001,K$3,BD!$B$3:$B$5001,$A$72,BD!$AE$3:$AE$5001,"<>")=0,"",SUMIFS(BD!$AE$3:$AE$5001,BD!$A$3:$A$5001,K$3,BD!$B$3:$B$5001,$A$72))) | L95: =IF(L$3="","",IF(COUNTIFS(BD!$A$3:$A$5001,L$3,BD!$B$3:$B$5001,$A$72,BD!$AE$3:$AE$5001,"<>")=0,"",SUMIFS(BD!$AE$3:$AE$5001,BD!$A$3:$A$5001,L$3,BD!$B$3:$B$5001,$A$72))) | M95: =IF(M$3="","",IF(COUNTIFS(BD!$A$3:$A$5001,M$3,BD!$B$3:$B$5001,$A$72,BD!$AE$3:$AE$5001,"<>")=0,"",SUMIFS(BD!$AE$3:$AE$5001,BD!$A$3:$A$5001,M$3,BD!$B$3:$B$5001,$A$72))) | ... AJ95: =IF(AJ$3="","",IF(COUNTIFS(BD!$A$3:$A$5001,AJ$3,BD!$B$3:$B$5001,$A$72,BD!$AE$3:$AE$5001,"<>")=0,"",SUMIFS(BD!$AE$3:$AE$5001,BD!$A$3:$A$5001,AJ$3,BD!$B$3:$B$5001,$A$72))) | AK95: =IF(COUNT(F95:AJ95)=0,"",SUM(F95:AJ95))
C96: Desvios Comportamentais | D96: =IFERROR(1/(1/INDEX(BD!$AL$53:$BF$53,MATCH($A$72,BD!$AL$22:$BF$22,0))),"") | F96: =IF(F$3="","",IF(COUNTIFS(BD!$A$3:$A$5001,F$3,BD!$B$3:$B$5001,$A$72,BD!$AF$3:$AF$5001,"<>")=0,"",SUMIFS(BD!$AF$3:$AF$5001,BD!$A$3:$A$5001,F$3,BD!$B$3:$B$5001,$A$72))) | G96: =IF(G$3="","",IF(COUNTIFS(BD!$A$3:$A$5001,G$3,BD!$B$3:$B$5001,$A$72,BD!$AF$3:$AF$5001,"<>")=0,"",SUMIFS(BD!$AF$3:$AF$5001,BD!$A$3:$A$5001,G$3,BD!$B$3:$B$5001,$A$72))) | H96: =IF(H$3="","",IF(COUNTIFS(BD!$A$3:$A$5001,H$3,BD!$B$3:$B$5001,$A$72,BD!$AF$3:$AF$5001,"<>")=0,"",SUMIFS(BD!$AF$3:$AF$5001,BD!$A$3:$A$5001,H$3,BD!$B$3:$B$5001,$A$72))) | I96: =IF(I$3="","",IF(COUNTIFS(BD!$A$3:$A$5001,I$3,BD!$B$3:$B$5001,$A$72,BD!$AF$3:$AF$5001,"<>")=0,"",SUMIFS(BD!$AF$3:$AF$5001,BD!$A$3:$A$5001,I$3,BD!$B$3:$B$5001,$A$72))) | J96: =IF(J$3="","",IF(COUNTIFS(BD!$A$3:$A$5001,J$3,BD!$B$3:$B$5001,$A$72,BD!$AF$3:$AF$5001,"<>")=0,"",SUMIFS(BD!$AF$3:$AF$5001,BD!$A$3:$A$5001,J$3,BD!$B$3:$B$5001,$A$72))) | K96: =IF(K$3="","",IF(COUNTIFS(BD!$A$3:$A$5001,K$3,BD!$B$3:$B$5001,$A$72,BD!$AF$3:$AF$5001,"<>")=0,"",SUMIFS(BD!$AF$3:$AF$5001,BD!$A$3:$A$5001,K$3,BD!$B$3:$B$5001,$A$72))) | L96: =IF(L$3="","",IF(COUNTIFS(BD!$A$3:$A$5001,L$3,BD!$B$3:$B$5001,$A$72,BD!$AF$3:$AF$5001,"<>")=0,"",SUMIFS(BD!$AF$3:$AF$5001,BD!$A$3:$A$5001,L$3,BD!$B$3:$B$5001,$A$72))) | M96: =IF(M$3="","",IF(COUNTIFS(BD!$A$3:$A$5001,M$3,BD!$B$3:$B$5001,$A$72,BD!$AF$3:$AF$5001,"<>")=0,"",SUMIFS(BD!$AF$3:$AF$5001,BD!$A$3:$A$5001,M$3,BD!$B$3:$B$5001,$A$72))) | ... AJ96: =IF(AJ$3="","",IF(COUNTIFS(BD!$A$3:$A$5001,AJ$3,BD!$B$3:$B$5001,$A$72,BD!$AF$3:$AF$5001,"<>")=0,"",SUMIFS(BD!$AF$3:$AF$5001,BD!$A$3:$A$5001,AJ$3,BD!$B$3:$B$5001,$A$72))) | AK96: =IF(COUNT(F96:AJ96)=0,"",SUM(F96:AJ96))
C97: Acidentes CAF | D97: =IFERROR(1/(1/INDEX(BD!$AL$54:$BF$54,MATCH($A$72,BD!$AL$22:$BF$22,0))),"") | F97: =IF(F$3="","",IF(COUNTIFS(BD!$A$3:$A$5001,F$3,BD!$B$3:$B$5001,$A$72,BD!$AG$3:$AG$5001,"<>")=0,"",SUMIFS(BD!$AG$3:$AG$5001,BD!$A$3:$A$5001,F$3,BD!$B$3:$B$5001,$A$72))) | G97: =IF(G$3="","",IF(COUNTIFS(BD!$A$3:$A$5001,G$3,BD!$B$3:$B$5001,$A$72,BD!$AG$3:$AG$5001,"<>")=0,"",SUMIFS(BD!$AG$3:$AG$5001,BD!$A$3:$A$5001,G$3,BD!$B$3:$B$5001,$A$72))) | H97: =IF(H$3="","",IF(COUNTIFS(BD!$A$3:$A$5001,H$3,BD!$B$3:$B$5001,$A$72,BD!$AG$3:$AG$5001,"<>")=0,"",SUMIFS(BD!$AG$3:$AG$5001,BD!$A$3:$A$5001,H$3,BD!$B$3:$B$5001,$A$72))) | I97: =IF(I$3="","",IF(COUNTIFS(BD!$A$3:$A$5001,I$3,BD!$B$3:$B$5001,$A$72,BD!$AG$3:$AG$5001,"<>")=0,"",SUMIFS(BD!$AG$3:$AG$5001,BD!$A$3:$A$5001,I$3,BD!$B$3:$B$5001,$A$72))) | J97: =IF(J$3="","",IF(COUNTIFS(BD!$A$3:$A$5001,J$3,BD!$B$3:$B$5001,$A$72,BD!$AG$3:$AG$5001,"<>")=0,"",SUMIFS(BD!$AG$3:$AG$5001,BD!$A$3:$A$5001,J$3,BD!$B$3:$B$5001,$A$72))) | K97: =IF(K$3="","",IF(COUNTIFS(BD!$A$3:$A$5001,K$3,BD!$B$3:$B$5001,$A$72,BD!$AG$3:$AG$5001,"<>")=0,"",SUMIFS(BD!$AG$3:$AG$5001,BD!$A$3:$A$5001,K$3,BD!$B$3:$B$5001,$A$72))) | L97: =IF(L$3="","",IF(COUNTIFS(BD!$A$3:$A$5001,L$3,BD!$B$3:$B$5001,$A$72,BD!$AG$3:$AG$5001,"<>")=0,"",SUMIFS(BD!$AG$3:$AG$5001,BD!$A$3:$A$5001,L$3,BD!$B$3:$B$5001,$A$72))) | M97: =IF(M$3="","",IF(COUNTIFS(BD!$A$3:$A$5001,M$3,BD!$B$3:$B$5001,$A$72,BD!$AG$3:$AG$5001,"<>")=0,"",SUMIFS(BD!$AG$3:$AG$5001,BD!$A$3:$A$5001,M$3,BD!$B$3:$B$5001,$A$72))) | ... AJ97: =IF(AJ$3="","",IF(COUNTIFS(BD!$A$3:$A$5001,AJ$3,BD!$B$3:$B$5001,$A$72,BD!$AG$3:$AG$5001,"<>")=0,"",SUMIFS(BD!$AG$3:$AG$5001,BD!$A$3:$A$5001,AJ$3,BD!$B$3:$B$5001,$A$72))) | AK97: =IF(COUNT(F97:AJ97)=0,"",SUM(F97:AJ97))
C98: Acidentes SAF | D98: =IFERROR(1/(1/INDEX(BD!$AL$55:$BF$55,MATCH($A$72,BD!$AL$22:$BF$22,0))),"") | F98: =IF(F$3="","",IF(COUNTIFS(BD!$A$3:$A$5001,F$3,BD!$B$3:$B$5001,$A$72,BD!$AH$3:$AH$5001,"<>")=0,"",SUMIFS(BD!$AH$3:$AH$5001,BD!$A$3:$A$5001,F$3,BD!$B$3:$B$5001,$A$72))) | G98: =IF(G$3="","",IF(COUNTIFS(BD!$A$3:$A$5001,G$3,BD!$B$3:$B$5001,$A$72,BD!$AH$3:$AH$5001,"<>")=0,"",SUMIFS(BD!$AH$3:$AH$5001,BD!$A$3:$A$5001,G$3,BD!$B$3:$B$5001,$A$72))) | H98: =IF(H$3="","",IF(COUNTIFS(BD!$A$3:$A$5001,H$3,BD!$B$3:$B$5001,$A$72,BD!$AH$3:$AH$5001,"<>")=0,"",SUMIFS(BD!$AH$3:$AH$5001,BD!$A$3:$A$5001,H$3,BD!$B$3:$B$5001,$A$72))) | I98: =IF(I$3="","",IF(COUNTIFS(BD!$A$3:$A$5001,I$3,BD!$B$3:$B$5001,$A$72,BD!$AH$3:$AH$5001,"<>")=0,"",SUMIFS(BD!$AH$3:$AH$5001,BD!$A$3:$A$5001,I$3,BD!$B$3:$B$5001,$A$72))) | J98: =IF(J$3="","",IF(COUNTIFS(BD!$A$3:$A$5001,J$3,BD!$B$3:$B$5001,$A$72,BD!$AH$3:$AH$5001,"<>")=0,"",SUMIFS(BD!$AH$3:$AH$5001,BD!$A$3:$A$5001,J$3,BD!$B$3:$B$5001,$A$72))) | K98: =IF(K$3="","",IF(COUNTIFS(BD!$A$3:$A$5001,K$3,BD!$B$3:$B$5001,$A$72,BD!$AH$3:$AH$5001,"<>")=0,"",SUMIFS(BD!$AH$3:$AH$5001,BD!$A$3:$A$5001,K$3,BD!$B$3:$B$5001,$A$72))) | L98: =IF(L$3="","",IF(COUNTIFS(BD!$A$3:$A$5001,L$3,BD!$B$3:$B$5001,$A$72,BD!$AH$3:$AH$5001,"<>")=0,"",SUMIFS(BD!$AH$3:$AH$5001,BD!$A$3:$A$5001,L$3,BD!$B$3:$B$5001,$A$72))) | M98: =IF(M$3="","",IF(COUNTIFS(BD!$A$3:$A$5001,M$3,BD!$B$3:$B$5001,$A$72,BD!$AH$3:$AH$5001,"<>")=0,"",SUMIFS(BD!$AH$3:$AH$5001,BD!$A$3:$A$5001,M$3,BD!$B$3:$B$5001,$A$72))) | ... AJ98: =IF(AJ$3="","",IF(COUNTIFS(BD!$A$3:$A$5001,AJ$3,BD!$B$3:$B$5001,$A$72,BD!$AH$3:$AH$5001,"<>")=0,"",SUMIFS(BD!$AH$3:$AH$5001,BD!$A$3:$A$5001,AJ$3,BD!$B$3:$B$5001,$A$72))) | AK98: =IF(COUNT(F98:AJ98)=0,"",SUM(F98:AJ98))
A100: Confiance | B100: IN | C100: Veículos Recebidos | D100: =IFERROR(1/(1/INDEX(BD!$AL$23:$BF$23,MATCH($A$100,BD!$AL$22:$BF$22,0))),"") | F100: =IF(F$3="","",IF(COUNTIFS(BD!$A$3:$A$5001,F$3,BD!$B$3:$B$5001,$A$100,BD!$C$3:$C$5001,"<>")=0,"",SUMIFS(BD!$C$3:$C$5001,BD!$A$3:$A$5001,F$3,BD!$B$3:$B$5001,$A$100))) | G100: =IF(G$3="","",IF(COUNTIFS(BD!$A$3:$A$5001,G$3,BD!$B$3:$B$5001,$A$100,BD!$C$3:$C$5001,"<>")=0,"",SUMIFS(BD!$C$3:$C$5001,BD!$A$3:$A$5001,G$3,BD!$B$3:$B$5001,$A$100))) | H100: =IF(H$3="","",IF(COUNTIFS(BD!$A$3:$A$5001,H$3,BD!$B$3:$B$5001,$A$100,BD!$C$3:$C$5001,"<>")=0,"",SUMIFS(BD!$C$3:$C$5001,BD!$A$3:$A$5001,H$3,BD!$B$3:$B$5001,$A$100))) | I100: =IF(I$3="","",IF(COUNTIFS(BD!$A$3:$A$5001,I$3,BD!$B$3:$B$5001,$A$100,BD!$C$3:$C$5001,"<>")=0,"",SUMIFS(BD!$C$3:$C$5001,BD!$A$3:$A$5001,I$3,BD!$B$3:$B$5001,$A$100))) | J100: =IF(J$3="","",IF(COUNTIFS(BD!$A$3:$A$5001,J$3,BD!$B$3:$B$5001,$A$100,BD!$C$3:$C$5001,"<>")=0,"",SUMIFS(BD!$C$3:$C$5001,BD!$A$3:$A$5001,J$3,BD!$B$3:$B$5001,$A$100))) | K100: =IF(K$3="","",IF(COUNTIFS(BD!$A$3:$A$5001,K$3,BD!$B$3:$B$5001,$A$100,BD!$C$3:$C$5001,"<>")=0,"",SUMIFS(BD!$C$3:$C$5001,BD!$A$3:$A$5001,K$3,BD!$B$3:$B$5001,$A$100))) | L100: =IF(L$3="","",IF(COUNTIFS(BD!$A$3:$A$5001,L$3,BD!$B$3:$B$5001,$A$100,BD!$C$3:$C$5001,"<>")=0,"",SUMIFS(BD!$C$3:$C$5001,BD!$A$3:$A$5001,L$3,BD!$B$3:$B$5001,$A$100))) | M100: =IF(M$3="","",IF(COUNTIFS(BD!$A$3:$A$5001,M$3,BD!$B$3:$B$5001,$A$100,BD!$C$3:$C$5001,"<>")=0,"",SUMIFS(BD!$C$3:$C$5001,BD!$A$3:$A$5001,M$3,BD!$B$3:$B$5001,$A$100))) | ... AJ100: =IF(AJ$3="","",IF(COUNTIFS(BD!$A$3:$A$5001,AJ$3,BD!$B$3:$B$5001,$A$100,BD!$C$3:$C$5001,"<>")=0,"",SUMIFS(BD!$C$3:$C$5001,BD!$A$3:$A$5001,AJ$3,BD!$B$3:$B$5001,$A$100))) | AK100: =IF(COUNT(F100:AJ100)=0,"",SUM(F100:AJ100))
C101: Pallets Movimentados | D101: =IFERROR(1/(1/INDEX(BD!$AL$24:$BF$24,MATCH($A$100,BD!$AL$22:$BF$22,0))),"") | F101: =IF(F$3="","",IF(COUNTIFS(BD!$A$3:$A$5001,F$3,BD!$B$3:$B$5001,$A$100,BD!$D$3:$D$5001,"<>")=0,"",SUMIFS(BD!$D$3:$D$5001,BD!$A$3:$A$5001,F$3,BD!$B$3:$B$5001,$A$100))) | G101: =IF(G$3="","",IF(COUNTIFS(BD!$A$3:$A$5001,G$3,BD!$B$3:$B$5001,$A$100,BD!$D$3:$D$5001,"<>")=0,"",SUMIFS(BD!$D$3:$D$5001,BD!$A$3:$A$5001,G$3,BD!$B$3:$B$5001,$A$100))) | H101: =IF(H$3="","",IF(COUNTIFS(BD!$A$3:$A$5001,H$3,BD!$B$3:$B$5001,$A$100,BD!$D$3:$D$5001,"<>")=0,"",SUMIFS(BD!$D$3:$D$5001,BD!$A$3:$A$5001,H$3,BD!$B$3:$B$5001,$A$100))) | I101: =IF(I$3="","",IF(COUNTIFS(BD!$A$3:$A$5001,I$3,BD!$B$3:$B$5001,$A$100,BD!$D$3:$D$5001,"<>")=0,"",SUMIFS(BD!$D$3:$D$5001,BD!$A$3:$A$5001,I$3,BD!$B$3:$B$5001,$A$100))) | J101: =IF(J$3="","",IF(COUNTIFS(BD!$A$3:$A$5001,J$3,BD!$B$3:$B$5001,$A$100,BD!$D$3:$D$5001,"<>")=0,"",SUMIFS(BD!$D$3:$D$5001,BD!$A$3:$A$5001,J$3,BD!$B$3:$B$5001,$A$100))) | K101: =IF(K$3="","",IF(COUNTIFS(BD!$A$3:$A$5001,K$3,BD!$B$3:$B$5001,$A$100,BD!$D$3:$D$5001,"<>")=0,"",SUMIFS(BD!$D$3:$D$5001,BD!$A$3:$A$5001,K$3,BD!$B$3:$B$5001,$A$100))) | L101: =IF(L$3="","",IF(COUNTIFS(BD!$A$3:$A$5001,L$3,BD!$B$3:$B$5001,$A$100,BD!$D$3:$D$5001,"<>")=0,"",SUMIFS(BD!$D$3:$D$5001,BD!$A$3:$A$5001,L$3,BD!$B$3:$B$5001,$A$100))) | M101: =IF(M$3="","",IF(COUNTIFS(BD!$A$3:$A$5001,M$3,BD!$B$3:$B$5001,$A$100,BD!$D$3:$D$5001,"<>")=0,"",SUMIFS(BD!$D$3:$D$5001,BD!$A$3:$A$5001,M$3,BD!$B$3:$B$5001,$A$100))) | ... AJ101: =IF(AJ$3="","",IF(COUNTIFS(BD!$A$3:$A$5001,AJ$3,BD!$B$3:$B$5001,$A$100,BD!$D$3:$D$5001,"<>")=0,"",SUMIFS(BD!$D$3:$D$5001,BD!$A$3:$A$5001,AJ$3,BD!$B$3:$B$5001,$A$100))) | AK101: =IF(COUNT(F101:AJ101)=0,"",SUM(F101:AJ101))
C102: Toneladas Movimentadas | D102: =IFERROR(1/(1/INDEX(BD!$AL$25:$BF$25,MATCH($A$100,BD!$AL$22:$BF$22,0))),"") | F102: =IF(F$3="","",IF(COUNTIFS(BD!$A$3:$A$5001,F$3,BD!$B$3:$B$5001,$A$100,BD!$E$3:$E$5001,"<>")=0,"",SUMIFS(BD!$E$3:$E$5001,BD!$A$3:$A$5001,F$3,BD!$B$3:$B$5001,$A$100))) | G102: =IF(G$3="","",IF(COUNTIFS(BD!$A$3:$A$5001,G$3,BD!$B$3:$B$5001,$A$100,BD!$E$3:$E$5001,"<>")=0,"",SUMIFS(BD!$E$3:$E$5001,BD!$A$3:$A$5001,G$3,BD!$B$3:$B$5001,$A$100))) | H102: =IF(H$3="","",IF(COUNTIFS(BD!$A$3:$A$5001,H$3,BD!$B$3:$B$5001,$A$100,BD!$E$3:$E$5001,"<>")=0,"",SUMIFS(BD!$E$3:$E$5001,BD!$A$3:$A$5001,H$3,BD!$B$3:$B$5001,$A$100))) | I102: =IF(I$3="","",IF(COUNTIFS(BD!$A$3:$A$5001,I$3,BD!$B$3:$B$5001,$A$100,BD!$E$3:$E$5001,"<>")=0,"",SUMIFS(BD!$E$3:$E$5001,BD!$A$3:$A$5001,I$3,BD!$B$3:$B$5001,$A$100))) | J102: =IF(J$3="","",IF(COUNTIFS(BD!$A$3:$A$5001,J$3,BD!$B$3:$B$5001,$A$100,BD!$E$3:$E$5001,"<>")=0,"",SUMIFS(BD!$E$3:$E$5001,BD!$A$3:$A$5001,J$3,BD!$B$3:$B$5001,$A$100))) | K102: =IF(K$3="","",IF(COUNTIFS(BD!$A$3:$A$5001,K$3,BD!$B$3:$B$5001,$A$100,BD!$E$3:$E$5001,"<>")=0,"",SUMIFS(BD!$E$3:$E$5001,BD!$A$3:$A$5001,K$3,BD!$B$3:$B$5001,$A$100))) | L102: =IF(L$3="","",IF(COUNTIFS(BD!$A$3:$A$5001,L$3,BD!$B$3:$B$5001,$A$100,BD!$E$3:$E$5001,"<>")=0,"",SUMIFS(BD!$E$3:$E$5001,BD!$A$3:$A$5001,L$3,BD!$B$3:$B$5001,$A$100))) | M102: =IF(M$3="","",IF(COUNTIFS(BD!$A$3:$A$5001,M$3,BD!$B$3:$B$5001,$A$100,BD!$E$3:$E$5001,"<>")=0,"",SUMIFS(BD!$E$3:$E$5001,BD!$A$3:$A$5001,M$3,BD!$B$3:$B$5001,$A$100))) | ... AJ102: =IF(AJ$3="","",IF(COUNTIFS(BD!$A$3:$A$5001,AJ$3,BD!$B$3:$B$5001,$A$100,BD!$E$3:$E$5001,"<>")=0,"",SUMIFS(BD!$E$3:$E$5001,BD!$A$3:$A$5001,AJ$3,BD!$B$3:$B$5001,$A$100))) | AK102: =IF(COUNT(F102:AJ102)=0,"",SUM(F102:AJ102))
B103: OUT | C103: Veículos Expedidos | D103: =IFERROR(1/(1/INDEX(BD!$AL$32:$BF$32,MATCH($A$100,BD!$AL$22:$BF$22,0))),"") | F103: =IF(F$3="","",IF(COUNTIFS(BD!$A$3:$A$5001,F$3,BD!$B$3:$B$5001,$A$100,BD!$L$3:$L$5001,"<>")=0,"",SUMIFS(BD!$L$3:$L$5001,BD!$A$3:$A$5001,F$3,BD!$B$3:$B$5001,$A$100))) | G103: =IF(G$3="","",IF(COUNTIFS(BD!$A$3:$A$5001,G$3,BD!$B$3:$B$5001,$A$100,BD!$L$3:$L$5001,"<>")=0,"",SUMIFS(BD!$L$3:$L$5001,BD!$A$3:$A$5001,G$3,BD!$B$3:$B$5001,$A$100))) | H103: =IF(H$3="","",IF(COUNTIFS(BD!$A$3:$A$5001,H$3,BD!$B$3:$B$5001,$A$100,BD!$L$3:$L$5001,"<>")=0,"",SUMIFS(BD!$L$3:$L$5001,BD!$A$3:$A$5001,H$3,BD!$B$3:$B$5001,$A$100))) | I103: =IF(I$3="","",IF(COUNTIFS(BD!$A$3:$A$5001,I$3,BD!$B$3:$B$5001,$A$100,BD!$L$3:$L$5001,"<>")=0,"",SUMIFS(BD!$L$3:$L$5001,BD!$A$3:$A$5001,I$3,BD!$B$3:$B$5001,$A$100))) | J103: =IF(J$3="","",IF(COUNTIFS(BD!$A$3:$A$5001,J$3,BD!$B$3:$B$5001,$A$100,BD!$L$3:$L$5001,"<>")=0,"",SUMIFS(BD!$L$3:$L$5001,BD!$A$3:$A$5001,J$3,BD!$B$3:$B$5001,$A$100))) | K103: =IF(K$3="","",IF(COUNTIFS(BD!$A$3:$A$5001,K$3,BD!$B$3:$B$5001,$A$100,BD!$L$3:$L$5001,"<>")=0,"",SUMIFS(BD!$L$3:$L$5001,BD!$A$3:$A$5001,K$3,BD!$B$3:$B$5001,$A$100))) | L103: =IF(L$3="","",IF(COUNTIFS(BD!$A$3:$A$5001,L$3,BD!$B$3:$B$5001,$A$100,BD!$L$3:$L$5001,"<>")=0,"",SUMIFS(BD!$L$3:$L$5001,BD!$A$3:$A$5001,L$3,BD!$B$3:$B$5001,$A$100))) | M103: =IF(M$3="","",IF(COUNTIFS(BD!$A$3:$A$5001,M$3,BD!$B$3:$B$5001,$A$100,BD!$L$3:$L$5001,"<>")=0,"",SUMIFS(BD!$L$3:$L$5001,BD!$A$3:$A$5001,M$3,BD!$B$3:$B$5001,$A$100))) | ... AJ103: =IF(AJ$3="","",IF(COUNTIFS(BD!$A$3:$A$5001,AJ$3,BD!$B$3:$B$5001,$A$100,BD!$L$3:$L$5001,"<>")=0,"",SUMIFS(BD!$L$3:$L$5001,BD!$A$3:$A$5001,AJ$3,BD!$B$3:$B$5001,$A$100))) | AK103: =IF(COUNT(F103:AJ103)=0,"",SUM(F103:AJ103))
C104: Pallets Movimentados | D104: =IFERROR(1/(1/INDEX(BD!$AL$38:$BF$38,MATCH($A$100,BD!$AL$22:$BF$22,0))),"") | F104: =IF(F$3="","",IF(COUNTIFS(BD!$A$3:$A$5001,F$3,BD!$B$3:$B$5001,$A$100,BD!$R$3:$R$5001,"<>")=0,"",SUMIFS(BD!$R$3:$R$5001,BD!$A$3:$A$5001,F$3,BD!$B$3:$B$5001,$A$100))) | G104: =IF(G$3="","",IF(COUNTIFS(BD!$A$3:$A$5001,G$3,BD!$B$3:$B$5001,$A$100,BD!$R$3:$R$5001,"<>")=0,"",SUMIFS(BD!$R$3:$R$5001,BD!$A$3:$A$5001,G$3,BD!$B$3:$B$5001,$A$100))) | H104: =IF(H$3="","",IF(COUNTIFS(BD!$A$3:$A$5001,H$3,BD!$B$3:$B$5001,$A$100,BD!$R$3:$R$5001,"<>")=0,"",SUMIFS(BD!$R$3:$R$5001,BD!$A$3:$A$5001,H$3,BD!$B$3:$B$5001,$A$100))) | I104: =IF(I$3="","",IF(COUNTIFS(BD!$A$3:$A$5001,I$3,BD!$B$3:$B$5001,$A$100,BD!$R$3:$R$5001,"<>")=0,"",SUMIFS(BD!$R$3:$R$5001,BD!$A$3:$A$5001,I$3,BD!$B$3:$B$5001,$A$100))) | J104: =IF(J$3="","",IF(COUNTIFS(BD!$A$3:$A$5001,J$3,BD!$B$3:$B$5001,$A$100,BD!$R$3:$R$5001,"<>")=0,"",SUMIFS(BD!$R$3:$R$5001,BD!$A$3:$A$5001,J$3,BD!$B$3:$B$5001,$A$100))) | K104: =IF(K$3="","",IF(COUNTIFS(BD!$A$3:$A$5001,K$3,BD!$B$3:$B$5001,$A$100,BD!$R$3:$R$5001,"<>")=0,"",SUMIFS(BD!$R$3:$R$5001,BD!$A$3:$A$5001,K$3,BD!$B$3:$B$5001,$A$100))) | L104: =IF(L$3="","",IF(COUNTIFS(BD!$A$3:$A$5001,L$3,BD!$B$3:$B$5001,$A$100,BD!$R$3:$R$5001,"<>")=0,"",SUMIFS(BD!$R$3:$R$5001,BD!$A$3:$A$5001,L$3,BD!$B$3:$B$5001,$A$100))) | M104: =IF(M$3="","",IF(COUNTIFS(BD!$A$3:$A$5001,M$3,BD!$B$3:$B$5001,$A$100,BD!$R$3:$R$5001,"<>")=0,"",SUMIFS(BD!$R$3:$R$5001,BD!$A$3:$A$5001,M$3,BD!$B$3:$B$5001,$A$100))) | ... AJ104: =IF(AJ$3="","",IF(COUNTIFS(BD!$A$3:$A$5001,AJ$3,BD!$B$3:$B$5001,$A$100,BD!$R$3:$R$5001,"<>")=0,"",SUMIFS(BD!$R$3:$R$5001,BD!$A$3:$A$5001,AJ$3,BD!$B$3:$B$5001,$A$100))) | AK104: =IF(COUNT(F104:AJ104)=0,"",SUM(F104:AJ104))
C105: Toneladas Movimentadas | D105: =IFERROR(1/(1/INDEX(BD!$AL$39:$BF$39,MATCH($A$100,BD!$AL$22:$BF$22,0))),"") | F105: =IF(F$3="","",IF(COUNTIFS(BD!$A$3:$A$5001,F$3,BD!$B$3:$B$5001,$A$100,BD!$S$3:$S$5001,"<>")=0,"",SUMIFS(BD!$S$3:$S$5001,BD!$A$3:$A$5001,F$3,BD!$B$3:$B$5001,$A$100))) | G105: =IF(G$3="","",IF(COUNTIFS(BD!$A$3:$A$5001,G$3,BD!$B$3:$B$5001,$A$100,BD!$S$3:$S$5001,"<>")=0,"",SUMIFS(BD!$S$3:$S$5001,BD!$A$3:$A$5001,G$3,BD!$B$3:$B$5001,$A$100))) | H105: =IF(H$3="","",IF(COUNTIFS(BD!$A$3:$A$5001,H$3,BD!$B$3:$B$5001,$A$100,BD!$S$3:$S$5001,"<>")=0,"",SUMIFS(BD!$S$3:$S$5001,BD!$A$3:$A$5001,H$3,BD!$B$3:$B$5001,$A$100))) | I105: =IF(I$3="","",IF(COUNTIFS(BD!$A$3:$A$5001,I$3,BD!$B$3:$B$5001,$A$100,BD!$S$3:$S$5001,"<>")=0,"",SUMIFS(BD!$S$3:$S$5001,BD!$A$3:$A$5001,I$3,BD!$B$3:$B$5001,$A$100))) | J105: =IF(J$3="","",IF(COUNTIFS(BD!$A$3:$A$5001,J$3,BD!$B$3:$B$5001,$A$100,BD!$S$3:$S$5001,"<>")=0,"",SUMIFS(BD!$S$3:$S$5001,BD!$A$3:$A$5001,J$3,BD!$B$3:$B$5001,$A$100))) | K105: =IF(K$3="","",IF(COUNTIFS(BD!$A$3:$A$5001,K$3,BD!$B$3:$B$5001,$A$100,BD!$S$3:$S$5001,"<>")=0,"",SUMIFS(BD!$S$3:$S$5001,BD!$A$3:$A$5001,K$3,BD!$B$3:$B$5001,$A$100))) | L105: =IF(L$3="","",IF(COUNTIFS(BD!$A$3:$A$5001,L$3,BD!$B$3:$B$5001,$A$100,BD!$S$3:$S$5001,"<>")=0,"",SUMIFS(BD!$S$3:$S$5001,BD!$A$3:$A$5001,L$3,BD!$B$3:$B$5001,$A$100))) | M105: =IF(M$3="","",IF(COUNTIFS(BD!$A$3:$A$5001,M$3,BD!$B$3:$B$5001,$A$100,BD!$S$3:$S$5001,"<>")=0,"",SUMIFS(BD!$S$3:$S$5001,BD!$A$3:$A$5001,M$3,BD!$B$3:$B$5001,$A$100))) | ... AJ105: =IF(AJ$3="","",IF(COUNTIFS(BD!$A$3:$A$5001,AJ$3,BD!$B$3:$B$5001,$A$100,BD!$S$3:$S$5001,"<>")=0,"",SUMIFS(BD!$S$3:$S$5001,BD!$A$3:$A$5001,AJ$3,BD!$B$3:$B$5001,$A$100))) | AK105: =IF(COUNT(F105:AJ105)=0,"",SUM(F105:AJ105))
...

Sheet Consol Mensal
G1: ="CONSOL MENSAL · QUADRO DE INDICADORES"&IF(calculos_quadro!$E$2="",""," · "&calculos_quadro!$E$2) -> CONSOL MENSAL · QUADRO DE INDICADORES · TPC | V1: OUTUBRO · 2026
B3: CLIENTE ▸ | D3: Todos | Q3: =IF(calculos_quadro!$B$9=0,"Sem dados na Base para o mês escolhido","Dados até "&TEXT(calculos_quadro!$C$7+calculos_quadro!$B$9-1,"dd/mm")&"/"&YEAR(calculos_quadro!$C$7)&" · comparação: "&calculos_quadro!$B$8&", dias 1 a "&calculos_quadro!$B$9) -> Sem dados na Base para o mês escolhido
B5: QUADRO DE INDICADORES · cliente e mês selecionados
B6: GRUPO | D6: INDICADOR | H6: META | J6: REALIZADO | M6: MÉDIA / DIA | O6: MÁXIMO NO DIA | R6: MÊS ANTERIOR | T6: VARIAÇÃO | W6: % DA META | Y6: STATUS
B7: IN | D7: Veículos Recebidos | H7: =IF(calculos_quadro!$B$342=0,"—",calculos_quadro!$C$48) | J7: =IF(calculos_quadro!$B$342=0,"—",calculos_quadro!$C$43) -> 0 | M7: =IF(calculos_quadro!$B$342=0,"—",calculos_quadro!$C$44) | O7: =IF(calculos_quadro!$B$342=0,"—",calculos_quadro!$C$45) -> 0 | R7: =IF(calculos_quadro!$B$342=0,"—",calculos_quadro!$C$46) | T7: =IF(calculos_quadro!$B$342=0,"—",calculos_quadro!$C$47) | W7: =IF(calculos_quadro!$B$342=0,"—",calculos_quadro!$C$49) | Y7: =IF(calculos_quadro!$B$342=0,"—",calculos_quadro!$C$50)
D8: Pallets Movimentados | H8: =IF(calculos_quadro!$B$343=0,"—",calculos_quadro!$D$48) | J8: =IF(calculos_quadro!$B$343=0,"—",calculos_quadro!$D$43) -> 0 | M8: =IF(calculos_quadro!$B$343=0,"—",calculos_quadro!$D$44) | O8: =IF(calculos_quadro!$B$343=0,"—",calculos_quadro!$D$45) -> 0 | R8: =IF(calculos_quadro!$B$343=0,"—",calculos_quadro!$D$46) | T8: =IF(calculos_quadro!$B$343=0,"—",calculos_quadro!$D$47) | W8: =IF(calculos_quadro!$B$343=0,"—",calculos_quadro!$D$49) | Y8: =IF(calculos_quadro!$B$343=0,"—",calculos_quadro!$D$50)
D9: Toneladas Movimentadas | H9: =IF(calculos_quadro!$B$344=0,"—",calculos_quadro!$E$48) | J9: =IF(calculos_quadro!$B$344=0,"—",calculos_quadro!$E$43) -> 0 | M9: =IF(calculos_quadro!$B$344=0,"—",calculos_quadro!$E$44) | O9: =IF(calculos_quadro!$B$344=0,"—",calculos_quadro!$E$45) -> 0 | R9: =IF(calculos_quadro!$B$344=0,"—",calculos_quadro!$E$46) | T9: =IF(calculos_quadro!$B$344=0,"—",calculos_quadro!$E$47) | W9: =IF(calculos_quadro!$B$344=0,"—",calculos_quadro!$E$49) | Y9: =IF(calculos_quadro!$B$344=0,"—",calculos_quadro!$E$50)
D10: Linhas NF | H10: =IF(calculos_quadro!$B$345=0,"—",calculos_quadro!$F$48) | J10: =IF(calculos_quadro!$B$345=0,"—",calculos_quadro!$F$43) -> 0 | M10: =IF(calculos_quadro!$B$345=0,"—",calculos_quadro!$F$44) | O10: =IF(calculos_quadro!$B$345=0,"—",calculos_quadro!$F$45) -> 0 | R10: =IF(calculos_quadro!$B$345=0,"—",calculos_quadro!$F$46) | T10: =IF(calculos_quadro!$B$345=0,"—",calculos_quadro!$F$47) | W10: =IF(calculos_quadro!$B$345=0,"—",calculos_quadro!$F$49) | Y10: =IF(calculos_quadro!$B$345=0,"—",calculos_quadro!$F$50)
D11: Caixas Movimentadas | H11: =IF(calculos_quadro!$B$346=0,"—",calculos_quadro!$G$48) | J11: =IF(calculos_quadro!$B$346=0,"—",calculos_quadro!$G$43) -> 0 | M11: =IF(calculos_quadro!$B$346=0,"—",calculos_quadro!$G$44) | O11: =IF(calculos_quadro!$B$346=0,"—",calculos_quadro!$G$45) -> 0 | R11: =IF(calculos_quadro!$B$346=0,"—",calculos_quadro!$G$46) | T11: =IF(calculos_quadro!$B$346=0,"—",calculos_quadro!$G$47) | W11: =IF(calculos_quadro!$B$346=0,"—",calculos_quadro!$G$49) | Y11: =IF(calculos_quadro!$B$346=0,"—",calculos_quadro!$G$50)
D12: Itens Recebidos | H12: =IF(calculos_quadro!$B$347=0,"—",calculos_quadro!$H$48) | J12: =IF(calculos_quadro!$B$347=0,"—",calculos_quadro!$H$43) -> 0 | M12: =IF(calculos_quadro!$B$347=0,"—",calculos_quadro!$H$44) | O12: =IF(calculos_quadro!$B$347=0,"—",calculos_quadro!$H$45) -> 0 | R12: =IF(calculos_quadro!$B$347=0,"—",calculos_quadro!$H$46) | T12: =IF(calculos_quadro!$B$347=0,"—",calculos_quadro!$H$47) | W12: =IF(calculos_quadro!$B$347=0,"—",calculos_quadro!$H$49) | Y12: =IF(calculos_quadro!$B$347=0,"—",calculos_quadro!$H$50)
D13: Itens Recebidos CX Mista | H13: =IF(calculos_quadro!$B$348=0,"—",calculos_quadro!$I$48) | J13: =IF(calculos_quadro!$B$348=0,"—",calculos_quadro!$I$43) -> 0 | M13: =IF(calculos_quadro!$B$348=0,"—",calculos_quadro!$I$44) | O13: =IF(calculos_quadro!$B$348=0,"—",calculos_quadro!$I$45) -> 0 | R13: =IF(calculos_quadro!$B$348=0,"—",calculos_quadro!$I$46) | T13: =IF(calculos_quadro!$B$348=0,"—",calculos_quadro!$I$47) | W13: =IF(calculos_quadro!$B$348=0,"—",calculos_quadro!$I$49) | Y13: =IF(calculos_quadro!$B$348=0,"—",calculos_quadro!$I$50)
D14: Caixas Fechadas | H14: =IF(calculos_quadro!$B$349=0,"—",calculos_quadro!$J$48) | J14: =IF(calculos_quadro!$B$349=0,"—",calculos_quadro!$J$43) -> 0 | M14: =IF(calculos_quadro!$B$349=0,"—",calculos_quadro!$J$44) | O14: =IF(calculos_quadro!$B$349=0,"—",calculos_quadro!$J$45) -> 0 | R14: =IF(calculos_quadro!$B$349=0,"—",calculos_quadro!$J$46) | T14: =IF(calculos_quadro!$B$349=0,"—",calculos_quadro!$J$47) | W14: =IF(calculos_quadro!$B$349=0,"—",calculos_quadro!$J$49) | Y14: =IF(calculos_quadro!$B$349=0,"—",calculos_quadro!$J$50)
D15: Caixas Mistas Recebidas | H15: =IF(calculos_quadro!$B$350=0,"—",calculos_quadro!$K$48) | J15: =IF(calculos_quadro!$B$350=0,"—",calculos_quadro!$K$43) -> 0 | M15: =IF(calculos_quadro!$B$350=0,"—",calculos_quadro!$K$44) | O15: =IF(calculos_quadro!$B$350=0,"—",calculos_quadro!$K$45) -> 0 | R15: =IF(calculos_quadro!$B$350=0,"—",calculos_quadro!$K$46) | T15: =IF(calculos_quadro!$B$350=0,"—",calculos_quadro!$K$47) | W15: =IF(calculos_quadro!$B$350=0,"—",calculos_quadro!$K$49) | Y15: =IF(calculos_quadro!$B$350=0,"—",calculos_quadro!$K$50)
B16: OUT | D16: Veículos Expedidos | H16: =IF(calculos_quadro!$B$351=0,"—",calculos_quadro!$L$48) | J16: =IF(calculos_quadro!$B$351=0,"—",calculos_quadro!$L$43) -> 0 | M16: =IF(calculos_quadro!$B$351=0,"—",calculos_quadro!$L$44) | O16: =IF(calculos_quadro!$B$351=0,"—",calculos_quadro!$L$45) -> 0 | R16: =IF(calculos_quadro!$B$351=0,"—",calculos_quadro!$L$46) | T16: =IF(calculos_quadro!$B$351=0,"—",calculos_quadro!$L$47) | W16: =IF(calculos_quadro!$B$351=0,"—",calculos_quadro!$L$49) | Y16: =IF(calculos_quadro!$B$351=0,"—",calculos_quadro!$L$50)
D17: Pedidos Expedidos | H17: =IF(calculos_quadro!$B$352=0,"—",calculos_quadro!$M$48) | J17: =IF(calculos_quadro!$B$352=0,"—",calculos_quadro!$M$43) -> 0 | M17: =IF(calculos_quadro!$B$352=0,"—",calculos_quadro!$M$44) | O17: =IF(calculos_quadro!$B$352=0,"—",calculos_quadro!$M$45) -> 0 | R17: =IF(calculos_quadro!$B$352=0,"—",calculos_quadro!$M$46) | T17: =IF(calculos_quadro!$B$352=0,"—",calculos_quadro!$M$47) | W17: =IF(calculos_quadro!$B$352=0,"—",calculos_quadro!$M$49) | Y17: =IF(calculos_quadro!$B$352=0,"—",calculos_quadro!$M$50)
D18: Pedidos Faturados | H18: =IF(calculos_quadro!$B$353=0,"—",calculos_quadro!$N$48) | J18: =IF(calculos_quadro!$B$353=0,"—",calculos_quadro!$N$43) -> 0 | M18: =IF(calculos_quadro!$B$353=0,"—",calculos_quadro!$N$44) | O18: =IF(calculos_quadro!$B$353=0,"—",calculos_quadro!$N$45) -> 0 | R18: =IF(calculos_quadro!$B$353=0,"—",calculos_quadro!$N$46) | T18: =IF(calculos_quadro!$B$353=0,"—",calculos_quadro!$N$47) | W18: =IF(calculos_quadro!$B$353=0,"—",calculos_quadro!$N$49) | Y18: =IF(calculos_quadro!$B$353=0,"—",calculos_quadro!$N$50)
D19: Itens Expedidos | H19: =IF(calculos_quadro!$B$354=0,"—",calculos_quadro!$O$48) | J19: =IF(calculos_quadro!$B$354=0,"—",calculos_quadro!$O$43) -> 0 | M19: =IF(calculos_quadro!$B$354=0,"—",calculos_quadro!$O$44) | O19: =IF(calculos_quadro!$B$354=0,"—",calculos_quadro!$O$45) -> 0 | R19: =IF(calculos_quadro!$B$354=0,"—",calculos_quadro!$O$46) | T19: =IF(calculos_quadro!$B$354=0,"—",calculos_quadro!$O$47) | W19: =IF(calculos_quadro!$B$354=0,"—",calculos_quadro!$O$49) | Y19: =IF(calculos_quadro!$B$354=0,"—",calculos_quadro!$O$50)
D20: Linhas NF | H20: =IF(calculos_quadro!$B$355=0,"—",calculos_quadro!$P$48) | J20: =IF(calculos_quadro!$B$355=0,"—",calculos_quadro!$P$43) -> 0 | M20: =IF(calculos_quadro!$B$355=0,"—",calculos_quadro!$P$44) | O20: =IF(calculos_quadro!$B$355=0,"—",calculos_quadro!$P$45) -> 0 | R20: =IF(calculos_quadro!$B$355=0,"—",calculos_quadro!$P$46) | T20: =IF(calculos_quadro!$B$355=0,"—",calculos_quadro!$P$47) | W20: =IF(calculos_quadro!$B$355=0,"—",calculos_quadro!$P$49) | Y20: =IF(calculos_quadro!$B$355=0,"—",calculos_quadro!$P$50)
D21: Caixas Expedidas | H21: =IF(calculos_quadro!$B$356=0,"—",calculos_quadro!$Q$48) | J21: =IF(calculos_quadro!$B$356=0,"—",calculos_quadro!$Q$43) -> 0 | M21: =IF(calculos_quadro!$B$356=0,"—",calculos_quadro!$Q$44) | O21: =IF(calculos_quadro!$B$356=0,"—",calculos_quadro!$Q$45) -> 0 | R21: =IF(calculos_quadro!$B$356=0,"—",calculos_quadro!$Q$46) | T21: =IF(calculos_quadro!$B$356=0,"—",calculos_quadro!$Q$47) | W21: =IF(calculos_quadro!$B$356=0,"—",calculos_quadro!$Q$49) | Y21: =IF(calculos_quadro!$B$356=0,"—",calculos_quadro!$Q$50)
D22: Pallets Movimentados | H22: =IF(calculos_quadro!$B$357=0,"—",calculos_quadro!$R$48) | J22: =IF(calculos_quadro!$B$357=0,"—",calculos_quadro!$R$43) -> 0 | M22: =IF(calculos_quadro!$B$357=0,"—",calculos_quadro!$R$44) | O22: =IF(calculos_quadro!$B$357=0,"—",calculos_quadro!$R$45) -> 0 | R22: =IF(calculos_quadro!$B$357=0,"—",calculos_quadro!$R$46) | T22: =IF(calculos_quadro!$B$357=0,"—",calculos_quadro!$R$47) | W22: =IF(calculos_quadro!$B$357=0,"—",calculos_quadro!$R$49) | Y22: =IF(calculos_quadro!$B$357=0,"—",calculos_quadro!$R$50)
D23: Toneladas Movimentadas | H23: =IF(calculos_quadro!$B$358=0,"—",calculos_quadro!$S$48) | J23: =IF(calculos_quadro!$B$358=0,"—",calculos_quadro!$S$43) -> 0 | M23: =IF(calculos_quadro!$B$358=0,"—",calculos_quadro!$S$44) | O23: =IF(calculos_quadro!$B$358=0,"—",calculos_quadro!$S$45) -> 0 | R23: =IF(calculos_quadro!$B$358=0,"—",calculos_quadro!$S$46) | T23: =IF(calculos_quadro!$B$358=0,"—",calculos_quadro!$S$47) | W23: =IF(calculos_quadro!$B$358=0,"—",calculos_quadro!$S$49) | Y23: =IF(calculos_quadro!$B$358=0,"—",calculos_quadro!$S$50)
B24: NC | D24: Incidentes | H24: =IF(calculos_quadro!$B$359=0,"—",calculos_quadro!$T$48) | J24: =IF(calculos_quadro!$B$359=0,"—",calculos_quadro!$T$43) -> 0 | M24: =IF(calculos_quadro!$B$359=0,"—",calculos_quadro!$T$44) | O24: =IF(calculos_quadro!$B$359=0,"—",calculos_quadro!$T$45) -> 0 | R24: =IF(calculos_quadro!$B$359=0,"—",calculos_quadro!$T$46) | T24: =IF(calculos_quadro!$B$359=0,"—",calculos_quadro!$T$47) | W24: =IF(calculos_quadro!$B$359=0,"—",calculos_quadro!$T$49) | Y24: =IF(calculos_quadro!$B$359=0,"—",calculos_quadro!$T$50)
D25: No show | H25: =IF(calculos_quadro!$B$360=0,"—",calculos_quadro!$U$48) | J25: =IF(calculos_quadro!$B$360=0,"—",calculos_quadro!$U$43) -> 0 | M25: =IF(calculos_quadro!$B$360=0,"—",calculos_quadro!$U$44) | O25: =IF(calculos_quadro!$B$360=0,"—",calculos_quadro!$U$45) -> 0 | R25: =IF(calculos_quadro!$B$360=0,"—",calculos_quadro!$U$46) | T25: =IF(calculos_quadro!$B$360=0,"—",calculos_quadro!$U$47) | W25: =IF(calculos_quadro!$B$360=0,"—",calculos_quadro!$U$49) | Y25: =IF(calculos_quadro!$B$360=0,"—",calculos_quadro!$U$50)
D26: Backlog Intralog | H26: =IF(calculos_quadro!$B$361=0,"—",calculos_quadro!$V$48) | J26: =IF(calculos_quadro!$B$361=0,"—",calculos_quadro!$V$43) | M26: =IF(calculos_quadro!$B$361=0,"—",calculos_quadro!$V$44) | O26: =IF(calculos_quadro!$B$361=0,"—",calculos_quadro!$V$45) | R26: =IF(calculos_quadro!$B$361=0,"—",calculos_quadro!$V$46) | T26: =IF(calculos_quadro!$B$361=0,"—",calculos_quadro!$V$47) | W26: =IF(calculos_quadro!$B$361=0,"—",calculos_quadro!$V$49) | Y26: =IF(calculos_quadro!$B$361=0,"—",calculos_quadro!$V$50)
D27: Backlog Cliente | H27: =IF(calculos_quadro!$B$362=0,"—",calculos_quadro!$W$48) | J27: =IF(calculos_quadro!$B$362=0,"—",calculos_quadro!$W$43) | M27: =IF(calculos_quadro!$B$362=0,"—",calculos_quadro!$W$44) | O27: =IF(calculos_quadro!$B$362=0,"—",calculos_quadro!$W$45) | R27: =IF(calculos_quadro!$B$362=0,"—",calculos_quadro!$W$46) | T27: =IF(calculos_quadro!$B$362=0,"—",calculos_quadro!$W$47) | W27: =IF(calculos_quadro!$B$362=0,"—",calculos_quadro!$W$49) | Y27: =IF(calculos_quadro!$B$362=0,"—",calculos_quadro!$W$50)
B28: OCUPAÇÃO (P.P) | D28: Posições Disponíveis | H28: =IF(calculos_quadro!$B$363=0,"—",calculos_quadro!$X$48) | J28: =IF(calculos_quadro!$B$363=0,"—",calculos_quadro!$X$43) | O28: =IF(calculos_quadro!$B$363=0,"—",calculos_quadro!$X$45) | R28: =IF(calculos_quadro!$B$363=0,"—",calculos_quadro!$X$46) | T28: =IF(calculos_quadro!$B$363=0,"—",calculos_quadro!$X$47) | W28: =IF(calculos_quadro!$B$363=0,"—",calculos_quadro!$X$49) | Y28: =IF(calculos_quadro!$B$363=0,"—",calculos_quadro!$X$50)
D29: Posições Ocupadas | H29: =IF(calculos_quadro!$B$364=0,"—",calculos_quadro!$Y$48) | J29: =IF(calculos_quadro!$B$364=0,"—",calculos_quadro!$Y$43) | M29: =IF(calculos_quadro!$B$364=0,"—",calculos_quadro!$Y$44) | O29: =IF(calculos_quadro!$B$364=0,"—",calculos_quadro!$Y$45) | R29: =IF(calculos_quadro!$B$364=0,"—",calculos_quadro!$Y$46) | T29: =IF(calculos_quadro!$B$364=0,"—",calculos_quadro!$Y$47) | W29: =IF(calculos_quadro!$B$364=0,"—",calculos_quadro!$Y$49) | Y29: =IF(calculos_quadro!$B$364=0,"—",calculos_quadro!$Y$50)
D30: Taxa de Ocupação | H30: =IF(calculos_quadro!$B$365=0,"—",calculos_quadro!$Z$48) | J30: =IF(calculos_quadro!$B$365=0,"—",calculos_quadro!$Z$43) | M30: =IF(calculos_quadro!$B$365=0,"—",calculos_quadro!$Z$44) | O30: =IF(calculos_quadro!$B$365=0,"—",calculos_quadro!$Z$45) | R30: =IF(calculos_quadro!$B$365=0,"—",calculos_quadro!$Z$46) | T30: =IF(calculos_quadro!$B$365=0,"—",calculos_quadro!$Z$47) | W30: =IF(calculos_quadro!$B$365=0,"—",calculos_quadro!$Z$49) | Y30: =IF(calculos_quadro!$B$365=0,"—",calculos_quadro!$Z$50)
B31: GENTE | D31: Efetivo Op. | H31: =IF(calculos_quadro!$B$366=0,"—",calculos_quadro!$AA$48) | J31: =IF(calculos_quadro!$B$366=0,"—",calculos_quadro!$AA$43) | M31: =IF(calculos_quadro!$B$366=0,"—",calculos_quadro!$AA$44) | O31: =IF(calculos_quadro!$B$366=0,"—",calculos_quadro!$AA$45) | R31: =IF(calculos_quadro!$B$366=0,"—",calculos_quadro!$AA$46) | T31: =IF(calculos_quadro!$B$366=0,"—",calculos_quadro!$AA$47) | W31: =IF(calculos_quadro!$B$366=0,"—",calculos_quadro!$AA$49) | Y31: =IF(calculos_quadro!$B$366=0,"—",calculos_quadro!$AA$50)
D32: Falta | H32: =IF(calculos_quadro!$B$367=0,"—",calculos_quadro!$AB$48) | J32: =IF(calculos_quadro!$B$367=0,"—",calculos_quadro!$AB$43) -> 0 | M32: =IF(calculos_quadro!$B$367=0,"—",calculos_quadro!$AB$44) | O32: =IF(calculos_quadro!$B$367=0,"—",calculos_quadro!$AB$45) -> 0 | R32: =IF(calculos_quadro!$B$367=0,"—",calculos_quadro!$AB$46) | T32: =IF(calculos_quadro!$B$367=0,"—",calculos_quadro!$AB$47) | W32: =IF(calculos_quadro!$B$367=0,"—",calculos_quadro!$AB$49) | Y32: =IF(calculos_quadro!$B$367=0,"—",calculos_quadro!$AB$50)
D33: Absenteísmo (H/H) | H33: =IF(calculos_quadro!$B$368=0,"—",calculos_quadro!$AC$48) | J33: =IF(calculos_quadro!$B$368=0,"—",calculos_quadro!$AC$43) -> 0 | M33: =IF(calculos_quadro!$B$368=0,"—",calculos_quadro!$AC$44) | O33: =IF(calculos_quadro!$B$368=0,"—",calculos_quadro!$AC$45) -> 0 | R33: =IF(calculos_quadro!$B$368=0,"—",calculos_quadro!$AC$46) | T33: =IF(calculos_quadro!$B$368=0,"—",calculos_quadro!$AC$47) | W33: =IF(calculos_quadro!$B$368=0,"—",calculos_quadro!$AC$49) | Y33: =IF(calculos_quadro!$B$368=0,"—",calculos_quadro!$AC$50)
D34: Folga | H34: =IF(calculos_quadro!$B$369=0,"—",calculos_quadro!$AD$48) | J34: =IF(calculos_quadro!$B$369=0,"—",calculos_quadro!$AD$43) -> 0 | M34: =IF(calculos_quadro!$B$369=0,"—",calculos_quadro!$AD$44) | O34: =IF(calculos_quadro!$B$369=0,"—",calculos_quadro!$AD$45) -> 0 | R34: =IF(calculos_quadro!$B$369=0,"—",calculos_quadro!$AD$46) | T34: =IF(calculos_quadro!$B$369=0,"—",calculos_quadro!$AD$47) | W34: =IF(calculos_quadro!$B$369=0,"—",calculos_quadro!$AD$49) | Y34: =IF(calculos_quadro!$B$369=0,"—",calculos_quadro!$AD$50)
D35: Férias | H35: =IF(calculos_quadro!$B$370=0,"—",calculos_quadro!$AE$48) | J35: =IF(calculos_quadro!$B$370=0,"—",calculos_quadro!$AE$43) -> 0 | M35: =IF(calculos_quadro!$B$370=0,"—",calculos_quadro!$AE$44) | O35: =IF(calculos_quadro!$B$370=0,"—",calculos_quadro!$AE$45) -> 0 | R35: =IF(calculos_quadro!$B$370=0,"—",calculos_quadro!$AE$46) | T35: =IF(calculos_quadro!$B$370=0,"—",calculos_quadro!$AE$47) | W35: =IF(calculos_quadro!$B$370=0,"—",calculos_quadro!$AE$49) | Y35: =IF(calculos_quadro!$B$370=0,"—",calculos_quadro!$AE$50)
D36: Desligamento | H36: =IF(calculos_quadro!$B$371=0,"—",calculos_quadro!$AF$48) | J36: =IF(calculos_quadro!$B$371=0,"—",calculos_quadro!$AF$43) -> 0 | M36: =IF(calculos_quadro!$B$371=0,"—",calculos_quadro!$AF$44) | O36: =IF(calculos_quadro!$B$371=0,"—",calculos_quadro!$AF$45) -> 0 | R36: =IF(calculos_quadro!$B$371=0,"—",calculos_quadro!$AF$46) | T36: =IF(calculos_quadro!$B$371=0,"—",calculos_quadro!$AF$47) | W36: =IF(calculos_quadro!$B$371=0,"—",calculos_quadro!$AF$49) | Y36: =IF(calculos_quadro!$B$371=0,"—",calculos_quadro!$AF$50)
D37: Desvios Comportamentais | H37: =IF(calculos_quadro!$B$372=0,"—",calculos_quadro!$AG$48) | J37: =IF(calculos_quadro!$B$372=0,"—",calculos_quadro!$AG$43) -> 0 | M37: =IF(calculos_quadro!$B$372=0,"—",calculos_quadro!$AG$44) | O37: =IF(calculos_quadro!$B$372=0,"—",calculos_quadro!$AG$45) -> 0 | R37: =IF(calculos_quadro!$B$372=0,"—",calculos_quadro!$AG$46) | T37: =IF(calculos_quadro!$B$372=0,"—",calculos_quadro!$AG$47) | W37: =IF(calculos_quadro!$B$372=0,"—",calculos_quadro!$AG$49) | Y37: =IF(calculos_quadro!$B$372=0,"—",calculos_quadro!$AG$50)
D38: Acidentes CAF | H38: =IF(calculos_quadro!$B$373=0,"—",calculos_quadro!$AH$48) | J38: =IF(calculos_quadro!$B$373=0,"—",calculos_quadro!$AH$43) -> 0 | M38: =IF(calculos_quadro!$B$373=0,"—",calculos_quadro!$AH$44) | O38: =IF(calculos_quadro!$B$373=0,"—",calculos_quadro!$AH$45) -> 0 | R38: =IF(calculos_quadro!$B$373=0,"—",calculos_quadro!$AH$46) | T38: =IF(calculos_quadro!$B$373=0,"—",calculos_quadro!$AH$47) | W38: =IF(calculos_quadro!$B$373=0,"—",calculos_quadro!$AH$49) | Y38: =IF(calculos_quadro!$B$373=0,"—",calculos_quadro!$AH$50)
D39: Acidentes SAF | H39: =IF(calculos_quadro!$B$374=0,"—",calculos_quadro!$AI$48) | J39: =IF(calculos_quadro!$B$374=0,"—",calculos_quadro!$AI$43) -> 0 | M39: =IF(calculos_quadro!$B$374=0,"—",calculos_quadro!$AI$44) | O39: =IF(calculos_quadro!$B$374=0,"—",calculos_quadro!$AI$45) -> 0 | R39: =IF(calculos_quadro!$B$374=0,"—",calculos_quadro!$AI$46) | T39: =IF(calculos_quadro!$B$374=0,"—",calculos_quadro!$AI$47) | W39: =IF(calculos_quadro!$B$374=0,"—",calculos_quadro!$AI$49) | Y39: =IF(calculos_quadro!$B$374=0,"—",calculos_quadro!$AI$50)
B40: Realizado: soma do mês nos fluxos (IN, OUT, incidentes, no show, falta, folga, férias, desligamento); último valor informado por cliente em backlog, posições, taxa e efetivo (dia sem lançamento mantém o valor anterior). Média/dia: dias com movimento. Metas e faixas: aba calculos (células amarelas). Vazio = sem registro.
B42: RESUMO POR CLIENTE · mês inteiro · segue o filtro desta aba
B43: GRUPO | D43: INDICADOR | H43: =calculos_quadro!$G$319&"" -> Alpargatas | I43: =calculos_quadro!$G$320&"" -> Basf | J43: =calculos_quadro!$G$321&"" -> Beautybiz | L43: =calculos_quadro!$G$322&"" -> Boticário | M43: =calculos_quadro!$G$323&"" -> Confiance | N43: =calculos_quadro!$G$324&"" -> GE Vernova | O43: =calculos_quadro!$G$325&"" -> Omnilife | Q43: =calculos_quadro!$G$326&"" -> Supply | R43: =calculos_quadro!$G$327&"" -> Vedacit | S43: =calculos_quadro!$G$328&"" -> Vestas | T43: =calculos_quadro!$G$329&"" | V43: =calculos_quadro!$G$330&"" | W43: =calculos_quadro!$G$331&"" | X43: =calculos_quadro!$G$332&"" | Y43: =calculos_quadro!$G$333&"" | Z43: =calculos_quadro!$G$334&""
B44: IN | D44: Veículos Recebidos | H44: =IF(calculos_quadro!$G$319="","",IFERROR(INDEX(calculos_quadro!$B$103:$U$103,MATCH(calculos_quadro!$G$319,calculos_quadro!$B$102:$U$102,0)),"")) -> 0 | I44: =IF(calculos_quadro!$G$320="","",IFERROR(INDEX(calculos_quadro!$B$103:$U$103,MATCH(calculos_quadro!$G$320,calculos_quadro!$B$102:$U$102,0)),"")) -> 0 | J44: =IF(calculos_quadro!$G$321="","",IFERROR(INDEX(calculos_quadro!$B$103:$U$103,MATCH(calculos_quadro!$G$321,calculos_quadro!$B$102:$U$102,0)),"")) -> 0 | L44: =IF(calculos_quadro!$G$322="","",IFERROR(INDEX(calculos_quadro!$B$103:$U$103,MATCH(calculos_quadro!$G$322,calculos_quadro!$B$102:$U$102,0)),"")) -> 0 | M44: =IF(calculos_quadro!$G$323="","",IFERROR(INDEX(calculos_quadro!$B$103:$U$103,MATCH(calculos_quadro!$G$323,calculos_quadro!$B$102:$U$102,0)),"")) -> 0 | N44: =IF(calculos_quadro!$G$324="","",IFERROR(INDEX(calculos_quadro!$B$103:$U$103,MATCH(calculos_quadro!$G$324,calculos_quadro!$B$102:$U$102,0)),"")) -> 0 | O44: =IF(calculos_quadro!$G$325="","",IFERROR(INDEX(calculos_quadro!$B$103:$U$103,MATCH(calculos_quadro!$G$325,calculos_quadro!$B$102:$U$102,0)),"")) -> 0 | Q44: =IF(calculos_quadro!$G$326="","",IFERROR(INDEX(calculos_quadro!$B$103:$U$103,MATCH(calculos_quadro!$G$326,calculos_quadro!$B$102:$U$102,0)),"")) -> 0 | R44: =IF(calculos_quadro!$G$327="","",IFERROR(INDEX(calculos_quadro!$B$103:$U$103,MATCH(calculos_quadro!$G$327,calculos_quadro!$B$102:$U$102,0)),"")) -> 0 | S44: =IF(calculos_quadro!$G$328="","",IFERROR(INDEX(calculos_quadro!$B$103:$U$103,MATCH(calculos_quadro!$G$328,calculos_quadro!$B$102:$U$102,0)),"")) -> 0 | T44: =IF(calculos_quadro!$G$329="","",IFERROR(INDEX(calculos_quadro!$B$103:$U$103,MATCH(calculos_quadro!$G$329,calculos_quadro!$B$102:$U$102,0)),"")) | V44: =IF(calculos_quadro!$G$330="","",IFERROR(INDEX(calculos_quadro!$B$103:$U$103,MATCH(calculos_quadro!$G$330,calculos_quadro!$B$102:$U$102,0)),"")) | W44: =IF(calculos_quadro!$G$331="","",IFERROR(INDEX(calculos_quadro!$B$103:$U$103,MATCH(calculos_quadro!$G$331,calculos_quadro!$B$102:$U$102,0)),"")) | X44: =IF(calculos_quadro!$G$332="","",IFERROR(INDEX(calculos_quadro!$B$103:$U$103,MATCH(calculos_quadro!$G$332,calculos_quadro!$B$102:$U$102,0)),"")) | Y44: =IF(calculos_quadro!$G$333="","",IFERROR(INDEX(calculos_quadro!$B$103:$U$103,MATCH(calculos_quadro!$G$333,calculos_quadro!$B$102:$U$102,0)),"")) | Z44: =IF(calculos_quadro!$G$334="","",IFERROR(INDEX(calculos_quadro!$B$103:$U$103,MATCH(calculos_quadro!$G$334,calculos_quadro!$B$102:$U$102,0)),""))
D45: Pallets Movimentados | H45: =IF(calculos_quadro!$G$319="","",IFERROR(INDEX(calculos_quadro!$B$104:$U$104,MATCH(calculos_quadro!$G$319,calculos_quadro!$B$102:$U$102,0)),"")) -> — | I45: =IF(calculos_quadro!$G$320="","",IFERROR(INDEX(calculos_quadro!$B$104:$U$104,MATCH(calculos_quadro!$G$320,calculos_quadro!$B$102:$U$102,0)),"")) -> 0 | J45: =IF(calculos_quadro!$G$321="","",IFERROR(INDEX(calculos_quadro!$B$104:$U$104,MATCH(calculos_quadro!$G$321,calculos_quadro!$B$102:$U$102,0)),"")) -> 0 | L45: =IF(calculos_quadro!$G$322="","",IFERROR(INDEX(calculos_quadro!$B$104:$U$104,MATCH(calculos_quadro!$G$322,calculos_quadro!$B$102:$U$102,0)),"")) -> 0 | M45: =IF(calculos_quadro!$G$323="","",IFERROR(INDEX(calculos_quadro!$B$104:$U$104,MATCH(calculos_quadro!$G$323,calculos_quadro!$B$102:$U$102,0)),"")) -> 0 | N45: =IF(calculos_quadro!$G$324="","",IFERROR(INDEX(calculos_quadro!$B$104:$U$104,MATCH(calculos_quadro!$G$324,calculos_quadro!$B$102:$U$102,0)),"")) -> 0 | O45: =IF(calculos_quadro!$G$325="","",IFERROR(INDEX(calculos_quadro!$B$104:$U$104,MATCH(calculos_quadro!$G$325,calculos_quadro!$B$102:$U$102,0)),"")) -> 0 | Q45: =IF(calculos_quadro!$G$326="","",IFERROR(INDEX(calculos_quadro!$B$104:$U$104,MATCH(calculos_quadro!$G$326,calculos_quadro!$B$102:$U$102,0)),"")) -> 0 | R45: =IF(calculos_quadro!$G$327="","",IFERROR(INDEX(calculos_quadro!$B$104:$U$104,MATCH(calculos_quadro!$G$327,calculos_quadro!$B$102:$U$102,0)),"")) -> 0 | S45: =IF(calculos_quadro!$G$328="","",IFERROR(INDEX(calculos_quadro!$B$104:$U$104,MATCH(calculos_quadro!$G$328,calculos_quadro!$B$102:$U$102,0)),"")) -> — | T45: =IF(calculos_quadro!$G$329="","",IFERROR(INDEX(calculos_quadro!$B$104:$U$104,MATCH(calculos_quadro!$G$329,calculos_quadro!$B$102:$U$102,0)),"")) | V45: =IF(calculos_quadro!$G$330="","",IFERROR(INDEX(calculos_quadro!$B$104:$U$104,MATCH(calculos_quadro!$G$330,calculos_quadro!$B$102:$U$102,0)),"")) | W45: =IF(calculos_quadro!$G$331="","",IFERROR(INDEX(calculos_quadro!$B$104:$U$104,MATCH(calculos_quadro!$G$331,calculos_quadro!$B$102:$U$102,0)),"")) | X45: =IF(calculos_quadro!$G$332="","",IFERROR(INDEX(calculos_quadro!$B$104:$U$104,MATCH(calculos_quadro!$G$332,calculos_quadro!$B$102:$U$102,0)),"")) | Y45: =IF(calculos_quadro!$G$333="","",IFERROR(INDEX(calculos_quadro!$B$104:$U$104,MATCH(calculos_quadro!$G$333,calculos_quadro!$B$102:$U$102,0)),"")) | Z45: =IF(calculos_quadro!$G$334="","",IFERROR(INDEX(calculos_quadro!$B$104:$U$104,MATCH(calculos_quadro!$G$334,calculos_quadro!$B$102:$U$102,0)),""))
D46: Toneladas Movimentadas | H46: =IF(calculos_quadro!$G$319="","",IFERROR(INDEX(calculos_quadro!$B$105:$U$105,MATCH(calculos_quadro!$G$319,calculos_quadro!$B$102:$U$102,0)),"")) -> — | I46: =IF(calculos_quadro!$G$320="","",IFERROR(INDEX(calculos_quadro!$B$105:$U$105,MATCH(calculos_quadro!$G$320,calculos_quadro!$B$102:$U$102,0)),"")) -> 0 | J46: =IF(calculos_quadro!$G$321="","",IFERROR(INDEX(calculos_quadro!$B$105:$U$105,MATCH(calculos_quadro!$G$321,calculos_quadro!$B$102:$U$102,0)),"")) -> — | L46: =IF(calculos_quadro!$G$322="","",IFERROR(INDEX(calculos_quadro!$B$105:$U$105,MATCH(calculos_quadro!$G$322,calculos_quadro!$B$102:$U$102,0)),"")) -> — | M46: =IF(calculos_quadro!$G$323="","",IFERROR(INDEX(calculos_quadro!$B$105:$U$105,MATCH(calculos_quadro!$G$323,calculos_quadro!$B$102:$U$102,0)),"")) -> 0 | N46: =IF(calculos_quadro!$G$324="","",IFERROR(INDEX(calculos_quadro!$B$105:$U$105,MATCH(calculos_quadro!$G$324,calculos_quadro!$B$102:$U$102,0)),"")) -> — | O46: =IF(calculos_quadro!$G$325="","",IFERROR(INDEX(calculos_quadro!$B$105:$U$105,MATCH(calculos_quadro!$G$325,calculos_quadro!$B$102:$U$102,0)),"")) -> — | Q46: =IF(calculos_quadro!$G$326="","",IFERROR(INDEX(calculos_quadro!$B$105:$U$105,MATCH(calculos_quadro!$G$326,calculos_quadro!$B$102:$U$102,0)),"")) -> 0 | R46: =IF(calculos_quadro!$G$327="","",IFERROR(INDEX(calculos_quadro!$B$105:$U$105,MATCH(calculos_quadro!$G$327,calculos_quadro!$B$102:$U$102,0)),"")) -> — | S46: =IF(calculos_quadro!$G$328="","",IFERROR(INDEX(calculos_quadro!$B$105:$U$105,MATCH(calculos_quadro!$G$328,calculos_quadro!$B$102:$U$102,0)),"")) -> — | T46: =IF(calculos_quadro!$G$329="","",IFERROR(INDEX(calculos_quadro!$B$105:$U$105,MATCH(calculos_quadro!$G$329,calculos_quadro!$B$102:$U$102,0)),"")) | V46: =IF(calculos_quadro!$G$330="","",IFERROR(INDEX(calculos_quadro!$B$105:$U$105,MATCH(calculos_quadro!$G$330,calculos_quadro!$B$102:$U$102,0)),"")) | W46: =IF(calculos_quadro!$G$331="","",IFERROR(INDEX(calculos_quadro!$B$105:$U$105,MATCH(calculos_quadro!$G$331,calculos_quadro!$B$102:$U$102,0)),"")) | X46: =IF(calculos_quadro!$G$332="","",IFERROR(INDEX(calculos_quadro!$B$105:$U$105,MATCH(calculos_quadro!$G$332,calculos_quadro!$B$102:$U$102,0)),"")) | Y46: =IF(calculos_quadro!$G$333="","",IFERROR(INDEX(calculos_quadro!$B$105:$U$105,MATCH(calculos_quadro!$G$333,calculos_quadro!$B$102:$U$102,0)),"")) | Z46: =IF(calculos_quadro!$G$334="","",IFERROR(INDEX(calculos_quadro!$B$105:$U$105,MATCH(calculos_quadro!$G$334,calculos_quadro!$B$102:$U$102,0)),""))
D47: Linhas NF | H47: =IF(calculos_quadro!$G$319="","",IFERROR(INDEX(calculos_quadro!$B$106:$U$106,MATCH(calculos_quadro!$G$319,calculos_quadro!$B$102:$U$102,0)),"")) -> — | I47: =IF(calculos_quadro!$G$320="","",IFERROR(INDEX(calculos_quadro!$B$106:$U$106,MATCH(calculos_quadro!$G$320,calculos_quadro!$B$102:$U$102,0)),"")) -> — | J47: =IF(calculos_quadro!$G$321="","",IFERROR(INDEX(calculos_quadro!$B$106:$U$106,MATCH(calculos_quadro!$G$321,calculos_quadro!$B$102:$U$102,0)),"")) -> — | L47: =IF(calculos_quadro!$G$322="","",IFERROR(INDEX(calculos_quadro!$B$106:$U$106,MATCH(calculos_quadro!$G$322,calculos_quadro!$B$102:$U$102,0)),"")) -> — | M47: =IF(calculos_quadro!$G$323="","",IFERROR(INDEX(calculos_quadro!$B$106:$U$106,MATCH(calculos_quadro!$G$323,calculos_quadro!$B$102:$U$102,0)),"")) -> — | N47: =IF(calculos_quadro!$G$324="","",IFERROR(INDEX(calculos_quadro!$B$106:$U$106,MATCH(calculos_quadro!$G$324,calculos_quadro!$B$102:$U$102,0)),"")) -> 0 | O47: =IF(calculos_quadro!$G$325="","",IFERROR(INDEX(calculos_quadro!$B$106:$U$106,MATCH(calculos_quadro!$G$325,calculos_quadro!$B$102:$U$102,0)),"")) -> — | Q47: =IF(calculos_quadro!$G$326="","",IFERROR(INDEX(calculos_quadro!$B$106:$U$106,MATCH(calculos_quadro!$G$326,calculos_quadro!$B$102:$U$102,0)),"")) -> — | R47: =IF(calculos_quadro!$G$327="","",IFERROR(INDEX(calculos_quadro!$B$106:$U$106,MATCH(calculos_quadro!$G$327,calculos_quadro!$B$102:$U$102,0)),"")) -> — | S47: =IF(calculos_quadro!$G$328="","",IFERROR(INDEX(calculos_quadro!$B$106:$U$106,MATCH(calculos_quadro!$G$328,calculos_quadro!$B$102:$U$102,0)),"")) -> 0 | T47: =IF(calculos_quadro!$G$329="","",IFERROR(INDEX(calculos_quadro!$B$106:$U$106,MATCH(calculos_quadro!$G$329,calculos_quadro!$B$102:$U$102,0)),"")) | V47: =IF(calculos_quadro!$G$330="","",IFERROR(INDEX(calculos_quadro!$B$106:$U$106,MATCH(calculos_quadro!$G$330,calculos_quadro!$B$102:$U$102,0)),"")) | W47: =IF(calculos_quadro!$G$331="","",IFERROR(INDEX(calculos_quadro!$B$106:$U$106,MATCH(calculos_quadro!$G$331,calculos_quadro!$B$102:$U$102,0)),"")) | X47: =IF(calculos_quadro!$G$332="","",IFERROR(INDEX(calculos_quadro!$B$106:$U$106,MATCH(calculos_quadro!$G$332,calculos_quadro!$B$102:$U$102,0)),"")) | Y47: =IF(calculos_quadro!$G$333="","",IFERROR(INDEX(calculos_quadro!$B$106:$U$106,MATCH(calculos_quadro!$G$333,calculos_quadro!$B$102:$U$102,0)),"")) | Z47: =IF(calculos_quadro!$G$334="","",IFERROR(INDEX(calculos_quadro!$B$106:$U$106,MATCH(calculos_quadro!$G$334,calculos_quadro!$B$102:$U$102,0)),""))
D48: Caixas Movimentadas | H48: =IF(calculos_quadro!$G$319="","",IFERROR(INDEX(calculos_quadro!$B$107:$U$107,MATCH(calculos_quadro!$G$319,calculos_quadro!$B$102:$U$102,0)),"")) -> 0 | I48: =IF(calculos_quadro!$G$320="","",IFERROR(INDEX(calculos_quadro!$B$107:$U$107,MATCH(calculos_quadro!$G$320,calculos_quadro!$B$102:$U$102,0)),"")) -> — | J48: =IF(calculos_quadro!$G$321="","",IFERROR(INDEX(calculos_quadro!$B$107:$U$107,MATCH(calculos_quadro!$G$321,calculos_quadro!$B$102:$U$102,0)),"")) -> 0 | L48: =IF(calculos_quadro!$G$322="","",IFERROR(INDEX(calculos_quadro!$B$107:$U$107,MATCH(calculos_quadro!$G$322,calculos_quadro!$B$102:$U$102,0)),"")) -> 0 | M48: =IF(calculos_quadro!$G$323="","",IFERROR(INDEX(calculos_quadro!$B$107:$U$107,MATCH(calculos_quadro!$G$323,calculos_quadro!$B$102:$U$102,0)),"")) -> — | N48: =IF(calculos_quadro!$G$324="","",IFERROR(INDEX(calculos_quadro!$B$107:$U$107,MATCH(calculos_quadro!$G$324,calculos_quadro!$B$102:$U$102,0)),"")) -> — | O48: =IF(calculos_quadro!$G$325="","",IFERROR(INDEX(calculos_quadro!$B$107:$U$107,MATCH(calculos_quadro!$G$325,calculos_quadro!$B$102:$U$102,0)),"")) -> — | Q48: =IF(calculos_quadro!$G$326="","",IFERROR(INDEX(calculos_quadro!$B$107:$U$107,MATCH(calculos_quadro!$G$326,calculos_quadro!$B$102:$U$102,0)),"")) -> — | R48: =IF(calculos_quadro!$G$327="","",IFERROR(INDEX(calculos_quadro!$B$107:$U$107,MATCH(calculos_quadro!$G$327,calculos_quadro!$B$102:$U$102,0)),"")) -> — | S48: =IF(calculos_quadro!$G$328="","",IFERROR(INDEX(calculos_quadro!$B$107:$U$107,MATCH(calculos_quadro!$G$328,calculos_quadro!$B$102:$U$102,0)),"")) -> — | T48: =IF(calculos_quadro!$G$329="","",IFERROR(INDEX(calculos_quadro!$B$107:$U$107,MATCH(calculos_quadro!$G$329,calculos_quadro!$B$102:$U$102,0)),"")) | V48: =IF(calculos_quadro!$G$330="","",IFERROR(INDEX(calculos_quadro!$B$107:$U$107,MATCH(calculos_quadro!$G$330,calculos_quadro!$B$102:$U$102,0)),"")) | W48: =IF(calculos_quadro!$G$331="","",IFERROR(INDEX(calculos_quadro!$B$107:$U$107,MATCH(calculos_quadro!$G$331,calculos_quadro!$B$102:$U$102,0)),"")) | X48: =IF(calculos_quadro!$G$332="","",IFERROR(INDEX(calculos_quadro!$B$107:$U$107,MATCH(calculos_quadro!$G$332,calculos_quadro!$B$102:$U$102,0)),"")) | Y48: =IF(calculos_quadro!$G$333="","",IFERROR(INDEX(calculos_quadro!$B$107:$U$107,MATCH(calculos_quadro!$G$333,calculos_quadro!$B$102:$U$102,0)),"")) | Z48: =IF(calculos_quadro!$G$334="","",IFERROR(INDEX(calculos_quadro!$B$107:$U$107,MATCH(calculos_quadro!$G$334,calculos_quadro!$B$102:$U$102,0)),""))
