Workbook

Sheet Indicadores
G1: INDICADORES OPERACIONAIS | U1: SETEMBRO · 2026
B3: CLIENTE ▸ | D3: Todos | Q3: =IF(calculos!$B$9=0,"Sem dados na Base para o mês escolhido","Dados até "&TEXT(calculos!$C$7+calculos!$B$9-1,"dd/mm")&" · ▲▼ comparado a "&LOWER(LEFT(calculos!$B$8,FIND("/",calculos!$B$8)-1))&" (dias 1 a "&calculos!$B$9&")") -> Dados até 29/09 · ▲▼ comparado a agosto (dias 1 a 29)
B5: RECEBIMENTO (IN) | G5: EXPEDIÇÃO (OUT) | L5: NÃO CONFORMIDADES | Q5: OCUPAÇÃO (P.P) | V5: GENTE
C6: =calculos!$C$43 -> 458 | H6: =calculos!$F$43 -> 702 | M6: =calculos!$I$43 -> 11 | R6: =calculos!$N$43 -> 0.71985695 | W6: =calculos!$O$43 -> 26
B9: veículos recebidos | G9: veículos expedidos | L9: incidentes no mês | Q9: ="taxa de ocupação · "&calculos!$N$50 -> taxa de ocupação · atenção | V9: efetivo operacional
B10: =calculos!$E$43 -> 7373.34 | G10: =calculos!$H$43 -> 8393.51 | L10: =calculos!$J$43 -> 0 | Q10: =calculos!$M$43 -> 4227 | V10: =calculos!$P$43 -> 0
B11: =calculos!$C$47 -> -0.021367521 | G11: =calculos!$F$47 -> 0.005730659 | L11: =calculos!$I$47 -> 1.75 | Q11: =calculos!$N$47 -> 0.076120163 | V11: =calculos!$O$47 -> 0
B48: Cartões e gráficos seguem o filtro de cliente (o ranking mostra todos). Detalhe dos 16 indicadores na aba “Quadro de Indicadores”. Fonte: Power Automate · IntraLog.

Sheet Monitoramento
F1: MONITORAMENTO DIÁRIO DE PERFORMANCE | AE1: SETEMBRO · 2026
A2: CLIENTE | B2: INDICADORES | D2: META | F2: REALIZADO P/DIA | AK2: MÊS
F3: =IF(ISNUMBER($AE$1),DATE(YEAR($AE$1),MONTH($AE$1),1),IFERROR(DATE(VALUE(RIGHT(TRIM($AE$1),4)),MATCH(TRIM(LEFT($AE$1,FIND("·",$AE$1)-1)),{"JANEIRO","FEVEREIRO","MARÇO","ABRIL","MAIO","JUNHO","JULHO","AGOSTO","SETEMBRO","OUTUBRO","NOVEMBRO","DEZEMBRO"},0),1),DATE(2026,9,1))) -> 46266 | G3: =IF(F3="","",IF(MONTH(F3+1)=MONTH($F$3),F3+1,"")) -> 46267 | H3: =IF(G3="","",IF(MONTH(G3+1)=MONTH($F$3),G3+1,"")) -> 46268 | I3: =IF(H3="","",IF(MONTH(H3+1)=MONTH($F$3),H3+1,"")) -> 46269 | J3: =IF(I3="","",IF(MONTH(I3+1)=MONTH($F$3),I3+1,"")) -> 46270 | K3: =IF(J3="","",IF(MONTH(J3+1)=MONTH($F$3),J3+1,"")) -> 46271 | L3: =IF(K3="","",IF(MONTH(K3+1)=MONTH($F$3),K3+1,"")) -> 46272 | M3: =IF(L3="","",IF(MONTH(L3+1)=MONTH($F$3),L3+1,"")) -> 46273 | N3: =IF(M3="","",IF(MONTH(M3+1)=MONTH($F$3),M3+1,"")) -> 46274 | ... AJ3: =IF(AI3="","",IF(MONTH(AI3+1)=MONTH($F$3),AI3+1,""))
A5: Barry Callebaut | B5: IN | C5: Veículos Recebidos | D5: 150 | F5: =IF(F$3="","",IF(COUNTIFS(Base!$A$3:$A$5001,F$3,Base!$B$3:$B$5001,$A$5,Base!$C$3:$C$5001,"<>")=0,"",SUMIFS(Base!$C$3:$C$5001,Base!$A$3:$A$5001,F$3,Base!$B$3:$B$5001,$A$5))) -> 5 | G5: =IF(G$3="","",IF(COUNTIFS(Base!$A$3:$A$5001,G$3,Base!$B$3:$B$5001,$A$5,Base!$C$3:$C$5001,"<>")=0,"",SUMIFS(Base!$C$3:$C$5001,Base!$A$3:$A$5001,G$3,Base!$B$3:$B$5001,$A$5))) -> 0 | H5: =IF(H$3="","",IF(COUNTIFS(Base!$A$3:$A$5001,H$3,Base!$B$3:$B$5001,$A$5,Base!$C$3:$C$5001,"<>")=0,"",SUMIFS(Base!$C$3:$C$5001,Base!$A$3:$A$5001,H$3,Base!$B$3:$B$5001,$A$5))) -> 9 | I5: =IF(I$3="","",IF(COUNTIFS(Base!$A$3:$A$5001,I$3,Base!$B$3:$B$5001,$A$5,Base!$C$3:$C$5001,"<>")=0,"",SUMIFS(Base!$C$3:$C$5001,Base!$A$3:$A$5001,I$3,Base!$B$3:$B$5001,$A$5))) -> 4 | J5: =IF(J$3="","",IF(COUNTIFS(Base!$A$3:$A$5001,J$3,Base!$B$3:$B$5001,$A$5,Base!$C$3:$C$5001,"<>")=0,"",SUMIFS(Base!$C$3:$C$5001,Base!$A$3:$A$5001,J$3,Base!$B$3:$B$5001,$A$5))) -> 0 | K5: =IF(K$3="","",IF(COUNTIFS(Base!$A$3:$A$5001,K$3,Base!$B$3:$B$5001,$A$5,Base!$C$3:$C$5001,"<>")=0,"",SUMIFS(Base!$C$3:$C$5001,Base!$A$3:$A$5001,K$3,Base!$B$3:$B$5001,$A$5))) | L5: =IF(L$3="","",IF(COUNTIFS(Base!$A$3:$A$5001,L$3,Base!$B$3:$B$5001,$A$5,Base!$C$3:$C$5001,"<>")=0,"",SUMIFS(Base!$C$3:$C$5001,Base!$A$3:$A$5001,L$3,Base!$B$3:$B$5001,$A$5))) -> 1 | M5: =IF(M$3="","",IF(COUNTIFS(Base!$A$3:$A$5001,M$3,Base!$B$3:$B$5001,$A$5,Base!$C$3:$C$5001,"<>")=0,"",SUMIFS(Base!$C$3:$C$5001,Base!$A$3:$A$5001,M$3,Base!$B$3:$B$5001,$A$5))) -> 2 | ... AJ5: =IF(AJ$3="","",IF(COUNTIFS(Base!$A$3:$A$5001,AJ$3,Base!$B$3:$B$5001,$A$5,Base!$C$3:$C$5001,"<>")=0,"",SUMIFS(Base!$C$3:$C$5001,Base!$A$3:$A$5001,AJ$3,Base!$B$3:$B$5001,$A$5))) | AK5: =IF(COUNT(F5:AJ5)=0,"",SUM(F5:AJ5)) -> 84
C6: Pallets Movimentados | F6: =IF(F$3="","",IF(COUNTIFS(Base!$A$3:$A$5001,F$3,Base!$B$3:$B$5001,$A$5,Base!$D$3:$D$5001,"<>")=0,"",SUMIFS(Base!$D$3:$D$5001,Base!$A$3:$A$5001,F$3,Base!$B$3:$B$5001,$A$5))) -> 130 | G6: =IF(G$3="","",IF(COUNTIFS(Base!$A$3:$A$5001,G$3,Base!$B$3:$B$5001,$A$5,Base!$D$3:$D$5001,"<>")=0,"",SUMIFS(Base!$D$3:$D$5001,Base!$A$3:$A$5001,G$3,Base!$B$3:$B$5001,$A$5))) -> 0 | H6: =IF(H$3="","",IF(COUNTIFS(Base!$A$3:$A$5001,H$3,Base!$B$3:$B$5001,$A$5,Base!$D$3:$D$5001,"<>")=0,"",SUMIFS(Base!$D$3:$D$5001,Base!$A$3:$A$5001,H$3,Base!$B$3:$B$5001,$A$5))) -> 216 | I6: =IF(I$3="","",IF(COUNTIFS(Base!$A$3:$A$5001,I$3,Base!$B$3:$B$5001,$A$5,Base!$D$3:$D$5001,"<>")=0,"",SUMIFS(Base!$D$3:$D$5001,Base!$A$3:$A$5001,I$3,Base!$B$3:$B$5001,$A$5))) -> 88 | J6: =IF(J$3="","",IF(COUNTIFS(Base!$A$3:$A$5001,J$3,Base!$B$3:$B$5001,$A$5,Base!$D$3:$D$5001,"<>")=0,"",SUMIFS(Base!$D$3:$D$5001,Base!$A$3:$A$5001,J$3,Base!$B$3:$B$5001,$A$5))) -> 0 | K6: =IF(K$3="","",IF(COUNTIFS(Base!$A$3:$A$5001,K$3,Base!$B$3:$B$5001,$A$5,Base!$D$3:$D$5001,"<>")=0,"",SUMIFS(Base!$D$3:$D$5001,Base!$A$3:$A$5001,K$3,Base!$B$3:$B$5001,$A$5))) | L6: =IF(L$3="","",IF(COUNTIFS(Base!$A$3:$A$5001,L$3,Base!$B$3:$B$5001,$A$5,Base!$D$3:$D$5001,"<>")=0,"",SUMIFS(Base!$D$3:$D$5001,Base!$A$3:$A$5001,L$3,Base!$B$3:$B$5001,$A$5))) -> 26 | M6: =IF(M$3="","",IF(COUNTIFS(Base!$A$3:$A$5001,M$3,Base!$B$3:$B$5001,$A$5,Base!$D$3:$D$5001,"<>")=0,"",SUMIFS(Base!$D$3:$D$5001,Base!$A$3:$A$5001,M$3,Base!$B$3:$B$5001,$A$5))) -> 50 | ... AJ6: =IF(AJ$3="","",IF(COUNTIFS(Base!$A$3:$A$5001,AJ$3,Base!$B$3:$B$5001,$A$5,Base!$D$3:$D$5001,"<>")=0,"",SUMIFS(Base!$D$3:$D$5001,Base!$A$3:$A$5001,AJ$3,Base!$B$3:$B$5001,$A$5))) | AK6: =IF(COUNT(F6:AJ6)=0,"",SUM(F6:AJ6)) -> 1960
C7: Toneladas Movimentadas | F7: =IF(F$3="","",IF(COUNTIFS(Base!$A$3:$A$5001,F$3,Base!$B$3:$B$5001,$A$5,Base!$E$3:$E$5001,"<>")=0,"",SUMIFS(Base!$E$3:$E$5001,Base!$A$3:$A$5001,F$3,Base!$B$3:$B$5001,$A$5))) -> 90.09 | G7: =IF(G$3="","",IF(COUNTIFS(Base!$A$3:$A$5001,G$3,Base!$B$3:$B$5001,$A$5,Base!$E$3:$E$5001,"<>")=0,"",SUMIFS(Base!$E$3:$E$5001,Base!$A$3:$A$5001,G$3,Base!$B$3:$B$5001,$A$5))) -> 0 | H7: =IF(H$3="","",IF(COUNTIFS(Base!$A$3:$A$5001,H$3,Base!$B$3:$B$5001,$A$5,Base!$E$3:$E$5001,"<>")=0,"",SUMIFS(Base!$E$3:$E$5001,Base!$A$3:$A$5001,H$3,Base!$B$3:$B$5001,$A$5))) -> 208.42 | I7: =IF(I$3="","",IF(COUNTIFS(Base!$A$3:$A$5001,I$3,Base!$B$3:$B$5001,$A$5,Base!$E$3:$E$5001,"<>")=0,"",SUMIFS(Base!$E$3:$E$5001,Base!$A$3:$A$5001,I$3,Base!$B$3:$B$5001,$A$5))) -> 54.09 | J7: =IF(J$3="","",IF(COUNTIFS(Base!$A$3:$A$5001,J$3,Base!$B$3:$B$5001,$A$5,Base!$E$3:$E$5001,"<>")=0,"",SUMIFS(Base!$E$3:$E$5001,Base!$A$3:$A$5001,J$3,Base!$B$3:$B$5001,$A$5))) -> 0 | K7: =IF(K$3="","",IF(COUNTIFS(Base!$A$3:$A$5001,K$3,Base!$B$3:$B$5001,$A$5,Base!$E$3:$E$5001,"<>")=0,"",SUMIFS(Base!$E$3:$E$5001,Base!$A$3:$A$5001,K$3,Base!$B$3:$B$5001,$A$5))) | L7: =IF(L$3="","",IF(COUNTIFS(Base!$A$3:$A$5001,L$3,Base!$B$3:$B$5001,$A$5,Base!$E$3:$E$5001,"<>")=0,"",SUMIFS(Base!$E$3:$E$5001,Base!$A$3:$A$5001,L$3,Base!$B$3:$B$5001,$A$5))) -> 12.37 | M7: =IF(M$3="","",IF(COUNTIFS(Base!$A$3:$A$5001,M$3,Base!$B$3:$B$5001,$A$5,Base!$E$3:$E$5001,"<>")=0,"",SUMIFS(Base!$E$3:$E$5001,Base!$A$3:$A$5001,M$3,Base!$B$3:$B$5001,$A$5))) -> 33.92 | ... AJ7: =IF(AJ$3="","",IF(COUNTIFS(Base!$A$3:$A$5001,AJ$3,Base!$B$3:$B$5001,$A$5,Base!$E$3:$E$5001,"<>")=0,"",SUMIFS(Base!$E$3:$E$5001,Base!$A$3:$A$5001,AJ$3,Base!$B$3:$B$5001,$A$5))) | AK7: =IF(COUNT(F7:AJ7)=0,"",SUM(F7:AJ7)) -> 1445.28
B8: OUT | C8: Veículos Expedidos | D8: 200 | F8: =IF(F$3="","",IF(COUNTIFS(Base!$A$3:$A$5001,F$3,Base!$B$3:$B$5001,$A$5,Base!$F$3:$F$5001,"<>")=0,"",SUMIFS(Base!$F$3:$F$5001,Base!$A$3:$A$5001,F$3,Base!$B$3:$B$5001,$A$5))) -> 11 | G8: =IF(G$3="","",IF(COUNTIFS(Base!$A$3:$A$5001,G$3,Base!$B$3:$B$5001,$A$5,Base!$F$3:$F$5001,"<>")=0,"",SUMIFS(Base!$F$3:$F$5001,Base!$A$3:$A$5001,G$3,Base!$B$3:$B$5001,$A$5))) -> 10 | H8: =IF(H$3="","",IF(COUNTIFS(Base!$A$3:$A$5001,H$3,Base!$B$3:$B$5001,$A$5,Base!$F$3:$F$5001,"<>")=0,"",SUMIFS(Base!$F$3:$F$5001,Base!$A$3:$A$5001,H$3,Base!$B$3:$B$5001,$A$5))) -> 11 | I8: =IF(I$3="","",IF(COUNTIFS(Base!$A$3:$A$5001,I$3,Base!$B$3:$B$5001,$A$5,Base!$F$3:$F$5001,"<>")=0,"",SUMIFS(Base!$F$3:$F$5001,Base!$A$3:$A$5001,I$3,Base!$B$3:$B$5001,$A$5))) -> 3 | J8: =IF(J$3="","",IF(COUNTIFS(Base!$A$3:$A$5001,J$3,Base!$B$3:$B$5001,$A$5,Base!$F$3:$F$5001,"<>")=0,"",SUMIFS(Base!$F$3:$F$5001,Base!$A$3:$A$5001,J$3,Base!$B$3:$B$5001,$A$5))) -> 1 | K8: =IF(K$3="","",IF(COUNTIFS(Base!$A$3:$A$5001,K$3,Base!$B$3:$B$5001,$A$5,Base!$F$3:$F$5001,"<>")=0,"",SUMIFS(Base!$F$3:$F$5001,Base!$A$3:$A$5001,K$3,Base!$B$3:$B$5001,$A$5))) | L8: =IF(L$3="","",IF(COUNTIFS(Base!$A$3:$A$5001,L$3,Base!$B$3:$B$5001,$A$5,Base!$F$3:$F$5001,"<>")=0,"",SUMIFS(Base!$F$3:$F$5001,Base!$A$3:$A$5001,L$3,Base!$B$3:$B$5001,$A$5))) -> 12 | M8: =IF(M$3="","",IF(COUNTIFS(Base!$A$3:$A$5001,M$3,Base!$B$3:$B$5001,$A$5,Base!$F$3:$F$5001,"<>")=0,"",SUMIFS(Base!$F$3:$F$5001,Base!$A$3:$A$5001,M$3,Base!$B$3:$B$5001,$A$5))) -> 10 | ... AJ8: =IF(AJ$3="","",IF(COUNTIFS(Base!$A$3:$A$5001,AJ$3,Base!$B$3:$B$5001,$A$5,Base!$F$3:$F$5001,"<>")=0,"",SUMIFS(Base!$F$3:$F$5001,Base!$A$3:$A$5001,AJ$3,Base!$B$3:$B$5001,$A$5))) | AK8: =IF(COUNT(F8:AJ8)=0,"",SUM(F8:AJ8)) -> 205
C9: Pallets Movimentados | F9: =IF(F$3="","",IF(COUNTIFS(Base!$A$3:$A$5001,F$3,Base!$B$3:$B$5001,$A$5,Base!$G$3:$G$5001,"<>")=0,"",SUMIFS(Base!$G$3:$G$5001,Base!$A$3:$A$5001,F$3,Base!$B$3:$B$5001,$A$5))) -> 198 | G9: =IF(G$3="","",IF(COUNTIFS(Base!$A$3:$A$5001,G$3,Base!$B$3:$B$5001,$A$5,Base!$G$3:$G$5001,"<>")=0,"",SUMIFS(Base!$G$3:$G$5001,Base!$A$3:$A$5001,G$3,Base!$B$3:$B$5001,$A$5))) -> 180 | H9: =IF(H$3="","",IF(COUNTIFS(Base!$A$3:$A$5001,H$3,Base!$B$3:$B$5001,$A$5,Base!$G$3:$G$5001,"<>")=0,"",SUMIFS(Base!$G$3:$G$5001,Base!$A$3:$A$5001,H$3,Base!$B$3:$B$5001,$A$5))) -> 198 | I9: =IF(I$3="","",IF(COUNTIFS(Base!$A$3:$A$5001,I$3,Base!$B$3:$B$5001,$A$5,Base!$G$3:$G$5001,"<>")=0,"",SUMIFS(Base!$G$3:$G$5001,Base!$A$3:$A$5001,I$3,Base!$B$3:$B$5001,$A$5))) -> 54 | J9: =IF(J$3="","",IF(COUNTIFS(Base!$A$3:$A$5001,J$3,Base!$B$3:$B$5001,$A$5,Base!$G$3:$G$5001,"<>")=0,"",SUMIFS(Base!$G$3:$G$5001,Base!$A$3:$A$5001,J$3,Base!$B$3:$B$5001,$A$5))) -> 18 | K9: =IF(K$3="","",IF(COUNTIFS(Base!$A$3:$A$5001,K$3,Base!$B$3:$B$5001,$A$5,Base!$G$3:$G$5001,"<>")=0,"",SUMIFS(Base!$G$3:$G$5001,Base!$A$3:$A$5001,K$3,Base!$B$3:$B$5001,$A$5))) | L9: =IF(L$3="","",IF(COUNTIFS(Base!$A$3:$A$5001,L$3,Base!$B$3:$B$5001,$A$5,Base!$G$3:$G$5001,"<>")=0,"",SUMIFS(Base!$G$3:$G$5001,Base!$A$3:$A$5001,L$3,Base!$B$3:$B$5001,$A$5))) -> 216 | M9: =IF(M$3="","",IF(COUNTIFS(Base!$A$3:$A$5001,M$3,Base!$B$3:$B$5001,$A$5,Base!$G$3:$G$5001,"<>")=0,"",SUMIFS(Base!$G$3:$G$5001,Base!$A$3:$A$5001,M$3,Base!$B$3:$B$5001,$A$5))) -> 180 | ... AJ9: =IF(AJ$3="","",IF(COUNTIFS(Base!$A$3:$A$5001,AJ$3,Base!$B$3:$B$5001,$A$5,Base!$G$3:$G$5001,"<>")=0,"",SUMIFS(Base!$G$3:$G$5001,Base!$A$3:$A$5001,AJ$3,Base!$B$3:$B$5001,$A$5))) | AK9: =IF(COUNT(F9:AJ9)=0,"",SUM(F9:AJ9)) -> 3690
C10: Toneladas Movimentadas | F10: =IF(F$3="","",IF(COUNTIFS(Base!$A$3:$A$5001,F$3,Base!$B$3:$B$5001,$A$5,Base!$H$3:$H$5001,"<>")=0,"",SUMIFS(Base!$H$3:$H$5001,Base!$A$3:$A$5001,F$3,Base!$B$3:$B$5001,$A$5))) -> 193.85 | G10: =IF(G$3="","",IF(COUNTIFS(Base!$A$3:$A$5001,G$3,Base!$B$3:$B$5001,$A$5,Base!$H$3:$H$5001,"<>")=0,"",SUMIFS(Base!$H$3:$H$5001,Base!$A$3:$A$5001,G$3,Base!$B$3:$B$5001,$A$5))) -> 64.98 | H10: =IF(H$3="","",IF(COUNTIFS(Base!$A$3:$A$5001,H$3,Base!$B$3:$B$5001,$A$5,Base!$H$3:$H$5001,"<>")=0,"",SUMIFS(Base!$H$3:$H$5001,Base!$A$3:$A$5001,H$3,Base!$B$3:$B$5001,$A$5))) -> 82.36 | I10: =IF(I$3="","",IF(COUNTIFS(Base!$A$3:$A$5001,I$3,Base!$B$3:$B$5001,$A$5,Base!$H$3:$H$5001,"<>")=0,"",SUMIFS(Base!$H$3:$H$5001,Base!$A$3:$A$5001,I$3,Base!$B$3:$B$5001,$A$5))) -> 42.13 | J10: =IF(J$3="","",IF(COUNTIFS(Base!$A$3:$A$5001,J$3,Base!$B$3:$B$5001,$A$5,Base!$H$3:$H$5001,"<>")=0,"",SUMIFS(Base!$H$3:$H$5001,Base!$A$3:$A$5001,J$3,Base!$B$3:$B$5001,$A$5))) -> 8.64 | K10: =IF(K$3="","",IF(COUNTIFS(Base!$A$3:$A$5001,K$3,Base!$B$3:$B$5001,$A$5,Base!$H$3:$H$5001,"<>")=0,"",SUMIFS(Base!$H$3:$H$5001,Base!$A$3:$A$5001,K$3,Base!$B$3:$B$5001,$A$5))) | L10: =IF(L$3="","",IF(COUNTIFS(Base!$A$3:$A$5001,L$3,Base!$B$3:$B$5001,$A$5,Base!$H$3:$H$5001,"<>")=0,"",SUMIFS(Base!$H$3:$H$5001,Base!$A$3:$A$5001,L$3,Base!$B$3:$B$5001,$A$5))) -> 143.18 | M10: =IF(M$3="","",IF(COUNTIFS(Base!$A$3:$A$5001,M$3,Base!$B$3:$B$5001,$A$5,Base!$H$3:$H$5001,"<>")=0,"",SUMIFS(Base!$H$3:$H$5001,Base!$A$3:$A$5001,M$3,Base!$B$3:$B$5001,$A$5))) -> 192.77 | ... AJ10: =IF(AJ$3="","",IF(COUNTIFS(Base!$A$3:$A$5001,AJ$3,Base!$B$3:$B$5001,$A$5,Base!$H$3:$H$5001,"<>")=0,"",SUMIFS(Base!$H$3:$H$5001,Base!$A$3:$A$5001,AJ$3,Base!$B$3:$B$5001,$A$5))) | AK10: =IF(COUNT(F10:AJ10)=0,"",SUM(F10:AJ10)) -> 2495.13
B11: NC | C11: Incidentes | F11: =IF(F$3="","",IF(COUNTIFS(Base!$A$3:$A$5001,F$3,Base!$B$3:$B$5001,$A$5,Base!$I$3:$I$5001,"<>")=0,"",SUMIFS(Base!$I$3:$I$5001,Base!$A$3:$A$5001,F$3,Base!$B$3:$B$5001,$A$5))) -> 0 | G11: =IF(G$3="","",IF(COUNTIFS(Base!$A$3:$A$5001,G$3,Base!$B$3:$B$5001,$A$5,Base!$I$3:$I$5001,"<>")=0,"",SUMIFS(Base!$I$3:$I$5001,Base!$A$3:$A$5001,G$3,Base!$B$3:$B$5001,$A$5))) -> 0 | H11: =IF(H$3="","",IF(COUNTIFS(Base!$A$3:$A$5001,H$3,Base!$B$3:$B$5001,$A$5,Base!$I$3:$I$5001,"<>")=0,"",SUMIFS(Base!$I$3:$I$5001,Base!$A$3:$A$5001,H$3,Base!$B$3:$B$5001,$A$5))) -> 0 | I11: =IF(I$3="","",IF(COUNTIFS(Base!$A$3:$A$5001,I$3,Base!$B$3:$B$5001,$A$5,Base!$I$3:$I$5001,"<>")=0,"",SUMIFS(Base!$I$3:$I$5001,Base!$A$3:$A$5001,I$3,Base!$B$3:$B$5001,$A$5))) -> 0 | J11: =IF(J$3="","",IF(COUNTIFS(Base!$A$3:$A$5001,J$3,Base!$B$3:$B$5001,$A$5,Base!$I$3:$I$5001,"<>")=0,"",SUMIFS(Base!$I$3:$I$5001,Base!$A$3:$A$5001,J$3,Base!$B$3:$B$5001,$A$5))) -> 0 | K11: =IF(K$3="","",IF(COUNTIFS(Base!$A$3:$A$5001,K$3,Base!$B$3:$B$5001,$A$5,Base!$I$3:$I$5001,"<>")=0,"",SUMIFS(Base!$I$3:$I$5001,Base!$A$3:$A$5001,K$3,Base!$B$3:$B$5001,$A$5))) | L11: =IF(L$3="","",IF(COUNTIFS(Base!$A$3:$A$5001,L$3,Base!$B$3:$B$5001,$A$5,Base!$I$3:$I$5001,"<>")=0,"",SUMIFS(Base!$I$3:$I$5001,Base!$A$3:$A$5001,L$3,Base!$B$3:$B$5001,$A$5))) -> 0 | M11: =IF(M$3="","",IF(COUNTIFS(Base!$A$3:$A$5001,M$3,Base!$B$3:$B$5001,$A$5,Base!$I$3:$I$5001,"<>")=0,"",SUMIFS(Base!$I$3:$I$5001,Base!$A$3:$A$5001,M$3,Base!$B$3:$B$5001,$A$5))) -> 0 | ... AJ11: =IF(AJ$3="","",IF(COUNTIFS(Base!$A$3:$A$5001,AJ$3,Base!$B$3:$B$5001,$A$5,Base!$I$3:$I$5001,"<>")=0,"",SUMIFS(Base!$I$3:$I$5001,Base!$A$3:$A$5001,AJ$3,Base!$B$3:$B$5001,$A$5))) | AK11: =IF(COUNT(F11:AJ11)=0,"",SUM(F11:AJ11)) -> 2
C12: No show | F12: =IF(F$3="","",IF(COUNTIFS(Base!$A$3:$A$5001,F$3,Base!$B$3:$B$5001,$A$5,Base!$J$3:$J$5001,"<>")=0,"",SUMIFS(Base!$J$3:$J$5001,Base!$A$3:$A$5001,F$3,Base!$B$3:$B$5001,$A$5))) | G12: =IF(G$3="","",IF(COUNTIFS(Base!$A$3:$A$5001,G$3,Base!$B$3:$B$5001,$A$5,Base!$J$3:$J$5001,"<>")=0,"",SUMIFS(Base!$J$3:$J$5001,Base!$A$3:$A$5001,G$3,Base!$B$3:$B$5001,$A$5))) | H12: =IF(H$3="","",IF(COUNTIFS(Base!$A$3:$A$5001,H$3,Base!$B$3:$B$5001,$A$5,Base!$J$3:$J$5001,"<>")=0,"",SUMIFS(Base!$J$3:$J$5001,Base!$A$3:$A$5001,H$3,Base!$B$3:$B$5001,$A$5))) | I12: =IF(I$3="","",IF(COUNTIFS(Base!$A$3:$A$5001,I$3,Base!$B$3:$B$5001,$A$5,Base!$J$3:$J$5001,"<>")=0,"",SUMIFS(Base!$J$3:$J$5001,Base!$A$3:$A$5001,I$3,Base!$B$3:$B$5001,$A$5))) | J12: =IF(J$3="","",IF(COUNTIFS(Base!$A$3:$A$5001,J$3,Base!$B$3:$B$5001,$A$5,Base!$J$3:$J$5001,"<>")=0,"",SUMIFS(Base!$J$3:$J$5001,Base!$A$3:$A$5001,J$3,Base!$B$3:$B$5001,$A$5))) | K12: =IF(K$3="","",IF(COUNTIFS(Base!$A$3:$A$5001,K$3,Base!$B$3:$B$5001,$A$5,Base!$J$3:$J$5001,"<>")=0,"",SUMIFS(Base!$J$3:$J$5001,Base!$A$3:$A$5001,K$3,Base!$B$3:$B$5001,$A$5))) | L12: =IF(L$3="","",IF(COUNTIFS(Base!$A$3:$A$5001,L$3,Base!$B$3:$B$5001,$A$5,Base!$J$3:$J$5001,"<>")=0,"",SUMIFS(Base!$J$3:$J$5001,Base!$A$3:$A$5001,L$3,Base!$B$3:$B$5001,$A$5))) | M12: =IF(M$3="","",IF(COUNTIFS(Base!$A$3:$A$5001,M$3,Base!$B$3:$B$5001,$A$5,Base!$J$3:$J$5001,"<>")=0,"",SUMIFS(Base!$J$3:$J$5001,Base!$A$3:$A$5001,M$3,Base!$B$3:$B$5001,$A$5))) | ... AJ12: =IF(AJ$3="","",IF(COUNTIFS(Base!$A$3:$A$5001,AJ$3,Base!$B$3:$B$5001,$A$5,Base!$J$3:$J$5001,"<>")=0,"",SUMIFS(Base!$J$3:$J$5001,Base!$A$3:$A$5001,AJ$3,Base!$B$3:$B$5001,$A$5))) | AK12: =IF(COUNT(F12:AJ12)=0,"",SUM(F12:AJ12))
C13: Backlog | F13: =IF(F$3="","",IF(COUNTIFS(Base!$A$3:$A$5001,F$3,Base!$B$3:$B$5001,$A$5,Base!$K$3:$K$5001,"<>")=0,"",SUMIFS(Base!$K$3:$K$5001,Base!$A$3:$A$5001,F$3,Base!$B$3:$B$5001,$A$5))) | G13: =IF(G$3="","",IF(COUNTIFS(Base!$A$3:$A$5001,G$3,Base!$B$3:$B$5001,$A$5,Base!$K$3:$K$5001,"<>")=0,"",SUMIFS(Base!$K$3:$K$5001,Base!$A$3:$A$5001,G$3,Base!$B$3:$B$5001,$A$5))) | H13: =IF(H$3="","",IF(COUNTIFS(Base!$A$3:$A$5001,H$3,Base!$B$3:$B$5001,$A$5,Base!$K$3:$K$5001,"<>")=0,"",SUMIFS(Base!$K$3:$K$5001,Base!$A$3:$A$5001,H$3,Base!$B$3:$B$5001,$A$5))) | I13: =IF(I$3="","",IF(COUNTIFS(Base!$A$3:$A$5001,I$3,Base!$B$3:$B$5001,$A$5,Base!$K$3:$K$5001,"<>")=0,"",SUMIFS(Base!$K$3:$K$5001,Base!$A$3:$A$5001,I$3,Base!$B$3:$B$5001,$A$5))) | J13: =IF(J$3="","",IF(COUNTIFS(Base!$A$3:$A$5001,J$3,Base!$B$3:$B$5001,$A$5,Base!$K$3:$K$5001,"<>")=0,"",SUMIFS(Base!$K$3:$K$5001,Base!$A$3:$A$5001,J$3,Base!$B$3:$B$5001,$A$5))) | K13: =IF(K$3="","",IF(COUNTIFS(Base!$A$3:$A$5001,K$3,Base!$B$3:$B$5001,$A$5,Base!$K$3:$K$5001,"<>")=0,"",SUMIFS(Base!$K$3:$K$5001,Base!$A$3:$A$5001,K$3,Base!$B$3:$B$5001,$A$5))) | L13: =IF(L$3="","",IF(COUNTIFS(Base!$A$3:$A$5001,L$3,Base!$B$3:$B$5001,$A$5,Base!$K$3:$K$5001,"<>")=0,"",SUMIFS(Base!$K$3:$K$5001,Base!$A$3:$A$5001,L$3,Base!$B$3:$B$5001,$A$5))) | M13: =IF(M$3="","",IF(COUNTIFS(Base!$A$3:$A$5001,M$3,Base!$B$3:$B$5001,$A$5,Base!$K$3:$K$5001,"<>")=0,"",SUMIFS(Base!$K$3:$K$5001,Base!$A$3:$A$5001,M$3,Base!$B$3:$B$5001,$A$5))) | ... AJ13: =IF(AJ$3="","",IF(COUNTIFS(Base!$A$3:$A$5001,AJ$3,Base!$B$3:$B$5001,$A$5,Base!$K$3:$K$5001,"<>")=0,"",SUMIFS(Base!$K$3:$K$5001,Base!$A$3:$A$5001,AJ$3,Base!$B$3:$B$5001,$A$5))) | AK13: =IFERROR(LOOKUP(9.99E+307,F13:AJ13),"")
B14: OCUPAÇÃO (P.P) | C14: Posições Disponíveis | F14: =IF(F$3="","",IF(COUNTIFS(Base!$A$3:$A$5001,F$3,Base!$B$3:$B$5001,$A$5,Base!$L$3:$L$5001,"<>")=0,"",SUMIFS(Base!$L$3:$L$5001,Base!$A$3:$A$5001,F$3,Base!$B$3:$B$5001,$A$5))) -> 1950 | G14: =IF(G$3="","",IF(COUNTIFS(Base!$A$3:$A$5001,G$3,Base!$B$3:$B$5001,$A$5,Base!$L$3:$L$5001,"<>")=0,"",SUMIFS(Base!$L$3:$L$5001,Base!$A$3:$A$5001,G$3,Base!$B$3:$B$5001,$A$5))) -> 1950 | H14: =IF(H$3="","",IF(COUNTIFS(Base!$A$3:$A$5001,H$3,Base!$B$3:$B$5001,$A$5,Base!$L$3:$L$5001,"<>")=0,"",SUMIFS(Base!$L$3:$L$5001,Base!$A$3:$A$5001,H$3,Base!$B$3:$B$5001,$A$5))) -> 1950 | I14: =IF(I$3="","",IF(COUNTIFS(Base!$A$3:$A$5001,I$3,Base!$B$3:$B$5001,$A$5,Base!$L$3:$L$5001,"<>")=0,"",SUMIFS(Base!$L$3:$L$5001,Base!$A$3:$A$5001,I$3,Base!$B$3:$B$5001,$A$5))) -> 1950 | J14: =IF(J$3="","",IF(COUNTIFS(Base!$A$3:$A$5001,J$3,Base!$B$3:$B$5001,$A$5,Base!$L$3:$L$5001,"<>")=0,"",SUMIFS(Base!$L$3:$L$5001,Base!$A$3:$A$5001,J$3,Base!$B$3:$B$5001,$A$5))) -> 1950 | K14: =IF(K$3="","",IF(COUNTIFS(Base!$A$3:$A$5001,K$3,Base!$B$3:$B$5001,$A$5,Base!$L$3:$L$5001,"<>")=0,"",SUMIFS(Base!$L$3:$L$5001,Base!$A$3:$A$5001,K$3,Base!$B$3:$B$5001,$A$5))) | L14: =IF(L$3="","",IF(COUNTIFS(Base!$A$3:$A$5001,L$3,Base!$B$3:$B$5001,$A$5,Base!$L$3:$L$5001,"<>")=0,"",SUMIFS(Base!$L$3:$L$5001,Base!$A$3:$A$5001,L$3,Base!$B$3:$B$5001,$A$5))) -> 1950 | M14: =IF(M$3="","",IF(COUNTIFS(Base!$A$3:$A$5001,M$3,Base!$B$3:$B$5001,$A$5,Base!$L$3:$L$5001,"<>")=0,"",SUMIFS(Base!$L$3:$L$5001,Base!$A$3:$A$5001,M$3,Base!$B$3:$B$5001,$A$5))) -> 1950 | ... AJ14: =IF(AJ$3="","",IF(COUNTIFS(Base!$A$3:$A$5001,AJ$3,Base!$B$3:$B$5001,$A$5,Base!$L$3:$L$5001,"<>")=0,"",SUMIFS(Base!$L$3:$L$5001,Base!$A$3:$A$5001,AJ$3,Base!$B$3:$B$5001,$A$5))) | AK14: =IFERROR(LOOKUP(9.99E+307,F14:AJ14),"") -> 1950
C15: Posições Ocupadas | F15: =IF(F$3="","",IF(COUNTIFS(Base!$A$3:$A$5001,F$3,Base!$B$3:$B$5001,$A$5,Base!$M$3:$M$5001,"<>")=0,"",SUMIFS(Base!$M$3:$M$5001,Base!$A$3:$A$5001,F$3,Base!$B$3:$B$5001,$A$5))) -> 1449 | G15: =IF(G$3="","",IF(COUNTIFS(Base!$A$3:$A$5001,G$3,Base!$B$3:$B$5001,$A$5,Base!$M$3:$M$5001,"<>")=0,"",SUMIFS(Base!$M$3:$M$5001,Base!$A$3:$A$5001,G$3,Base!$B$3:$B$5001,$A$5))) -> 1000 | H15: =IF(H$3="","",IF(COUNTIFS(Base!$A$3:$A$5001,H$3,Base!$B$3:$B$5001,$A$5,Base!$M$3:$M$5001,"<>")=0,"",SUMIFS(Base!$M$3:$M$5001,Base!$A$3:$A$5001,H$3,Base!$B$3:$B$5001,$A$5))) -> 1861 | I15: =IF(I$3="","",IF(COUNTIFS(Base!$A$3:$A$5001,I$3,Base!$B$3:$B$5001,$A$5,Base!$M$3:$M$5001,"<>")=0,"",SUMIFS(Base!$M$3:$M$5001,Base!$A$3:$A$5001,I$3,Base!$B$3:$B$5001,$A$5))) -> 1256 | J15: =IF(J$3="","",IF(COUNTIFS(Base!$A$3:$A$5001,J$3,Base!$B$3:$B$5001,$A$5,Base!$M$3:$M$5001,"<>")=0,"",SUMIFS(Base!$M$3:$M$5001,Base!$A$3:$A$5001,J$3,Base!$B$3:$B$5001,$A$5))) -> 1309 | K15: =IF(K$3="","",IF(COUNTIFS(Base!$A$3:$A$5001,K$3,Base!$B$3:$B$5001,$A$5,Base!$M$3:$M$5001,"<>")=0,"",SUMIFS(Base!$M$3:$M$5001,Base!$A$3:$A$5001,K$3,Base!$B$3:$B$5001,$A$5))) | L15: =IF(L$3="","",IF(COUNTIFS(Base!$A$3:$A$5001,L$3,Base!$B$3:$B$5001,$A$5,Base!$M$3:$M$5001,"<>")=0,"",SUMIFS(Base!$M$3:$M$5001,Base!$A$3:$A$5001,L$3,Base!$B$3:$B$5001,$A$5))) -> 1068 | M15: =IF(M$3="","",IF(COUNTIFS(Base!$A$3:$A$5001,M$3,Base!$B$3:$B$5001,$A$5,Base!$M$3:$M$5001,"<>")=0,"",SUMIFS(Base!$M$3:$M$5001,Base!$A$3:$A$5001,M$3,Base!$B$3:$B$5001,$A$5))) -> 1571 | ... AJ15: =IF(AJ$3="","",IF(COUNTIFS(Base!$A$3:$A$5001,AJ$3,Base!$B$3:$B$5001,$A$5,Base!$M$3:$M$5001,"<>")=0,"",SUMIFS(Base!$M$3:$M$5001,Base!$A$3:$A$5001,AJ$3,Base!$B$3:$B$5001,$A$5))) | AK15: =IFERROR(LOOKUP(9.99E+307,F15:AJ15),"") -> 1872
C16: Taxa de Ocupação | D16: 0.85 | F16: =IF(AND(ISNUMBER(F14),ISNUMBER(F15)),IF(F14>0,F15/F14,""),"") -> 0.74307692 | G16: =IF(AND(ISNUMBER(G14),ISNUMBER(G15)),IF(G14>0,G15/G14,""),"") -> 0.51282051 | H16: =IF(AND(ISNUMBER(H14),ISNUMBER(H15)),IF(H14>0,H15/H14,""),"") -> 0.95435897 | I16: =IF(AND(ISNUMBER(I14),ISNUMBER(I15)),IF(I14>0,I15/I14,""),"") -> 0.64410256 | J16: =IF(AND(ISNUMBER(J14),ISNUMBER(J15)),IF(J14>0,J15/J14,""),"") -> 0.67128205 | K16: =IF(AND(ISNUMBER(K14),ISNUMBER(K15)),IF(K14>0,K15/K14,""),"") | L16: =IF(AND(ISNUMBER(L14),ISNUMBER(L15)),IF(L14>0,L15/L14,""),"") -> 0.54769231 | M16: =IF(AND(ISNUMBER(M14),ISNUMBER(M15)),IF(M14>0,M15/M14,""),"") -> 0.80564103 | ... AK16: =IF(AND(ISNUMBER(AK14),ISNUMBER(AK15)),IF(AK14>0,AK15/AK14,""),"") -> 0.96
B17: GENTE | C17: Efetivo Op. | F17: =IF(F$3="","",IF(COUNTIFS(Base!$A$3:$A$5001,F$3,Base!$B$3:$B$5001,$A$5,Base!$N$3:$N$5001,"<>")=0,"",SUMIFS(Base!$N$3:$N$5001,Base!$A$3:$A$5001,F$3,Base!$B$3:$B$5001,$A$5))) -> 9 | G17: =IF(G$3="","",IF(COUNTIFS(Base!$A$3:$A$5001,G$3,Base!$B$3:$B$5001,$A$5,Base!$N$3:$N$5001,"<>")=0,"",SUMIFS(Base!$N$3:$N$5001,Base!$A$3:$A$5001,G$3,Base!$B$3:$B$5001,$A$5))) -> 9 | H17: =IF(H$3="","",IF(COUNTIFS(Base!$A$3:$A$5001,H$3,Base!$B$3:$B$5001,$A$5,Base!$N$3:$N$5001,"<>")=0,"",SUMIFS(Base!$N$3:$N$5001,Base!$A$3:$A$5001,H$3,Base!$B$3:$B$5001,$A$5))) -> 9 | I17: =IF(I$3="","",IF(COUNTIFS(Base!$A$3:$A$5001,I$3,Base!$B$3:$B$5001,$A$5,Base!$N$3:$N$5001,"<>")=0,"",SUMIFS(Base!$N$3:$N$5001,Base!$A$3:$A$5001,I$3,Base!$B$3:$B$5001,$A$5))) -> 8 | J17: =IF(J$3="","",IF(COUNTIFS(Base!$A$3:$A$5001,J$3,Base!$B$3:$B$5001,$A$5,Base!$N$3:$N$5001,"<>")=0,"",SUMIFS(Base!$N$3:$N$5001,Base!$A$3:$A$5001,J$3,Base!$B$3:$B$5001,$A$5))) -> 5 | K17: =IF(K$3="","",IF(COUNTIFS(Base!$A$3:$A$5001,K$3,Base!$B$3:$B$5001,$A$5,Base!$N$3:$N$5001,"<>")=0,"",SUMIFS(Base!$N$3:$N$5001,Base!$A$3:$A$5001,K$3,Base!$B$3:$B$5001,$A$5))) | L17: =IF(L$3="","",IF(COUNTIFS(Base!$A$3:$A$5001,L$3,Base!$B$3:$B$5001,$A$5,Base!$N$3:$N$5001,"<>")=0,"",SUMIFS(Base!$N$3:$N$5001,Base!$A$3:$A$5001,L$3,Base!$B$3:$B$5001,$A$5))) -> 7 | M17: =IF(M$3="","",IF(COUNTIFS(Base!$A$3:$A$5001,M$3,Base!$B$3:$B$5001,$A$5,Base!$N$3:$N$5001,"<>")=0,"",SUMIFS(Base!$N$3:$N$5001,Base!$A$3:$A$5001,M$3,Base!$B$3:$B$5001,$A$5))) -> 8 | ... AJ17: =IF(AJ$3="","",IF(COUNTIFS(Base!$A$3:$A$5001,AJ$3,Base!$B$3:$B$5001,$A$5,Base!$N$3:$N$5001,"<>")=0,"",SUMIFS(Base!$N$3:$N$5001,Base!$A$3:$A$5001,AJ$3,Base!$B$3:$B$5001,$A$5))) | AK17: =IFERROR(LOOKUP(9.99E+307,F17:AJ17),"") -> 5
C18: Falta | F18: =IF(F$3="","",IF(COUNTIFS(Base!$A$3:$A$5001,F$3,Base!$B$3:$B$5001,$A$5,Base!$O$3:$O$5001,"<>")=0,"",SUMIFS(Base!$O$3:$O$5001,Base!$A$3:$A$5001,F$3,Base!$B$3:$B$5001,$A$5))) | G18: =IF(G$3="","",IF(COUNTIFS(Base!$A$3:$A$5001,G$3,Base!$B$3:$B$5001,$A$5,Base!$O$3:$O$5001,"<>")=0,"",SUMIFS(Base!$O$3:$O$5001,Base!$A$3:$A$5001,G$3,Base!$B$3:$B$5001,$A$5))) | H18: =IF(H$3="","",IF(COUNTIFS(Base!$A$3:$A$5001,H$3,Base!$B$3:$B$5001,$A$5,Base!$O$3:$O$5001,"<>")=0,"",SUMIFS(Base!$O$3:$O$5001,Base!$A$3:$A$5001,H$3,Base!$B$3:$B$5001,$A$5))) | I18: =IF(I$3="","",IF(COUNTIFS(Base!$A$3:$A$5001,I$3,Base!$B$3:$B$5001,$A$5,Base!$O$3:$O$5001,"<>")=0,"",SUMIFS(Base!$O$3:$O$5001,Base!$A$3:$A$5001,I$3,Base!$B$3:$B$5001,$A$5))) | J18: =IF(J$3="","",IF(COUNTIFS(Base!$A$3:$A$5001,J$3,Base!$B$3:$B$5001,$A$5,Base!$O$3:$O$5001,"<>")=0,"",SUMIFS(Base!$O$3:$O$5001,Base!$A$3:$A$5001,J$3,Base!$B$3:$B$5001,$A$5))) | K18: =IF(K$3="","",IF(COUNTIFS(Base!$A$3:$A$5001,K$3,Base!$B$3:$B$5001,$A$5,Base!$O$3:$O$5001,"<>")=0,"",SUMIFS(Base!$O$3:$O$5001,Base!$A$3:$A$5001,K$3,Base!$B$3:$B$5001,$A$5))) | L18: =IF(L$3="","",IF(COUNTIFS(Base!$A$3:$A$5001,L$3,Base!$B$3:$B$5001,$A$5,Base!$O$3:$O$5001,"<>")=0,"",SUMIFS(Base!$O$3:$O$5001,Base!$A$3:$A$5001,L$3,Base!$B$3:$B$5001,$A$5))) | M18: =IF(M$3="","",IF(COUNTIFS(Base!$A$3:$A$5001,M$3,Base!$B$3:$B$5001,$A$5,Base!$O$3:$O$5001,"<>")=0,"",SUMIFS(Base!$O$3:$O$5001,Base!$A$3:$A$5001,M$3,Base!$B$3:$B$5001,$A$5))) | ... AJ18: =IF(AJ$3="","",IF(COUNTIFS(Base!$A$3:$A$5001,AJ$3,Base!$B$3:$B$5001,$A$5,Base!$O$3:$O$5001,"<>")=0,"",SUMIFS(Base!$O$3:$O$5001,Base!$A$3:$A$5001,AJ$3,Base!$B$3:$B$5001,$A$5))) | AK18: =IF(COUNT(F18:AJ18)=0,"",SUM(F18:AJ18))
C19: Folga | F19: =IF(F$3="","",IF(COUNTIFS(Base!$A$3:$A$5001,F$3,Base!$B$3:$B$5001,$A$5,Base!$P$3:$P$5001,"<>")=0,"",SUMIFS(Base!$P$3:$P$5001,Base!$A$3:$A$5001,F$3,Base!$B$3:$B$5001,$A$5))) | G19: =IF(G$3="","",IF(COUNTIFS(Base!$A$3:$A$5001,G$3,Base!$B$3:$B$5001,$A$5,Base!$P$3:$P$5001,"<>")=0,"",SUMIFS(Base!$P$3:$P$5001,Base!$A$3:$A$5001,G$3,Base!$B$3:$B$5001,$A$5))) | H19: =IF(H$3="","",IF(COUNTIFS(Base!$A$3:$A$5001,H$3,Base!$B$3:$B$5001,$A$5,Base!$P$3:$P$5001,"<>")=0,"",SUMIFS(Base!$P$3:$P$5001,Base!$A$3:$A$5001,H$3,Base!$B$3:$B$5001,$A$5))) | I19: =IF(I$3="","",IF(COUNTIFS(Base!$A$3:$A$5001,I$3,Base!$B$3:$B$5001,$A$5,Base!$P$3:$P$5001,"<>")=0,"",SUMIFS(Base!$P$3:$P$5001,Base!$A$3:$A$5001,I$3,Base!$B$3:$B$5001,$A$5))) | J19: =IF(J$3="","",IF(COUNTIFS(Base!$A$3:$A$5001,J$3,Base!$B$3:$B$5001,$A$5,Base!$P$3:$P$5001,"<>")=0,"",SUMIFS(Base!$P$3:$P$5001,Base!$A$3:$A$5001,J$3,Base!$B$3:$B$5001,$A$5))) | K19: =IF(K$3="","",IF(COUNTIFS(Base!$A$3:$A$5001,K$3,Base!$B$3:$B$5001,$A$5,Base!$P$3:$P$5001,"<>")=0,"",SUMIFS(Base!$P$3:$P$5001,Base!$A$3:$A$5001,K$3,Base!$B$3:$B$5001,$A$5))) | L19: =IF(L$3="","",IF(COUNTIFS(Base!$A$3:$A$5001,L$3,Base!$B$3:$B$5001,$A$5,Base!$P$3:$P$5001,"<>")=0,"",SUMIFS(Base!$P$3:$P$5001,Base!$A$3:$A$5001,L$3,Base!$B$3:$B$5001,$A$5))) | M19: =IF(M$3="","",IF(COUNTIFS(Base!$A$3:$A$5001,M$3,Base!$B$3:$B$5001,$A$5,Base!$P$3:$P$5001,"<>")=0,"",SUMIFS(Base!$P$3:$P$5001,Base!$A$3:$A$5001,M$3,Base!$B$3:$B$5001,$A$5))) | ... AJ19: =IF(AJ$3="","",IF(COUNTIFS(Base!$A$3:$A$5001,AJ$3,Base!$B$3:$B$5001,$A$5,Base!$P$3:$P$5001,"<>")=0,"",SUMIFS(Base!$P$3:$P$5001,Base!$A$3:$A$5001,AJ$3,Base!$B$3:$B$5001,$A$5))) | AK19: =IF(COUNT(F19:AJ19)=0,"",SUM(F19:AJ19))
C20: Férias | F20: =IF(F$3="","",IF(COUNTIFS(Base!$A$3:$A$5001,F$3,Base!$B$3:$B$5001,$A$5,Base!$Q$3:$Q$5001,"<>")=0,"",SUMIFS(Base!$Q$3:$Q$5001,Base!$A$3:$A$5001,F$3,Base!$B$3:$B$5001,$A$5))) | G20: =IF(G$3="","",IF(COUNTIFS(Base!$A$3:$A$5001,G$3,Base!$B$3:$B$5001,$A$5,Base!$Q$3:$Q$5001,"<>")=0,"",SUMIFS(Base!$Q$3:$Q$5001,Base!$A$3:$A$5001,G$3,Base!$B$3:$B$5001,$A$5))) | H20: =IF(H$3="","",IF(COUNTIFS(Base!$A$3:$A$5001,H$3,Base!$B$3:$B$5001,$A$5,Base!$Q$3:$Q$5001,"<>")=0,"",SUMIFS(Base!$Q$3:$Q$5001,Base!$A$3:$A$5001,H$3,Base!$B$3:$B$5001,$A$5))) | I20: =IF(I$3="","",IF(COUNTIFS(Base!$A$3:$A$5001,I$3,Base!$B$3:$B$5001,$A$5,Base!$Q$3:$Q$5001,"<>")=0,"",SUMIFS(Base!$Q$3:$Q$5001,Base!$A$3:$A$5001,I$3,Base!$B$3:$B$5001,$A$5))) | J20: =IF(J$3="","",IF(COUNTIFS(Base!$A$3:$A$5001,J$3,Base!$B$3:$B$5001,$A$5,Base!$Q$3:$Q$5001,"<>")=0,"",SUMIFS(Base!$Q$3:$Q$5001,Base!$A$3:$A$5001,J$3,Base!$B$3:$B$5001,$A$5))) | K20: =IF(K$3="","",IF(COUNTIFS(Base!$A$3:$A$5001,K$3,Base!$B$3:$B$5001,$A$5,Base!$Q$3:$Q$5001,"<>")=0,"",SUMIFS(Base!$Q$3:$Q$5001,Base!$A$3:$A$5001,K$3,Base!$B$3:$B$5001,$A$5))) | L20: =IF(L$3="","",IF(COUNTIFS(Base!$A$3:$A$5001,L$3,Base!$B$3:$B$5001,$A$5,Base!$Q$3:$Q$5001,"<>")=0,"",SUMIFS(Base!$Q$3:$Q$5001,Base!$A$3:$A$5001,L$3,Base!$B$3:$B$5001,$A$5))) | M20: =IF(M$3="","",IF(COUNTIFS(Base!$A$3:$A$5001,M$3,Base!$B$3:$B$5001,$A$5,Base!$Q$3:$Q$5001,"<>")=0,"",SUMIFS(Base!$Q$3:$Q$5001,Base!$A$3:$A$5001,M$3,Base!$B$3:$B$5001,$A$5))) | ... AJ20: =IF(AJ$3="","",IF(COUNTIFS(Base!$A$3:$A$5001,AJ$3,Base!$B$3:$B$5001,$A$5,Base!$Q$3:$Q$5001,"<>")=0,"",SUMIFS(Base!$Q$3:$Q$5001,Base!$A$3:$A$5001,AJ$3,Base!$B$3:$B$5001,$A$5))) | AK20: =IF(COUNT(F20:AJ20)=0,"",SUM(F20:AJ20))
C21: Desligamento | F21: =IF(F$3="","",IF(COUNTIFS(Base!$A$3:$A$5001,F$3,Base!$B$3:$B$5001,$A$5,Base!$R$3:$R$5001,"<>")=0,"",SUMIFS(Base!$R$3:$R$5001,Base!$A$3:$A$5001,F$3,Base!$B$3:$B$5001,$A$5))) | G21: =IF(G$3="","",IF(COUNTIFS(Base!$A$3:$A$5001,G$3,Base!$B$3:$B$5001,$A$5,Base!$R$3:$R$5001,"<>")=0,"",SUMIFS(Base!$R$3:$R$5001,Base!$A$3:$A$5001,G$3,Base!$B$3:$B$5001,$A$5))) | H21: =IF(H$3="","",IF(COUNTIFS(Base!$A$3:$A$5001,H$3,Base!$B$3:$B$5001,$A$5,Base!$R$3:$R$5001,"<>")=0,"",SUMIFS(Base!$R$3:$R$5001,Base!$A$3:$A$5001,H$3,Base!$B$3:$B$5001,$A$5))) | I21: =IF(I$3="","",IF(COUNTIFS(Base!$A$3:$A$5001,I$3,Base!$B$3:$B$5001,$A$5,Base!$R$3:$R$5001,"<>")=0,"",SUMIFS(Base!$R$3:$R$5001,Base!$A$3:$A$5001,I$3,Base!$B$3:$B$5001,$A$5))) | J21: =IF(J$3="","",IF(COUNTIFS(Base!$A$3:$A$5001,J$3,Base!$B$3:$B$5001,$A$5,Base!$R$3:$R$5001,"<>")=0,"",SUMIFS(Base!$R$3:$R$5001,Base!$A$3:$A$5001,J$3,Base!$B$3:$B$5001,$A$5))) | K21: =IF(K$3="","",IF(COUNTIFS(Base!$A$3:$A$5001,K$3,Base!$B$3:$B$5001,$A$5,Base!$R$3:$R$5001,"<>")=0,"",SUMIFS(Base!$R$3:$R$5001,Base!$A$3:$A$5001,K$3,Base!$B$3:$B$5001,$A$5))) | L21: =IF(L$3="","",IF(COUNTIFS(Base!$A$3:$A$5001,L$3,Base!$B$3:$B$5001,$A$5,Base!$R$3:$R$5001,"<>")=0,"",SUMIFS(Base!$R$3:$R$5001,Base!$A$3:$A$5001,L$3,Base!$B$3:$B$5001,$A$5))) | M21: =IF(M$3="","",IF(COUNTIFS(Base!$A$3:$A$5001,M$3,Base!$B$3:$B$5001,$A$5,Base!$R$3:$R$5001,"<>")=0,"",SUMIFS(Base!$R$3:$R$5001,Base!$A$3:$A$5001,M$3,Base!$B$3:$B$5001,$A$5))) | ... AJ21: =IF(AJ$3="","",IF(COUNTIFS(Base!$A$3:$A$5001,AJ$3,Base!$B$3:$B$5001,$A$5,Base!$R$3:$R$5001,"<>")=0,"",SUMIFS(Base!$R$3:$R$5001,Base!$A$3:$A$5001,AJ$3,Base!$B$3:$B$5001,$A$5))) | AK21: =IF(COUNT(F21:AJ21)=0,"",SUM(F21:AJ21))
A23: Gm | B23: IN | C23: Veículos Recebidos | F23: =IF(F$3="","",IF(COUNTIFS(Base!$A$3:$A$5001,F$3,Base!$B$3:$B$5001,$A$23,Base!$C$3:$C$5001,"<>")=0,"",SUMIFS(Base!$C$3:$C$5001,Base!$A$3:$A$5001,F$3,Base!$B$3:$B$5001,$A$23))) -> 3 | G23: =IF(G$3="","",IF(COUNTIFS(Base!$A$3:$A$5001,G$3,Base!$B$3:$B$5001,$A$23,Base!$C$3:$C$5001,"<>")=0,"",SUMIFS(Base!$C$3:$C$5001,Base!$A$3:$A$5001,G$3,Base!$B$3:$B$5001,$A$23))) -> 0 | H23: =IF(H$3="","",IF(COUNTIFS(Base!$A$3:$A$5001,H$3,Base!$B$3:$B$5001,$A$23,Base!$C$3:$C$5001,"<>")=0,"",SUMIFS(Base!$C$3:$C$5001,Base!$A$3:$A$5001,H$3,Base!$B$3:$B$5001,$A$23))) -> 7 | I23: =IF(I$3="","",IF(COUNTIFS(Base!$A$3:$A$5001,I$3,Base!$B$3:$B$5001,$A$23,Base!$C$3:$C$5001,"<>")=0,"",SUMIFS(Base!$C$3:$C$5001,Base!$A$3:$A$5001,I$3,Base!$B$3:$B$5001,$A$23))) -> 7 | J23: =IF(J$3="","",IF(COUNTIFS(Base!$A$3:$A$5001,J$3,Base!$B$3:$B$5001,$A$23,Base!$C$3:$C$5001,"<>")=0,"",SUMIFS(Base!$C$3:$C$5001,Base!$A$3:$A$5001,J$3,Base!$B$3:$B$5001,$A$23))) | K23: =IF(K$3="","",IF(COUNTIFS(Base!$A$3:$A$5001,K$3,Base!$B$3:$B$5001,$A$23,Base!$C$3:$C$5001,"<>")=0,"",SUMIFS(Base!$C$3:$C$5001,Base!$A$3:$A$5001,K$3,Base!$B$3:$B$5001,$A$23))) | L23: =IF(L$3="","",IF(COUNTIFS(Base!$A$3:$A$5001,L$3,Base!$B$3:$B$5001,$A$23,Base!$C$3:$C$5001,"<>")=0,"",SUMIFS(Base!$C$3:$C$5001,Base!$A$3:$A$5001,L$3,Base!$B$3:$B$5001,$A$23))) -> 7 | M23: =IF(M$3="","",IF(COUNTIFS(Base!$A$3:$A$5001,M$3,Base!$B$3:$B$5001,$A$23,Base!$C$3:$C$5001,"<>")=0,"",SUMIFS(Base!$C$3:$C$5001,Base!$A$3:$A$5001,M$3,Base!$B$3:$B$5001,$A$23))) -> 7 | ... AJ23: =IF(AJ$3="","",IF(COUNTIFS(Base!$A$3:$A$5001,AJ$3,Base!$B$3:$B$5001,$A$23,Base!$C$3:$C$5001,"<>")=0,"",SUMIFS(Base!$C$3:$C$5001,Base!$A$3:$A$5001,AJ$3,Base!$B$3:$B$5001,$A$23))) | AK23: =IF(COUNT(F23:AJ23)=0,"",SUM(F23:AJ23)) -> 80
C24: Pallets Movimentados | F24: =IF(F$3="","",IF(COUNTIFS(Base!$A$3:$A$5001,F$3,Base!$B$3:$B$5001,$A$23,Base!$D$3:$D$5001,"<>")=0,"",SUMIFS(Base!$D$3:$D$5001,Base!$A$3:$A$5001,F$3,Base!$B$3:$B$5001,$A$23))) -> 63 | G24: =IF(G$3="","",IF(COUNTIFS(Base!$A$3:$A$5001,G$3,Base!$B$3:$B$5001,$A$23,Base!$D$3:$D$5001,"<>")=0,"",SUMIFS(Base!$D$3:$D$5001,Base!$A$3:$A$5001,G$3,Base!$B$3:$B$5001,$A$23))) -> 0 | H24: =IF(H$3="","",IF(COUNTIFS(Base!$A$3:$A$5001,H$3,Base!$B$3:$B$5001,$A$23,Base!$D$3:$D$5001,"<>")=0,"",SUMIFS(Base!$D$3:$D$5001,Base!$A$3:$A$5001,H$3,Base!$B$3:$B$5001,$A$23))) -> 168 | I24: =IF(I$3="","",IF(COUNTIFS(Base!$A$3:$A$5001,I$3,Base!$B$3:$B$5001,$A$23,Base!$D$3:$D$5001,"<>")=0,"",SUMIFS(Base!$D$3:$D$5001,Base!$A$3:$A$5001,I$3,Base!$B$3:$B$5001,$A$23))) -> 182 | J24: =IF(J$3="","",IF(COUNTIFS(Base!$A$3:$A$5001,J$3,Base!$B$3:$B$5001,$A$23,Base!$D$3:$D$5001,"<>")=0,"",SUMIFS(Base!$D$3:$D$5001,Base!$A$3:$A$5001,J$3,Base!$B$3:$B$5001,$A$23))) | K24: =IF(K$3="","",IF(COUNTIFS(Base!$A$3:$A$5001,K$3,Base!$B$3:$B$5001,$A$23,Base!$D$3:$D$5001,"<>")=0,"",SUMIFS(Base!$D$3:$D$5001,Base!$A$3:$A$5001,K$3,Base!$B$3:$B$5001,$A$23))) | L24: =IF(L$3="","",IF(COUNTIFS(Base!$A$3:$A$5001,L$3,Base!$B$3:$B$5001,$A$23,Base!$D$3:$D$5001,"<>")=0,"",SUMIFS(Base!$D$3:$D$5001,Base!$A$3:$A$5001,L$3,Base!$B$3:$B$5001,$A$23))) -> 147 | M24: =IF(M$3="","",IF(COUNTIFS(Base!$A$3:$A$5001,M$3,Base!$B$3:$B$5001,$A$23,Base!$D$3:$D$5001,"<>")=0,"",SUMIFS(Base!$D$3:$D$5001,Base!$A$3:$A$5001,M$3,Base!$B$3:$B$5001,$A$23))) -> 189 | ... AJ24: =IF(AJ$3="","",IF(COUNTIFS(Base!$A$3:$A$5001,AJ$3,Base!$B$3:$B$5001,$A$23,Base!$D$3:$D$5001,"<>")=0,"",SUMIFS(Base!$D$3:$D$5001,Base!$A$3:$A$5001,AJ$3,Base!$B$3:$B$5001,$A$23))) | AK24: =IF(COUNT(F24:AJ24)=0,"",SUM(F24:AJ24)) -> 1902
C25: Toneladas Movimentadas | F25: =IF(F$3="","",IF(COUNTIFS(Base!$A$3:$A$5001,F$3,Base!$B$3:$B$5001,$A$23,Base!$E$3:$E$5001,"<>")=0,"",SUMIFS(Base!$E$3:$E$5001,Base!$A$3:$A$5001,F$3,Base!$B$3:$B$5001,$A$23))) -> 67.11 | G25: =IF(G$3="","",IF(COUNTIFS(Base!$A$3:$A$5001,G$3,Base!$B$3:$B$5001,$A$23,Base!$E$3:$E$5001,"<>")=0,"",SUMIFS(Base!$E$3:$E$5001,Base!$A$3:$A$5001,G$3,Base!$B$3:$B$5001,$A$23))) -> 0 | H25: =IF(H$3="","",IF(COUNTIFS(Base!$A$3:$A$5001,H$3,Base!$B$3:$B$5001,$A$23,Base!$E$3:$E$5001,"<>")=0,"",SUMIFS(Base!$E$3:$E$5001,Base!$A$3:$A$5001,H$3,Base!$B$3:$B$5001,$A$23))) -> 135.35 | I25: =IF(I$3="","",IF(COUNTIFS(Base!$A$3:$A$5001,I$3,Base!$B$3:$B$5001,$A$23,Base!$E$3:$E$5001,"<>")=0,"",SUMIFS(Base!$E$3:$E$5001,Base!$A$3:$A$5001,I$3,Base!$B$3:$B$5001,$A$23))) -> 77.89 | J25: =IF(J$3="","",IF(COUNTIFS(Base!$A$3:$A$5001,J$3,Base!$B$3:$B$5001,$A$23,Base!$E$3:$E$5001,"<>")=0,"",SUMIFS(Base!$E$3:$E$5001,Base!$A$3:$A$5001,J$3,Base!$B$3:$B$5001,$A$23))) | K25: =IF(K$3="","",IF(COUNTIFS(Base!$A$3:$A$5001,K$3,Base!$B$3:$B$5001,$A$23,Base!$E$3:$E$5001,"<>")=0,"",SUMIFS(Base!$E$3:$E$5001,Base!$A$3:$A$5001,K$3,Base!$B$3:$B$5001,$A$23))) | L25: =IF(L$3="","",IF(COUNTIFS(Base!$A$3:$A$5001,L$3,Base!$B$3:$B$5001,$A$23,Base!$E$3:$E$5001,"<>")=0,"",SUMIFS(Base!$E$3:$E$5001,Base!$A$3:$A$5001,L$3,Base!$B$3:$B$5001,$A$23))) -> 128.45 | M25: =IF(M$3="","",IF(COUNTIFS(Base!$A$3:$A$5001,M$3,Base!$B$3:$B$5001,$A$23,Base!$E$3:$E$5001,"<>")=0,"",SUMIFS(Base!$E$3:$E$5001,Base!$A$3:$A$5001,M$3,Base!$B$3:$B$5001,$A$23))) -> 121.51 | ... AJ25: =IF(AJ$3="","",IF(COUNTIFS(Base!$A$3:$A$5001,AJ$3,Base!$B$3:$B$5001,$A$23,Base!$E$3:$E$5001,"<>")=0,"",SUMIFS(Base!$E$3:$E$5001,Base!$A$3:$A$5001,AJ$3,Base!$B$3:$B$5001,$A$23))) | AK25: =IF(COUNT(F25:AJ25)=0,"",SUM(F25:AJ25)) -> 1368.17
B26: OUT | C26: Veículos Expedidos | F26: =IF(F$3="","",IF(COUNTIFS(Base!$A$3:$A$5001,F$3,Base!$B$3:$B$5001,$A$23,Base!$F$3:$F$5001,"<>")=0,"",SUMIFS(Base!$F$3:$F$5001,Base!$A$3:$A$5001,F$3,Base!$B$3:$B$5001,$A$23))) -> 11 | G26: =IF(G$3="","",IF(COUNTIFS(Base!$A$3:$A$5001,G$3,Base!$B$3:$B$5001,$A$23,Base!$F$3:$F$5001,"<>")=0,"",SUMIFS(Base!$F$3:$F$5001,Base!$A$3:$A$5001,G$3,Base!$B$3:$B$5001,$A$23))) -> 2 | H26: =IF(H$3="","",IF(COUNTIFS(Base!$A$3:$A$5001,H$3,Base!$B$3:$B$5001,$A$23,Base!$F$3:$F$5001,"<>")=0,"",SUMIFS(Base!$F$3:$F$5001,Base!$A$3:$A$5001,H$3,Base!$B$3:$B$5001,$A$23))) -> 5 | I26: =IF(I$3="","",IF(COUNTIFS(Base!$A$3:$A$5001,I$3,Base!$B$3:$B$5001,$A$23,Base!$F$3:$F$5001,"<>")=0,"",SUMIFS(Base!$F$3:$F$5001,Base!$A$3:$A$5001,I$3,Base!$B$3:$B$5001,$A$23))) -> 6 | J26: =IF(J$3="","",IF(COUNTIFS(Base!$A$3:$A$5001,J$3,Base!$B$3:$B$5001,$A$23,Base!$F$3:$F$5001,"<>")=0,"",SUMIFS(Base!$F$3:$F$5001,Base!$A$3:$A$5001,J$3,Base!$B$3:$B$5001,$A$23))) | K26: =IF(K$3="","",IF(COUNTIFS(Base!$A$3:$A$5001,K$3,Base!$B$3:$B$5001,$A$23,Base!$F$3:$F$5001,"<>")=0,"",SUMIFS(Base!$F$3:$F$5001,Base!$A$3:$A$5001,K$3,Base!$B$3:$B$5001,$A$23))) | L26: =IF(L$3="","",IF(COUNTIFS(Base!$A$3:$A$5001,L$3,Base!$B$3:$B$5001,$A$23,Base!$F$3:$F$5001,"<>")=0,"",SUMIFS(Base!$F$3:$F$5001,Base!$A$3:$A$5001,L$3,Base!$B$3:$B$5001,$A$23))) -> 2 | M26: =IF(M$3="","",IF(COUNTIFS(Base!$A$3:$A$5001,M$3,Base!$B$3:$B$5001,$A$23,Base!$F$3:$F$5001,"<>")=0,"",SUMIFS(Base!$F$3:$F$5001,Base!$A$3:$A$5001,M$3,Base!$B$3:$B$5001,$A$23))) -> 11 | ... AJ26: =IF(AJ$3="","",IF(COUNTIFS(Base!$A$3:$A$5001,AJ$3,Base!$B$3:$B$5001,$A$23,Base!$F$3:$F$5001,"<>")=0,"",SUMIFS(Base!$F$3:$F$5001,Base!$A$3:$A$5001,AJ$3,Base!$B$3:$B$5001,$A$23))) | AK26: =IF(COUNT(F26:AJ26)=0,"",SUM(F26:AJ26)) -> 86
C27: Pallets Movimentados | F27: =IF(F$3="","",IF(COUNTIFS(Base!$A$3:$A$5001,F$3,Base!$B$3:$B$5001,$A$23,Base!$G$3:$G$5001,"<>")=0,"",SUMIFS(Base!$G$3:$G$5001,Base!$A$3:$A$5001,F$3,Base!$B$3:$B$5001,$A$23))) -> 198 | G27: =IF(G$3="","",IF(COUNTIFS(Base!$A$3:$A$5001,G$3,Base!$B$3:$B$5001,$A$23,Base!$G$3:$G$5001,"<>")=0,"",SUMIFS(Base!$G$3:$G$5001,Base!$A$3:$A$5001,G$3,Base!$B$3:$B$5001,$A$23))) -> 36 | H27: =IF(H$3="","",IF(COUNTIFS(Base!$A$3:$A$5001,H$3,Base!$B$3:$B$5001,$A$23,Base!$G$3:$G$5001,"<>")=0,"",SUMIFS(Base!$G$3:$G$5001,Base!$A$3:$A$5001,H$3,Base!$B$3:$B$5001,$A$23))) -> 90 | I27: =IF(I$3="","",IF(COUNTIFS(Base!$A$3:$A$5001,I$3,Base!$B$3:$B$5001,$A$23,Base!$G$3:$G$5001,"<>")=0,"",SUMIFS(Base!$G$3:$G$5001,Base!$A$3:$A$5001,I$3,Base!$B$3:$B$5001,$A$23))) -> 108 | J27: =IF(J$3="","",IF(COUNTIFS(Base!$A$3:$A$5001,J$3,Base!$B$3:$B$5001,$A$23,Base!$G$3:$G$5001,"<>")=0,"",SUMIFS(Base!$G$3:$G$5001,Base!$A$3:$A$5001,J$3,Base!$B$3:$B$5001,$A$23))) | K27: =IF(K$3="","",IF(COUNTIFS(Base!$A$3:$A$5001,K$3,Base!$B$3:$B$5001,$A$23,Base!$G$3:$G$5001,"<>")=0,"",SUMIFS(Base!$G$3:$G$5001,Base!$A$3:$A$5001,K$3,Base!$B$3:$B$5001,$A$23))) | L27: =IF(L$3="","",IF(COUNTIFS(Base!$A$3:$A$5001,L$3,Base!$B$3:$B$5001,$A$23,Base!$G$3:$G$5001,"<>")=0,"",SUMIFS(Base!$G$3:$G$5001,Base!$A$3:$A$5001,L$3,Base!$B$3:$B$5001,$A$23))) -> 36 | M27: =IF(M$3="","",IF(COUNTIFS(Base!$A$3:$A$5001,M$3,Base!$B$3:$B$5001,$A$23,Base!$G$3:$G$5001,"<>")=0,"",SUMIFS(Base!$G$3:$G$5001,Base!$A$3:$A$5001,M$3,Base!$B$3:$B$5001,$A$23))) -> 198 | ... AJ27: =IF(AJ$3="","",IF(COUNTIFS(Base!$A$3:$A$5001,AJ$3,Base!$B$3:$B$5001,$A$23,Base!$G$3:$G$5001,"<>")=0,"",SUMIFS(Base!$G$3:$G$5001,Base!$A$3:$A$5001,AJ$3,Base!$B$3:$B$5001,$A$23))) | AK27: =IF(COUNT(F27:AJ27)=0,"",SUM(F27:AJ27)) -> 1548
C28: Toneladas Movimentadas | F28: =IF(F$3="","",IF(COUNTIFS(Base!$A$3:$A$5001,F$3,Base!$B$3:$B$5001,$A$23,Base!$H$3:$H$5001,"<>")=0,"",SUMIFS(Base!$H$3:$H$5001,Base!$A$3:$A$5001,F$3,Base!$B$3:$B$5001,$A$23))) -> 88.52 | G28: =IF(G$3="","",IF(COUNTIFS(Base!$A$3:$A$5001,G$3,Base!$B$3:$B$5001,$A$23,Base!$H$3:$H$5001,"<>")=0,"",SUMIFS(Base!$H$3:$H$5001,Base!$A$3:$A$5001,G$3,Base!$B$3:$B$5001,$A$23))) -> 34.96 | H28: =IF(H$3="","",IF(COUNTIFS(Base!$A$3:$A$5001,H$3,Base!$B$3:$B$5001,$A$23,Base!$H$3:$H$5001,"<>")=0,"",SUMIFS(Base!$H$3:$H$5001,Base!$A$3:$A$5001,H$3,Base!$B$3:$B$5001,$A$23))) -> 42.85 | I28: =IF(I$3="","",IF(COUNTIFS(Base!$A$3:$A$5001,I$3,Base!$B$3:$B$5001,$A$23,Base!$H$3:$H$5001,"<>")=0,"",SUMIFS(Base!$H$3:$H$5001,Base!$A$3:$A$5001,I$3,Base!$B$3:$B$5001,$A$23))) -> 88.72 | J28: =IF(J$3="","",IF(COUNTIFS(Base!$A$3:$A$5001,J$3,Base!$B$3:$B$5001,$A$23,Base!$H$3:$H$5001,"<>")=0,"",SUMIFS(Base!$H$3:$H$5001,Base!$A$3:$A$5001,J$3,Base!$B$3:$B$5001,$A$23))) | K28: =IF(K$3="","",IF(COUNTIFS(Base!$A$3:$A$5001,K$3,Base!$B$3:$B$5001,$A$23,Base!$H$3:$H$5001,"<>")=0,"",SUMIFS(Base!$H$3:$H$5001,Base!$A$3:$A$5001,K$3,Base!$B$3:$B$5001,$A$23))) | L28: =IF(L$3="","",IF(COUNTIFS(Base!$A$3:$A$5001,L$3,Base!$B$3:$B$5001,$A$23,Base!$H$3:$H$5001,"<>")=0,"",SUMIFS(Base!$H$3:$H$5001,Base!$A$3:$A$5001,L$3,Base!$B$3:$B$5001,$A$23))) -> 34.84 | M28: =IF(M$3="","",IF(COUNTIFS(Base!$A$3:$A$5001,M$3,Base!$B$3:$B$5001,$A$23,Base!$H$3:$H$5001,"<>")=0,"",SUMIFS(Base!$H$3:$H$5001,Base!$A$3:$A$5001,M$3,Base!$B$3:$B$5001,$A$23))) -> 144.02 | ... AJ28: =IF(AJ$3="","",IF(COUNTIFS(Base!$A$3:$A$5001,AJ$3,Base!$B$3:$B$5001,$A$23,Base!$H$3:$H$5001,"<>")=0,"",SUMIFS(Base!$H$3:$H$5001,Base!$A$3:$A$5001,AJ$3,Base!$B$3:$B$5001,$A$23))) | AK28: =IF(COUNT(F28:AJ28)=0,"",SUM(F28:AJ28)) -> 1123.68
B29: NC | C29: Incidentes | F29: =IF(F$3="","",IF(COUNTIFS(Base!$A$3:$A$5001,F$3,Base!$B$3:$B$5001,$A$23,Base!$I$3:$I$5001,"<>")=0,"",SUMIFS(Base!$I$3:$I$5001,Base!$A$3:$A$5001,F$3,Base!$B$3:$B$5001,$A$23))) -> 0 | G29: =IF(G$3="","",IF(COUNTIFS(Base!$A$3:$A$5001,G$3,Base!$B$3:$B$5001,$A$23,Base!$I$3:$I$5001,"<>")=0,"",SUMIFS(Base!$I$3:$I$5001,Base!$A$3:$A$5001,G$3,Base!$B$3:$B$5001,$A$23))) -> 0 | H29: =IF(H$3="","",IF(COUNTIFS(Base!$A$3:$A$5001,H$3,Base!$B$3:$B$5001,$A$23,Base!$I$3:$I$5001,"<>")=0,"",SUMIFS(Base!$I$3:$I$5001,Base!$A$3:$A$5001,H$3,Base!$B$3:$B$5001,$A$23))) -> 0 | I29: =IF(I$3="","",IF(COUNTIFS(Base!$A$3:$A$5001,I$3,Base!$B$3:$B$5001,$A$23,Base!$I$3:$I$5001,"<>")=0,"",SUMIFS(Base!$I$3:$I$5001,Base!$A$3:$A$5001,I$3,Base!$B$3:$B$5001,$A$23))) -> 0 | J29: =IF(J$3="","",IF(COUNTIFS(Base!$A$3:$A$5001,J$3,Base!$B$3:$B$5001,$A$23,Base!$I$3:$I$5001,"<>")=0,"",SUMIFS(Base!$I$3:$I$5001,Base!$A$3:$A$5001,J$3,Base!$B$3:$B$5001,$A$23))) | K29: =IF(K$3="","",IF(COUNTIFS(Base!$A$3:$A$5001,K$3,Base!$B$3:$B$5001,$A$23,Base!$I$3:$I$5001,"<>")=0,"",SUMIFS(Base!$I$3:$I$5001,Base!$A$3:$A$5001,K$3,Base!$B$3:$B$5001,$A$23))) | L29: =IF(L$3="","",IF(COUNTIFS(Base!$A$3:$A$5001,L$3,Base!$B$3:$B$5001,$A$23,Base!$I$3:$I$5001,"<>")=0,"",SUMIFS(Base!$I$3:$I$5001,Base!$A$3:$A$5001,L$3,Base!$B$3:$B$5001,$A$23))) -> 0 | M29: =IF(M$3="","",IF(COUNTIFS(Base!$A$3:$A$5001,M$3,Base!$B$3:$B$5001,$A$23,Base!$I$3:$I$5001,"<>")=0,"",SUMIFS(Base!$I$3:$I$5001,Base!$A$3:$A$5001,M$3,Base!$B$3:$B$5001,$A$23))) -> 0 | ... AJ29: =IF(AJ$3="","",IF(COUNTIFS(Base!$A$3:$A$5001,AJ$3,Base!$B$3:$B$5001,$A$23,Base!$I$3:$I$5001,"<>")=0,"",SUMIFS(Base!$I$3:$I$5001,Base!$A$3:$A$5001,AJ$3,Base!$B$3:$B$5001,$A$23))) | AK29: =IF(COUNT(F29:AJ29)=0,"",SUM(F29:AJ29)) -> 1
C30: No show | F30: =IF(F$3="","",IF(COUNTIFS(Base!$A$3:$A$5001,F$3,Base!$B$3:$B$5001,$A$23,Base!$J$3:$J$5001,"<>")=0,"",SUMIFS(Base!$J$3:$J$5001,Base!$A$3:$A$5001,F$3,Base!$B$3:$B$5001,$A$23))) | G30: =IF(G$3="","",IF(COUNTIFS(Base!$A$3:$A$5001,G$3,Base!$B$3:$B$5001,$A$23,Base!$J$3:$J$5001,"<>")=0,"",SUMIFS(Base!$J$3:$J$5001,Base!$A$3:$A$5001,G$3,Base!$B$3:$B$5001,$A$23))) | H30: =IF(H$3="","",IF(COUNTIFS(Base!$A$3:$A$5001,H$3,Base!$B$3:$B$5001,$A$23,Base!$J$3:$J$5001,"<>")=0,"",SUMIFS(Base!$J$3:$J$5001,Base!$A$3:$A$5001,H$3,Base!$B$3:$B$5001,$A$23))) | I30: =IF(I$3="","",IF(COUNTIFS(Base!$A$3:$A$5001,I$3,Base!$B$3:$B$5001,$A$23,Base!$J$3:$J$5001,"<>")=0,"",SUMIFS(Base!$J$3:$J$5001,Base!$A$3:$A$5001,I$3,Base!$B$3:$B$5001,$A$23))) | J30: =IF(J$3="","",IF(COUNTIFS(Base!$A$3:$A$5001,J$3,Base!$B$3:$B$5001,$A$23,Base!$J$3:$J$5001,"<>")=0,"",SUMIFS(Base!$J$3:$J$5001,Base!$A$3:$A$5001,J$3,Base!$B$3:$B$5001,$A$23))) | K30: =IF(K$3="","",IF(COUNTIFS(Base!$A$3:$A$5001,K$3,Base!$B$3:$B$5001,$A$23,Base!$J$3:$J$5001,"<>")=0,"",SUMIFS(Base!$J$3:$J$5001,Base!$A$3:$A$5001,K$3,Base!$B$3:$B$5001,$A$23))) | L30: =IF(L$3="","",IF(COUNTIFS(Base!$A$3:$A$5001,L$3,Base!$B$3:$B$5001,$A$23,Base!$J$3:$J$5001,"<>")=0,"",SUMIFS(Base!$J$3:$J$5001,Base!$A$3:$A$5001,L$3,Base!$B$3:$B$5001,$A$23))) | M30: =IF(M$3="","",IF(COUNTIFS(Base!$A$3:$A$5001,M$3,Base!$B$3:$B$5001,$A$23,Base!$J$3:$J$5001,"<>")=0,"",SUMIFS(Base!$J$3:$J$5001,Base!$A$3:$A$5001,M$3,Base!$B$3:$B$5001,$A$23))) | ... AJ30: =IF(AJ$3="","",IF(COUNTIFS(Base!$A$3:$A$5001,AJ$3,Base!$B$3:$B$5001,$A$23,Base!$J$3:$J$5001,"<>")=0,"",SUMIFS(Base!$J$3:$J$5001,Base!$A$3:$A$5001,AJ$3,Base!$B$3:$B$5001,$A$23))) | AK30: =IF(COUNT(F30:AJ30)=0,"",SUM(F30:AJ30))
C31: Backlog | F31: =IF(F$3="","",IF(COUNTIFS(Base!$A$3:$A$5001,F$3,Base!$B$3:$B$5001,$A$23,Base!$K$3:$K$5001,"<>")=0,"",SUMIFS(Base!$K$3:$K$5001,Base!$A$3:$A$5001,F$3,Base!$B$3:$B$5001,$A$23))) | G31: =IF(G$3="","",IF(COUNTIFS(Base!$A$3:$A$5001,G$3,Base!$B$3:$B$5001,$A$23,Base!$K$3:$K$5001,"<>")=0,"",SUMIFS(Base!$K$3:$K$5001,Base!$A$3:$A$5001,G$3,Base!$B$3:$B$5001,$A$23))) | H31: =IF(H$3="","",IF(COUNTIFS(Base!$A$3:$A$5001,H$3,Base!$B$3:$B$5001,$A$23,Base!$K$3:$K$5001,"<>")=0,"",SUMIFS(Base!$K$3:$K$5001,Base!$A$3:$A$5001,H$3,Base!$B$3:$B$5001,$A$23))) | I31: =IF(I$3="","",IF(COUNTIFS(Base!$A$3:$A$5001,I$3,Base!$B$3:$B$5001,$A$23,Base!$K$3:$K$5001,"<>")=0,"",SUMIFS(Base!$K$3:$K$5001,Base!$A$3:$A$5001,I$3,Base!$B$3:$B$5001,$A$23))) | J31: =IF(J$3="","",IF(COUNTIFS(Base!$A$3:$A$5001,J$3,Base!$B$3:$B$5001,$A$23,Base!$K$3:$K$5001,"<>")=0,"",SUMIFS(Base!$K$3:$K$5001,Base!$A$3:$A$5001,J$3,Base!$B$3:$B$5001,$A$23))) | K31: =IF(K$3="","",IF(COUNTIFS(Base!$A$3:$A$5001,K$3,Base!$B$3:$B$5001,$A$23,Base!$K$3:$K$5001,"<>")=0,"",SUMIFS(Base!$K$3:$K$5001,Base!$A$3:$A$5001,K$3,Base!$B$3:$B$5001,$A$23))) | L31: =IF(L$3="","",IF(COUNTIFS(Base!$A$3:$A$5001,L$3,Base!$B$3:$B$5001,$A$23,Base!$K$3:$K$5001,"<>")=0,"",SUMIFS(Base!$K$3:$K$5001,Base!$A$3:$A$5001,L$3,Base!$B$3:$B$5001,$A$23))) | M31: =IF(M$3="","",IF(COUNTIFS(Base!$A$3:$A$5001,M$3,Base!$B$3:$B$5001,$A$23,Base!$K$3:$K$5001,"<>")=0,"",SUMIFS(Base!$K$3:$K$5001,Base!$A$3:$A$5001,M$3,Base!$B$3:$B$5001,$A$23))) | ... AJ31: =IF(AJ$3="","",IF(COUNTIFS(Base!$A$3:$A$5001,AJ$3,Base!$B$3:$B$5001,$A$23,Base!$K$3:$K$5001,"<>")=0,"",SUMIFS(Base!$K$3:$K$5001,Base!$A$3:$A$5001,AJ$3,Base!$B$3:$B$5001,$A$23))) | AK31: =IFERROR(LOOKUP(9.99E+307,F31:AJ31),"")
B32: OCUPAÇÃO (P.P) | C32: Posições Disponíveis | F32: =IF(F$3="","",IF(COUNTIFS(Base!$A$3:$A$5001,F$3,Base!$B$3:$B$5001,$A$23,Base!$L$3:$L$5001,"<>")=0,"",SUMIFS(Base!$L$3:$L$5001,Base!$A$3:$A$5001,F$3,Base!$B$3:$B$5001,$A$23))) -> 800 | G32: =IF(G$3="","",IF(COUNTIFS(Base!$A$3:$A$5001,G$3,Base!$B$3:$B$5001,$A$23,Base!$L$3:$L$5001,"<>")=0,"",SUMIFS(Base!$L$3:$L$5001,Base!$A$3:$A$5001,G$3,Base!$B$3:$B$5001,$A$23))) -> 800 | H32: =IF(H$3="","",IF(COUNTIFS(Base!$A$3:$A$5001,H$3,Base!$B$3:$B$5001,$A$23,Base!$L$3:$L$5001,"<>")=0,"",SUMIFS(Base!$L$3:$L$5001,Base!$A$3:$A$5001,H$3,Base!$B$3:$B$5001,$A$23))) -> 800 | I32: =IF(I$3="","",IF(COUNTIFS(Base!$A$3:$A$5001,I$3,Base!$B$3:$B$5001,$A$23,Base!$L$3:$L$5001,"<>")=0,"",SUMIFS(Base!$L$3:$L$5001,Base!$A$3:$A$5001,I$3,Base!$B$3:$B$5001,$A$23))) -> 800 | J32: =IF(J$3="","",IF(COUNTIFS(Base!$A$3:$A$5001,J$3,Base!$B$3:$B$5001,$A$23,Base!$L$3:$L$5001,"<>")=0,"",SUMIFS(Base!$L$3:$L$5001,Base!$A$3:$A$5001,J$3,Base!$B$3:$B$5001,$A$23))) | K32: =IF(K$3="","",IF(COUNTIFS(Base!$A$3:$A$5001,K$3,Base!$B$3:$B$5001,$A$23,Base!$L$3:$L$5001,"<>")=0,"",SUMIFS(Base!$L$3:$L$5001,Base!$A$3:$A$5001,K$3,Base!$B$3:$B$5001,$A$23))) | L32: =IF(L$3="","",IF(COUNTIFS(Base!$A$3:$A$5001,L$3,Base!$B$3:$B$5001,$A$23,Base!$L$3:$L$5001,"<>")=0,"",SUMIFS(Base!$L$3:$L$5001,Base!$A$3:$A$5001,L$3,Base!$B$3:$B$5001,$A$23))) -> 800 | M32: =IF(M$3="","",IF(COUNTIFS(Base!$A$3:$A$5001,M$3,Base!$B$3:$B$5001,$A$23,Base!$L$3:$L$5001,"<>")=0,"",SUMIFS(Base!$L$3:$L$5001,Base!$A$3:$A$5001,M$3,Base!$B$3:$B$5001,$A$23))) -> 800 | ... AJ32: =IF(AJ$3="","",IF(COUNTIFS(Base!$A$3:$A$5001,AJ$3,Base!$B$3:$B$5001,$A$23,Base!$L$3:$L$5001,"<>")=0,"",SUMIFS(Base!$L$3:$L$5001,Base!$A$3:$A$5001,AJ$3,Base!$B$3:$B$5001,$A$23))) | AK32: =IFERROR(LOOKUP(9.99E+307,F32:AJ32),"") -> 800
C33: Posições Ocupadas | F33: =IF(F$3="","",IF(COUNTIFS(Base!$A$3:$A$5001,F$3,Base!$B$3:$B$5001,$A$23,Base!$M$3:$M$5001,"<>")=0,"",SUMIFS(Base!$M$3:$M$5001,Base!$A$3:$A$5001,F$3,Base!$B$3:$B$5001,$A$23))) -> 517 | G33: =IF(G$3="","",IF(COUNTIFS(Base!$A$3:$A$5001,G$3,Base!$B$3:$B$5001,$A$23,Base!$M$3:$M$5001,"<>")=0,"",SUMIFS(Base!$M$3:$M$5001,Base!$A$3:$A$5001,G$3,Base!$B$3:$B$5001,$A$23))) -> 633 | H33: =IF(H$3="","",IF(COUNTIFS(Base!$A$3:$A$5001,H$3,Base!$B$3:$B$5001,$A$23,Base!$M$3:$M$5001,"<>")=0,"",SUMIFS(Base!$M$3:$M$5001,Base!$A$3:$A$5001,H$3,Base!$B$3:$B$5001,$A$23))) -> 598 | I33: =IF(I$3="","",IF(COUNTIFS(Base!$A$3:$A$5001,I$3,Base!$B$3:$B$5001,$A$23,Base!$M$3:$M$5001,"<>")=0,"",SUMIFS(Base!$M$3:$M$5001,Base!$A$3:$A$5001,I$3,Base!$B$3:$B$5001,$A$23))) -> 617 | J33: =IF(J$3="","",IF(COUNTIFS(Base!$A$3:$A$5001,J$3,Base!$B$3:$B$5001,$A$23,Base!$M$3:$M$5001,"<>")=0,"",SUMIFS(Base!$M$3:$M$5001,Base!$A$3:$A$5001,J$3,Base!$B$3:$B$5001,$A$23))) | K33: =IF(K$3="","",IF(COUNTIFS(Base!$A$3:$A$5001,K$3,Base!$B$3:$B$5001,$A$23,Base!$M$3:$M$5001,"<>")=0,"",SUMIFS(Base!$M$3:$M$5001,Base!$A$3:$A$5001,K$3,Base!$B$3:$B$5001,$A$23))) | L33: =IF(L$3="","",IF(COUNTIFS(Base!$A$3:$A$5001,L$3,Base!$B$3:$B$5001,$A$23,Base!$M$3:$M$5001,"<>")=0,"",SUMIFS(Base!$M$3:$M$5001,Base!$A$3:$A$5001,L$3,Base!$B$3:$B$5001,$A$23))) -> 666 | M33: =IF(M$3="","",IF(COUNTIFS(Base!$A$3:$A$5001,M$3,Base!$B$3:$B$5001,$A$23,Base!$M$3:$M$5001,"<>")=0,"",SUMIFS(Base!$M$3:$M$5001,Base!$A$3:$A$5001,M$3,Base!$B$3:$B$5001,$A$23))) -> 503 | ... AJ33: =IF(AJ$3="","",IF(COUNTIFS(Base!$A$3:$A$5001,AJ$3,Base!$B$3:$B$5001,$A$23,Base!$M$3:$M$5001,"<>")=0,"",SUMIFS(Base!$M$3:$M$5001,Base!$A$3:$A$5001,AJ$3,Base!$B$3:$B$5001,$A$23))) | AK33: =IFERROR(LOOKUP(9.99E+307,F33:AJ33),"") -> 565
C34: Taxa de Ocupação | F34: =IF(AND(ISNUMBER(F32),ISNUMBER(F33)),IF(F32>0,F33/F32,""),"") -> 0.64625 | G34: =IF(AND(ISNUMBER(G32),ISNUMBER(G33)),IF(G32>0,G33/G32,""),"") -> 0.79125 | H34: =IF(AND(ISNUMBER(H32),ISNUMBER(H33)),IF(H32>0,H33/H32,""),"") -> 0.7475 | I34: =IF(AND(ISNUMBER(I32),ISNUMBER(I33)),IF(I32>0,I33/I32,""),"") -> 0.77125 | J34: =IF(AND(ISNUMBER(J32),ISNUMBER(J33)),IF(J32>0,J33/J32,""),"") | K34: =IF(AND(ISNUMBER(K32),ISNUMBER(K33)),IF(K32>0,K33/K32,""),"") | L34: =IF(AND(ISNUMBER(L32),ISNUMBER(L33)),IF(L32>0,L33/L32,""),"") -> 0.8325 | M34: =IF(AND(ISNUMBER(M32),ISNUMBER(M33)),IF(M32>0,M33/M32,""),"") -> 0.62875 | ... AK34: =IF(AND(ISNUMBER(AK32),ISNUMBER(AK33)),IF(AK32>0,AK33/AK32,""),"") -> 0.70625
B35: GENTE | C35: Efetivo Op. | F35: =IF(F$3="","",IF(COUNTIFS(Base!$A$3:$A$5001,F$3,Base!$B$3:$B$5001,$A$23,Base!$N$3:$N$5001,"<>")=0,"",SUMIFS(Base!$N$3:$N$5001,Base!$A$3:$A$5001,F$3,Base!$B$3:$B$5001,$A$23))) -> 9 | G35: =IF(G$3="","",IF(COUNTIFS(Base!$A$3:$A$5001,G$3,Base!$B$3:$B$5001,$A$23,Base!$N$3:$N$5001,"<>")=0,"",SUMIFS(Base!$N$3:$N$5001,Base!$A$3:$A$5001,G$3,Base!$B$3:$B$5001,$A$23))) -> 6 | H35: =IF(H$3="","",IF(COUNTIFS(Base!$A$3:$A$5001,H$3,Base!$B$3:$B$5001,$A$23,Base!$N$3:$N$5001,"<>")=0,"",SUMIFS(Base!$N$3:$N$5001,Base!$A$3:$A$5001,H$3,Base!$B$3:$B$5001,$A$23))) -> 7 | I35: =IF(I$3="","",IF(COUNTIFS(Base!$A$3:$A$5001,I$3,Base!$B$3:$B$5001,$A$23,Base!$N$3:$N$5001,"<>")=0,"",SUMIFS(Base!$N$3:$N$5001,Base!$A$3:$A$5001,I$3,Base!$B$3:$B$5001,$A$23))) -> 3 | J35: =IF(J$3="","",IF(COUNTIFS(Base!$A$3:$A$5001,J$3,Base!$B$3:$B$5001,$A$23,Base!$N$3:$N$5001,"<>")=0,"",SUMIFS(Base!$N$3:$N$5001,Base!$A$3:$A$5001,J$3,Base!$B$3:$B$5001,$A$23))) | K35: =IF(K$3="","",IF(COUNTIFS(Base!$A$3:$A$5001,K$3,Base!$B$3:$B$5001,$A$23,Base!$N$3:$N$5001,"<>")=0,"",SUMIFS(Base!$N$3:$N$5001,Base!$A$3:$A$5001,K$3,Base!$B$3:$B$5001,$A$23))) | L35: =IF(L$3="","",IF(COUNTIFS(Base!$A$3:$A$5001,L$3,Base!$B$3:$B$5001,$A$23,Base!$N$3:$N$5001,"<>")=0,"",SUMIFS(Base!$N$3:$N$5001,Base!$A$3:$A$5001,L$3,Base!$B$3:$B$5001,$A$23))) -> 8 | M35: =IF(M$3="","",IF(COUNTIFS(Base!$A$3:$A$5001,M$3,Base!$B$3:$B$5001,$A$23,Base!$N$3:$N$5001,"<>")=0,"",SUMIFS(Base!$N$3:$N$5001,Base!$A$3:$A$5001,M$3,Base!$B$3:$B$5001,$A$23))) -> 6 | ... AJ35: =IF(AJ$3="","",IF(COUNTIFS(Base!$A$3:$A$5001,AJ$3,Base!$B$3:$B$5001,$A$23,Base!$N$3:$N$5001,"<>")=0,"",SUMIFS(Base!$N$3:$N$5001,Base!$A$3:$A$5001,AJ$3,Base!$B$3:$B$5001,$A$23))) | AK35: =IFERROR(LOOKUP(9.99E+307,F35:AJ35),"") -> 5
C36: Falta | F36: =IF(F$3="","",IF(COUNTIFS(Base!$A$3:$A$5001,F$3,Base!$B$3:$B$5001,$A$23,Base!$O$3:$O$5001,"<>")=0,"",SUMIFS(Base!$O$3:$O$5001,Base!$A$3:$A$5001,F$3,Base!$B$3:$B$5001,$A$23))) | G36: =IF(G$3="","",IF(COUNTIFS(Base!$A$3:$A$5001,G$3,Base!$B$3:$B$5001,$A$23,Base!$O$3:$O$5001,"<>")=0,"",SUMIFS(Base!$O$3:$O$5001,Base!$A$3:$A$5001,G$3,Base!$B$3:$B$5001,$A$23))) | H36: =IF(H$3="","",IF(COUNTIFS(Base!$A$3:$A$5001,H$3,Base!$B$3:$B$5001,$A$23,Base!$O$3:$O$5001,"<>")=0,"",SUMIFS(Base!$O$3:$O$5001,Base!$A$3:$A$5001,H$3,Base!$B$3:$B$5001,$A$23))) | I36: =IF(I$3="","",IF(COUNTIFS(Base!$A$3:$A$5001,I$3,Base!$B$3:$B$5001,$A$23,Base!$O$3:$O$5001,"<>")=0,"",SUMIFS(Base!$O$3:$O$5001,Base!$A$3:$A$5001,I$3,Base!$B$3:$B$5001,$A$23))) | J36: =IF(J$3="","",IF(COUNTIFS(Base!$A$3:$A$5001,J$3,Base!$B$3:$B$5001,$A$23,Base!$O$3:$O$5001,"<>")=0,"",SUMIFS(Base!$O$3:$O$5001,Base!$A$3:$A$5001,J$3,Base!$B$3:$B$5001,$A$23))) | K36: =IF(K$3="","",IF(COUNTIFS(Base!$A$3:$A$5001,K$3,Base!$B$3:$B$5001,$A$23,Base!$O$3:$O$5001,"<>")=0,"",SUMIFS(Base!$O$3:$O$5001,Base!$A$3:$A$5001,K$3,Base!$B$3:$B$5001,$A$23))) | L36: =IF(L$3="","",IF(COUNTIFS(Base!$A$3:$A$5001,L$3,Base!$B$3:$B$5001,$A$23,Base!$O$3:$O$5001,"<>")=0,"",SUMIFS(Base!$O$3:$O$5001,Base!$A$3:$A$5001,L$3,Base!$B$3:$B$5001,$A$23))) | M36: =IF(M$3="","",IF(COUNTIFS(Base!$A$3:$A$5001,M$3,Base!$B$3:$B$5001,$A$23,Base!$O$3:$O$5001,"<>")=0,"",SUMIFS(Base!$O$3:$O$5001,Base!$A$3:$A$5001,M$3,Base!$B$3:$B$5001,$A$23))) | ... AJ36: =IF(AJ$3="","",IF(COUNTIFS(Base!$A$3:$A$5001,AJ$3,Base!$B$3:$B$5001,$A$23,Base!$O$3:$O$5001,"<>")=0,"",SUMIFS(Base!$O$3:$O$5001,Base!$A$3:$A$5001,AJ$3,Base!$B$3:$B$5001,$A$23))) | AK36: =IF(COUNT(F36:AJ36)=0,"",SUM(F36:AJ36))
C37: Folga | F37: =IF(F$3="","",IF(COUNTIFS(Base!$A$3:$A$5001,F$3,Base!$B$3:$B$5001,$A$23,Base!$P$3:$P$5001,"<>")=0,"",SUMIFS(Base!$P$3:$P$5001,Base!$A$3:$A$5001,F$3,Base!$B$3:$B$5001,$A$23))) | G37: =IF(G$3="","",IF(COUNTIFS(Base!$A$3:$A$5001,G$3,Base!$B$3:$B$5001,$A$23,Base!$P$3:$P$5001,"<>")=0,"",SUMIFS(Base!$P$3:$P$5001,Base!$A$3:$A$5001,G$3,Base!$B$3:$B$5001,$A$23))) | H37: =IF(H$3="","",IF(COUNTIFS(Base!$A$3:$A$5001,H$3,Base!$B$3:$B$5001,$A$23,Base!$P$3:$P$5001,"<>")=0,"",SUMIFS(Base!$P$3:$P$5001,Base!$A$3:$A$5001,H$3,Base!$B$3:$B$5001,$A$23))) | I37: =IF(I$3="","",IF(COUNTIFS(Base!$A$3:$A$5001,I$3,Base!$B$3:$B$5001,$A$23,Base!$P$3:$P$5001,"<>")=0,"",SUMIFS(Base!$P$3:$P$5001,Base!$A$3:$A$5001,I$3,Base!$B$3:$B$5001,$A$23))) | J37: =IF(J$3="","",IF(COUNTIFS(Base!$A$3:$A$5001,J$3,Base!$B$3:$B$5001,$A$23,Base!$P$3:$P$5001,"<>")=0,"",SUMIFS(Base!$P$3:$P$5001,Base!$A$3:$A$5001,J$3,Base!$B$3:$B$5001,$A$23))) | K37: =IF(K$3="","",IF(COUNTIFS(Base!$A$3:$A$5001,K$3,Base!$B$3:$B$5001,$A$23,Base!$P$3:$P$5001,"<>")=0,"",SUMIFS(Base!$P$3:$P$5001,Base!$A$3:$A$5001,K$3,Base!$B$3:$B$5001,$A$23))) | L37: =IF(L$3="","",IF(COUNTIFS(Base!$A$3:$A$5001,L$3,Base!$B$3:$B$5001,$A$23,Base!$P$3:$P$5001,"<>")=0,"",SUMIFS(Base!$P$3:$P$5001,Base!$A$3:$A$5001,L$3,Base!$B$3:$B$5001,$A$23))) | M37: =IF(M$3="","",IF(COUNTIFS(Base!$A$3:$A$5001,M$3,Base!$B$3:$B$5001,$A$23,Base!$P$3:$P$5001,"<>")=0,"",SUMIFS(Base!$P$3:$P$5001,Base!$A$3:$A$5001,M$3,Base!$B$3:$B$5001,$A$23))) | ... AJ37: =IF(AJ$3="","",IF(COUNTIFS(Base!$A$3:$A$5001,AJ$3,Base!$B$3:$B$5001,$A$23,Base!$P$3:$P$5001,"<>")=0,"",SUMIFS(Base!$P$3:$P$5001,Base!$A$3:$A$5001,AJ$3,Base!$B$3:$B$5001,$A$23))) | AK37: =IF(COUNT(F37:AJ37)=0,"",SUM(F37:AJ37))
C38: Férias | F38: =IF(F$3="","",IF(COUNTIFS(Base!$A$3:$A$5001,F$3,Base!$B$3:$B$5001,$A$23,Base!$Q$3:$Q$5001,"<>")=0,"",SUMIFS(Base!$Q$3:$Q$5001,Base!$A$3:$A$5001,F$3,Base!$B$3:$B$5001,$A$23))) | G38: =IF(G$3="","",IF(COUNTIFS(Base!$A$3:$A$5001,G$3,Base!$B$3:$B$5001,$A$23,Base!$Q$3:$Q$5001,"<>")=0,"",SUMIFS(Base!$Q$3:$Q$5001,Base!$A$3:$A$5001,G$3,Base!$B$3:$B$5001,$A$23))) | H38: =IF(H$3="","",IF(COUNTIFS(Base!$A$3:$A$5001,H$3,Base!$B$3:$B$5001,$A$23,Base!$Q$3:$Q$5001,"<>")=0,"",SUMIFS(Base!$Q$3:$Q$5001,Base!$A$3:$A$5001,H$3,Base!$B$3:$B$5001,$A$23))) | I38: =IF(I$3="","",IF(COUNTIFS(Base!$A$3:$A$5001,I$3,Base!$B$3:$B$5001,$A$23,Base!$Q$3:$Q$5001,"<>")=0,"",SUMIFS(Base!$Q$3:$Q$5001,Base!$A$3:$A$5001,I$3,Base!$B$3:$B$5001,$A$23))) | J38: =IF(J$3="","",IF(COUNTIFS(Base!$A$3:$A$5001,J$3,Base!$B$3:$B$5001,$A$23,Base!$Q$3:$Q$5001,"<>")=0,"",SUMIFS(Base!$Q$3:$Q$5001,Base!$A$3:$A$5001,J$3,Base!$B$3:$B$5001,$A$23))) | K38: =IF(K$3="","",IF(COUNTIFS(Base!$A$3:$A$5001,K$3,Base!$B$3:$B$5001,$A$23,Base!$Q$3:$Q$5001,"<>")=0,"",SUMIFS(Base!$Q$3:$Q$5001,Base!$A$3:$A$5001,K$3,Base!$B$3:$B$5001,$A$23))) | L38: =IF(L$3="","",IF(COUNTIFS(Base!$A$3:$A$5001,L$3,Base!$B$3:$B$5001,$A$23,Base!$Q$3:$Q$5001,"<>")=0,"",SUMIFS(Base!$Q$3:$Q$5001,Base!$A$3:$A$5001,L$3,Base!$B$3:$B$5001,$A$23))) | M38: =IF(M$3="","",IF(COUNTIFS(Base!$A$3:$A$5001,M$3,Base!$B$3:$B$5001,$A$23,Base!$Q$3:$Q$5001,"<>")=0,"",SUMIFS(Base!$Q$3:$Q$5001,Base!$A$3:$A$5001,M$3,Base!$B$3:$B$5001,$A$23))) | ... AJ38: =IF(AJ$3="","",IF(COUNTIFS(Base!$A$3:$A$5001,AJ$3,Base!$B$3:$B$5001,$A$23,Base!$Q$3:$Q$5001,"<>")=0,"",SUMIFS(Base!$Q$3:$Q$5001,Base!$A$3:$A$5001,AJ$3,Base!$B$3:$B$5001,$A$23))) | AK38: =IF(COUNT(F38:AJ38)=0,"",SUM(F38:AJ38))
C39: Desligamento | F39: =IF(F$3="","",IF(COUNTIFS(Base!$A$3:$A$5001,F$3,Base!$B$3:$B$5001,$A$23,Base!$R$3:$R$5001,"<>")=0,"",SUMIFS(Base!$R$3:$R$5001,Base!$A$3:$A$5001,F$3,Base!$B$3:$B$5001,$A$23))) | G39: =IF(G$3="","",IF(COUNTIFS(Base!$A$3:$A$5001,G$3,Base!$B$3:$B$5001,$A$23,Base!$R$3:$R$5001,"<>")=0,"",SUMIFS(Base!$R$3:$R$5001,Base!$A$3:$A$5001,G$3,Base!$B$3:$B$5001,$A$23))) | H39: =IF(H$3="","",IF(COUNTIFS(Base!$A$3:$A$5001,H$3,Base!$B$3:$B$5001,$A$23,Base!$R$3:$R$5001,"<>")=0,"",SUMIFS(Base!$R$3:$R$5001,Base!$A$3:$A$5001,H$3,Base!$B$3:$B$5001,$A$23))) | I39: =IF(I$3="","",IF(COUNTIFS(Base!$A$3:$A$5001,I$3,Base!$B$3:$B$5001,$A$23,Base!$R$3:$R$5001,"<>")=0,"",SUMIFS(Base!$R$3:$R$5001,Base!$A$3:$A$5001,I$3,Base!$B$3:$B$5001,$A$23))) | J39: =IF(J$3="","",IF(COUNTIFS(Base!$A$3:$A$5001,J$3,Base!$B$3:$B$5001,$A$23,Base!$R$3:$R$5001,"<>")=0,"",SUMIFS(Base!$R$3:$R$5001,Base!$A$3:$A$5001,J$3,Base!$B$3:$B$5001,$A$23))) | K39: =IF(K$3="","",IF(COUNTIFS(Base!$A$3:$A$5001,K$3,Base!$B$3:$B$5001,$A$23,Base!$R$3:$R$5001,"<>")=0,"",SUMIFS(Base!$R$3:$R$5001,Base!$A$3:$A$5001,K$3,Base!$B$3:$B$5001,$A$23))) | L39: =IF(L$3="","",IF(COUNTIFS(Base!$A$3:$A$5001,L$3,Base!$B$3:$B$5001,$A$23,Base!$R$3:$R$5001,"<>")=0,"",SUMIFS(Base!$R$3:$R$5001,Base!$A$3:$A$5001,L$3,Base!$B$3:$B$5001,$A$23))) | M39: =IF(M$3="","",IF(COUNTIFS(Base!$A$3:$A$5001,M$3,Base!$B$3:$B$5001,$A$23,Base!$R$3:$R$5001,"<>")=0,"",SUMIFS(Base!$R$3:$R$5001,Base!$A$3:$A$5001,M$3,Base!$B$3:$B$5001,$A$23))) | ... AJ39: =IF(AJ$3="","",IF(COUNTIFS(Base!$A$3:$A$5001,AJ$3,Base!$B$3:$B$5001,$A$23,Base!$R$3:$R$5001,"<>")=0,"",SUMIFS(Base!$R$3:$R$5001,Base!$A$3:$A$5001,AJ$3,Base!$B$3:$B$5001,$A$23))) | AK39: =IF(COUNT(F39:AJ39)=0,"",SUM(F39:AJ39))
A41: Mondelez | B41: IN | C41: Veículos Recebidos | F41: =IF(F$3="","",IF(COUNTIFS(Base!$A$3:$A$5001,F$3,Base!$B$3:$B$5001,$A$41,Base!$C$3:$C$5001,"<>")=0,"",SUMIFS(Base!$C$3:$C$5001,Base!$A$3:$A$5001,F$3,Base!$B$3:$B$5001,$A$41))) -> 4 | G41: =IF(G$3="","",IF(COUNTIFS(Base!$A$3:$A$5001,G$3,Base!$B$3:$B$5001,$A$41,Base!$C$3:$C$5001,"<>")=0,"",SUMIFS(Base!$C$3:$C$5001,Base!$A$3:$A$5001,G$3,Base!$B$3:$B$5001,$A$41))) -> 5 | H41: =IF(H$3="","",IF(COUNTIFS(Base!$A$3:$A$5001,H$3,Base!$B$3:$B$5001,$A$41,Base!$C$3:$C$5001,"<>")=0,"",SUMIFS(Base!$C$3:$C$5001,Base!$A$3:$A$5001,H$3,Base!$B$3:$B$5001,$A$41))) -> 1 | I41: =IF(I$3="","",IF(COUNTIFS(Base!$A$3:$A$5001,I$3,Base!$B$3:$B$5001,$A$41,Base!$C$3:$C$5001,"<>")=0,"",SUMIFS(Base!$C$3:$C$5001,Base!$A$3:$A$5001,I$3,Base!$B$3:$B$5001,$A$41))) -> 3 | J41: =IF(J$3="","",IF(COUNTIFS(Base!$A$3:$A$5001,J$3,Base!$B$3:$B$5001,$A$41,Base!$C$3:$C$5001,"<>")=0,"",SUMIFS(Base!$C$3:$C$5001,Base!$A$3:$A$5001,J$3,Base!$B$3:$B$5001,$A$41))) -> 2 | K41: =IF(K$3="","",IF(COUNTIFS(Base!$A$3:$A$5001,K$3,Base!$B$3:$B$5001,$A$41,Base!$C$3:$C$5001,"<>")=0,"",SUMIFS(Base!$C$3:$C$5001,Base!$A$3:$A$5001,K$3,Base!$B$3:$B$5001,$A$41))) -> 4 | L41: =IF(L$3="","",IF(COUNTIFS(Base!$A$3:$A$5001,L$3,Base!$B$3:$B$5001,$A$41,Base!$C$3:$C$5001,"<>")=0,"",SUMIFS(Base!$C$3:$C$5001,Base!$A$3:$A$5001,L$3,Base!$B$3:$B$5001,$A$41))) -> 2 | M41: =IF(M$3="","",IF(COUNTIFS(Base!$A$3:$A$5001,M$3,Base!$B$3:$B$5001,$A$41,Base!$C$3:$C$5001,"<>")=0,"",SUMIFS(Base!$C$3:$C$5001,Base!$A$3:$A$5001,M$3,Base!$B$3:$B$5001,$A$41))) -> 3 | ... AJ41: =IF(AJ$3="","",IF(COUNTIFS(Base!$A$3:$A$5001,AJ$3,Base!$B$3:$B$5001,$A$41,Base!$C$3:$C$5001,"<>")=0,"",SUMIFS(Base!$C$3:$C$5001,Base!$A$3:$A$5001,AJ$3,Base!$B$3:$B$5001,$A$41))) | AK41: =IF(COUNT(F41:AJ41)=0,"",SUM(F41:AJ41)) -> 88
C42: Pallets Movimentados | F42: =IF(F$3="","",IF(COUNTIFS(Base!$A$3:$A$5001,F$3,Base!$B$3:$B$5001,$A$41,Base!$D$3:$D$5001,"<>")=0,"",SUMIFS(Base!$D$3:$D$5001,Base!$A$3:$A$5001,F$3,Base!$B$3:$B$5001,$A$41))) -> 84 | G42: =IF(G$3="","",IF(COUNTIFS(Base!$A$3:$A$5001,G$3,Base!$B$3:$B$5001,$A$41,Base!$D$3:$D$5001,"<>")=0,"",SUMIFS(Base!$D$3:$D$5001,Base!$A$3:$A$5001,G$3,Base!$B$3:$B$5001,$A$41))) -> 120 | H42: =IF(H$3="","",IF(COUNTIFS(Base!$A$3:$A$5001,H$3,Base!$B$3:$B$5001,$A$41,Base!$D$3:$D$5001,"<>")=0,"",SUMIFS(Base!$D$3:$D$5001,Base!$A$3:$A$5001,H$3,Base!$B$3:$B$5001,$A$41))) -> 20 | I42: =IF(I$3="","",IF(COUNTIFS(Base!$A$3:$A$5001,I$3,Base!$B$3:$B$5001,$A$41,Base!$D$3:$D$5001,"<>")=0,"",SUMIFS(Base!$D$3:$D$5001,Base!$A$3:$A$5001,I$3,Base!$B$3:$B$5001,$A$41))) -> 66 | J42: =IF(J$3="","",IF(COUNTIFS(Base!$A$3:$A$5001,J$3,Base!$B$3:$B$5001,$A$41,Base!$D$3:$D$5001,"<>")=0,"",SUMIFS(Base!$D$3:$D$5001,Base!$A$3:$A$5001,J$3,Base!$B$3:$B$5001,$A$41))) -> 54 | K42: =IF(K$3="","",IF(COUNTIFS(Base!$A$3:$A$5001,K$3,Base!$B$3:$B$5001,$A$41,Base!$D$3:$D$5001,"<>")=0,"",SUMIFS(Base!$D$3:$D$5001,Base!$A$3:$A$5001,K$3,Base!$B$3:$B$5001,$A$41))) -> 100 | L42: =IF(L$3="","",IF(COUNTIFS(Base!$A$3:$A$5001,L$3,Base!$B$3:$B$5001,$A$41,Base!$D$3:$D$5001,"<>")=0,"",SUMIFS(Base!$D$3:$D$5001,Base!$A$3:$A$5001,L$3,Base!$B$3:$B$5001,$A$41))) -> 52 | M42: =IF(M$3="","",IF(COUNTIFS(Base!$A$3:$A$5001,M$3,Base!$B$3:$B$5001,$A$41,Base!$D$3:$D$5001,"<>")=0,"",SUMIFS(Base!$D$3:$D$5001,Base!$A$3:$A$5001,M$3,Base!$B$3:$B$5001,$A$41))) -> 66 | ... AJ42: =IF(AJ$3="","",IF(COUNTIFS(Base!$A$3:$A$5001,AJ$3,Base!$B$3:$B$5001,$A$41,Base!$D$3:$D$5001,"<>")=0,"",SUMIFS(Base!$D$3:$D$5001,Base!$A$3:$A$5001,AJ$3,Base!$B$3:$B$5001,$A$41))) | AK42: =IF(COUNT(F42:AJ42)=0,"",SUM(F42:AJ42)) -> 2131
C43: Toneladas Movimentadas | F43: =IF(F$3="","",IF(COUNTIFS(Base!$A$3:$A$5001,F$3,Base!$B$3:$B$5001,$A$41,Base!$E$3:$E$5001,"<>")=0,"",SUMIFS(Base!$E$3:$E$5001,Base!$A$3:$A$5001,F$3,Base!$B$3:$B$5001,$A$41))) -> 59.49 | G43: =IF(G$3="","",IF(COUNTIFS(Base!$A$3:$A$5001,G$3,Base!$B$3:$B$5001,$A$41,Base!$E$3:$E$5001,"<>")=0,"",SUMIFS(Base!$E$3:$E$5001,Base!$A$3:$A$5001,G$3,Base!$B$3:$B$5001,$A$41))) -> 82.78 | H43: =IF(H$3="","",IF(COUNTIFS(Base!$A$3:$A$5001,H$3,Base!$B$3:$B$5001,$A$41,Base!$E$3:$E$5001,"<>")=0,"",SUMIFS(Base!$E$3:$E$5001,Base!$A$3:$A$5001,H$3,Base!$B$3:$B$5001,$A$41))) -> 22.33 | I43: =IF(I$3="","",IF(COUNTIFS(Base!$A$3:$A$5001,I$3,Base!$B$3:$B$5001,$A$41,Base!$E$3:$E$5001,"<>")=0,"",SUMIFS(Base!$E$3:$E$5001,Base!$A$3:$A$5001,I$3,Base!$B$3:$B$5001,$A$41))) -> 33.79 | J43: =IF(J$3="","",IF(COUNTIFS(Base!$A$3:$A$5001,J$3,Base!$B$3:$B$5001,$A$41,Base!$E$3:$E$5001,"<>")=0,"",SUMIFS(Base!$E$3:$E$5001,Base!$A$3:$A$5001,J$3,Base!$B$3:$B$5001,$A$41))) -> 29.66 | K43: =IF(K$3="","",IF(COUNTIFS(Base!$A$3:$A$5001,K$3,Base!$B$3:$B$5001,$A$41,Base!$E$3:$E$5001,"<>")=0,"",SUMIFS(Base!$E$3:$E$5001,Base!$A$3:$A$5001,K$3,Base!$B$3:$B$5001,$A$41))) -> 74.36 | L43: =IF(L$3="","",IF(COUNTIFS(Base!$A$3:$A$5001,L$3,Base!$B$3:$B$5001,$A$41,Base!$E$3:$E$5001,"<>")=0,"",SUMIFS(Base!$E$3:$E$5001,Base!$A$3:$A$5001,L$3,Base!$B$3:$B$5001,$A$41))) -> 37.98 | M43: =IF(M$3="","",IF(COUNTIFS(Base!$A$3:$A$5001,M$3,Base!$B$3:$B$5001,$A$41,Base!$E$3:$E$5001,"<>")=0,"",SUMIFS(Base!$E$3:$E$5001,Base!$A$3:$A$5001,M$3,Base!$B$3:$B$5001,$A$41))) -> 62.63 | ... AJ43: =IF(AJ$3="","",IF(COUNTIFS(Base!$A$3:$A$5001,AJ$3,Base!$B$3:$B$5001,$A$41,Base!$E$3:$E$5001,"<>")=0,"",SUMIFS(Base!$E$3:$E$5001,Base!$A$3:$A$5001,AJ$3,Base!$B$3:$B$5001,$A$41))) | AK43: =IF(COUNT(F43:AJ43)=0,"",SUM(F43:AJ43)) -> 1409.33
B44: OUT | C44: Veículos Expedidos | F44: =IF(F$3="","",IF(COUNTIFS(Base!$A$3:$A$5001,F$3,Base!$B$3:$B$5001,$A$41,Base!$F$3:$F$5001,"<>")=0,"",SUMIFS(Base!$F$3:$F$5001,Base!$A$3:$A$5001,F$3,Base!$B$3:$B$5001,$A$41))) -> 2 | G44: =IF(G$3="","",IF(COUNTIFS(Base!$A$3:$A$5001,G$3,Base!$B$3:$B$5001,$A$41,Base!$F$3:$F$5001,"<>")=0,"",SUMIFS(Base!$F$3:$F$5001,Base!$A$3:$A$5001,G$3,Base!$B$3:$B$5001,$A$41))) -> 12 | H44: =IF(H$3="","",IF(COUNTIFS(Base!$A$3:$A$5001,H$3,Base!$B$3:$B$5001,$A$41,Base!$F$3:$F$5001,"<>")=0,"",SUMIFS(Base!$F$3:$F$5001,Base!$A$3:$A$5001,H$3,Base!$B$3:$B$5001,$A$41))) -> 4 | I44: =IF(I$3="","",IF(COUNTIFS(Base!$A$3:$A$5001,I$3,Base!$B$3:$B$5001,$A$41,Base!$F$3:$F$5001,"<>")=0,"",SUMIFS(Base!$F$3:$F$5001,Base!$A$3:$A$5001,I$3,Base!$B$3:$B$5001,$A$41))) -> 4 | J44: =IF(J$3="","",IF(COUNTIFS(Base!$A$3:$A$5001,J$3,Base!$B$3:$B$5001,$A$41,Base!$F$3:$F$5001,"<>")=0,"",SUMIFS(Base!$F$3:$F$5001,Base!$A$3:$A$5001,J$3,Base!$B$3:$B$5001,$A$41))) -> 8 | K44: =IF(K$3="","",IF(COUNTIFS(Base!$A$3:$A$5001,K$3,Base!$B$3:$B$5001,$A$41,Base!$F$3:$F$5001,"<>")=0,"",SUMIFS(Base!$F$3:$F$5001,Base!$A$3:$A$5001,K$3,Base!$B$3:$B$5001,$A$41))) -> 11 | L44: =IF(L$3="","",IF(COUNTIFS(Base!$A$3:$A$5001,L$3,Base!$B$3:$B$5001,$A$41,Base!$F$3:$F$5001,"<>")=0,"",SUMIFS(Base!$F$3:$F$5001,Base!$A$3:$A$5001,L$3,Base!$B$3:$B$5001,$A$41))) -> 12 | M44: =IF(M$3="","",IF(COUNTIFS(Base!$A$3:$A$5001,M$3,Base!$B$3:$B$5001,$A$41,Base!$F$3:$F$5001,"<>")=0,"",SUMIFS(Base!$F$3:$F$5001,Base!$A$3:$A$5001,M$3,Base!$B$3:$B$5001,$A$41))) -> 9 | ... AJ44: =IF(AJ$3="","",IF(COUNTIFS(Base!$A$3:$A$5001,AJ$3,Base!$B$3:$B$5001,$A$41,Base!$F$3:$F$5001,"<>")=0,"",SUMIFS(Base!$F$3:$F$5001,Base!$A$3:$A$5001,AJ$3,Base!$B$3:$B$5001,$A$41))) | AK44: =IF(COUNT(F44:AJ44)=0,"",SUM(F44:AJ44)) -> 140
C45: Pallets Movimentados | F45: =IF(F$3="","",IF(COUNTIFS(Base!$A$3:$A$5001,F$3,Base!$B$3:$B$5001,$A$41,Base!$G$3:$G$5001,"<>")=0,"",SUMIFS(Base!$G$3:$G$5001,Base!$A$3:$A$5001,F$3,Base!$B$3:$B$5001,$A$41))) -> 36 | G45: =IF(G$3="","",IF(COUNTIFS(Base!$A$3:$A$5001,G$3,Base!$B$3:$B$5001,$A$41,Base!$G$3:$G$5001,"<>")=0,"",SUMIFS(Base!$G$3:$G$5001,Base!$A$3:$A$5001,G$3,Base!$B$3:$B$5001,$A$41))) -> 216 | H45: =IF(H$3="","",IF(COUNTIFS(Base!$A$3:$A$5001,H$3,Base!$B$3:$B$5001,$A$41,Base!$G$3:$G$5001,"<>")=0,"",SUMIFS(Base!$G$3:$G$5001,Base!$A$3:$A$5001,H$3,Base!$B$3:$B$5001,$A$41))) -> 72 | I45: =IF(I$3="","",IF(COUNTIFS(Base!$A$3:$A$5001,I$3,Base!$B$3:$B$5001,$A$41,Base!$G$3:$G$5001,"<>")=0,"",SUMIFS(Base!$G$3:$G$5001,Base!$A$3:$A$5001,I$3,Base!$B$3:$B$5001,$A$41))) -> 72 | J45: =IF(J$3="","",IF(COUNTIFS(Base!$A$3:$A$5001,J$3,Base!$B$3:$B$5001,$A$41,Base!$G$3:$G$5001,"<>")=0,"",SUMIFS(Base!$G$3:$G$5001,Base!$A$3:$A$5001,J$3,Base!$B$3:$B$5001,$A$41))) -> 144 | K45: =IF(K$3="","",IF(COUNTIFS(Base!$A$3:$A$5001,K$3,Base!$B$3:$B$5001,$A$41,Base!$G$3:$G$5001,"<>")=0,"",SUMIFS(Base!$G$3:$G$5001,Base!$A$3:$A$5001,K$3,Base!$B$3:$B$5001,$A$41))) -> 198 | L45: =IF(L$3="","",IF(COUNTIFS(Base!$A$3:$A$5001,L$3,Base!$B$3:$B$5001,$A$41,Base!$G$3:$G$5001,"<>")=0,"",SUMIFS(Base!$G$3:$G$5001,Base!$A$3:$A$5001,L$3,Base!$B$3:$B$5001,$A$41))) -> 216 | M45: =IF(M$3="","",IF(COUNTIFS(Base!$A$3:$A$5001,M$3,Base!$B$3:$B$5001,$A$41,Base!$G$3:$G$5001,"<>")=0,"",SUMIFS(Base!$G$3:$G$5001,Base!$A$3:$A$5001,M$3,Base!$B$3:$B$5001,$A$41))) -> 162 | ... AJ45: =IF(AJ$3="","",IF(COUNTIFS(Base!$A$3:$A$5001,AJ$3,Base!$B$3:$B$5001,$A$41,Base!$G$3:$G$5001,"<>")=0,"",SUMIFS(Base!$G$3:$G$5001,Base!$A$3:$A$5001,AJ$3,Base!$B$3:$B$5001,$A$41))) | AK45: =IF(COUNT(F45:AJ45)=0,"",SUM(F45:AJ45)) -> 2520
C46: Toneladas Movimentadas | F46: =IF(F$3="","",IF(COUNTIFS(Base!$A$3:$A$5001,F$3,Base!$B$3:$B$5001,$A$41,Base!$H$3:$H$5001,"<>")=0,"",SUMIFS(Base!$H$3:$H$5001,Base!$A$3:$A$5001,F$3,Base!$B$3:$B$5001,$A$41))) -> 28.66 | G46: =IF(G$3="","",IF(COUNTIFS(Base!$A$3:$A$5001,G$3,Base!$B$3:$B$5001,$A$41,Base!$H$3:$H$5001,"<>")=0,"",SUMIFS(Base!$H$3:$H$5001,Base!$A$3:$A$5001,G$3,Base!$B$3:$B$5001,$A$41))) -> 199.14 | H46: =IF(H$3="","",IF(COUNTIFS(Base!$A$3:$A$5001,H$3,Base!$B$3:$B$5001,$A$41,Base!$H$3:$H$5001,"<>")=0,"",SUMIFS(Base!$H$3:$H$5001,Base!$A$3:$A$5001,H$3,Base!$B$3:$B$5001,$A$41))) -> 42.76 | I46: =IF(I$3="","",IF(COUNTIFS(Base!$A$3:$A$5001,I$3,Base!$B$3:$B$5001,$A$41,Base!$H$3:$H$5001,"<>")=0,"",SUMIFS(Base!$H$3:$H$5001,Base!$A$3:$A$5001,I$3,Base!$B$3:$B$5001,$A$41))) -> 58.28 | J46: =IF(J$3="","",IF(COUNTIFS(Base!$A$3:$A$5001,J$3,Base!$B$3:$B$5001,$A$41,Base!$H$3:$H$5001,"<>")=0,"",SUMIFS(Base!$H$3:$H$5001,Base!$A$3:$A$5001,J$3,Base!$B$3:$B$5001,$A$41))) -> 154.16 | K46: =IF(K$3="","",IF(COUNTIFS(Base!$A$3:$A$5001,K$3,Base!$B$3:$B$5001,$A$41,Base!$H$3:$H$5001,"<>")=0,"",SUMIFS(Base!$H$3:$H$5001,Base!$A$3:$A$5001,K$3,Base!$B$3:$B$5001,$A$41))) -> 85.33 | L46: =IF(L$3="","",IF(COUNTIFS(Base!$A$3:$A$5001,L$3,Base!$B$3:$B$5001,$A$41,Base!$H$3:$H$5001,"<>")=0,"",SUMIFS(Base!$H$3:$H$5001,Base!$A$3:$A$5001,L$3,Base!$B$3:$B$5001,$A$41))) -> 123.85 | M46: =IF(M$3="","",IF(COUNTIFS(Base!$A$3:$A$5001,M$3,Base!$B$3:$B$5001,$A$41,Base!$H$3:$H$5001,"<>")=0,"",SUMIFS(Base!$H$3:$H$5001,Base!$A$3:$A$5001,M$3,Base!$B$3:$B$5001,$A$41))) -> 119.05 | ... AJ46: =IF(AJ$3="","",IF(COUNTIFS(Base!$A$3:$A$5001,AJ$3,Base!$B$3:$B$5001,$A$41,Base!$H$3:$H$5001,"<>")=0,"",SUMIFS(Base!$H$3:$H$5001,Base!$A$3:$A$5001,AJ$3,Base!$B$3:$B$5001,$A$41))) | AK46: =IF(COUNT(F46:AJ46)=0,"",SUM(F46:AJ46)) -> 1864.14
B47: NC | C47: Incidentes | F47: =IF(F$3="","",IF(COUNTIFS(Base!$A$3:$A$5001,F$3,Base!$B$3:$B$5001,$A$41,Base!$I$3:$I$5001,"<>")=0,"",SUMIFS(Base!$I$3:$I$5001,Base!$A$3:$A$5001,F$3,Base!$B$3:$B$5001,$A$41))) -> 0 | G47: =IF(G$3="","",IF(COUNTIFS(Base!$A$3:$A$5001,G$3,Base!$B$3:$B$5001,$A$41,Base!$I$3:$I$5001,"<>")=0,"",SUMIFS(Base!$I$3:$I$5001,Base!$A$3:$A$5001,G$3,Base!$B$3:$B$5001,$A$41))) -> 0 | H47: =IF(H$3="","",IF(COUNTIFS(Base!$A$3:$A$5001,H$3,Base!$B$3:$B$5001,$A$41,Base!$I$3:$I$5001,"<>")=0,"",SUMIFS(Base!$I$3:$I$5001,Base!$A$3:$A$5001,H$3,Base!$B$3:$B$5001,$A$41))) -> 0 | I47: =IF(I$3="","",IF(COUNTIFS(Base!$A$3:$A$5001,I$3,Base!$B$3:$B$5001,$A$41,Base!$I$3:$I$5001,"<>")=0,"",SUMIFS(Base!$I$3:$I$5001,Base!$A$3:$A$5001,I$3,Base!$B$3:$B$5001,$A$41))) -> 0 | J47: =IF(J$3="","",IF(COUNTIFS(Base!$A$3:$A$5001,J$3,Base!$B$3:$B$5001,$A$41,Base!$I$3:$I$5001,"<>")=0,"",SUMIFS(Base!$I$3:$I$5001,Base!$A$3:$A$5001,J$3,Base!$B$3:$B$5001,$A$41))) -> 1 | K47: =IF(K$3="","",IF(COUNTIFS(Base!$A$3:$A$5001,K$3,Base!$B$3:$B$5001,$A$41,Base!$I$3:$I$5001,"<>")=0,"",SUMIFS(Base!$I$3:$I$5001,Base!$A$3:$A$5001,K$3,Base!$B$3:$B$5001,$A$41))) -> 0 | L47: =IF(L$3="","",IF(COUNTIFS(Base!$A$3:$A$5001,L$3,Base!$B$3:$B$5001,$A$41,Base!$I$3:$I$5001,"<>")=0,"",SUMIFS(Base!$I$3:$I$5001,Base!$A$3:$A$5001,L$3,Base!$B$3:$B$5001,$A$41))) -> 0 | M47: =IF(M$3="","",IF(COUNTIFS(Base!$A$3:$A$5001,M$3,Base!$B$3:$B$5001,$A$41,Base!$I$3:$I$5001,"<>")=0,"",SUMIFS(Base!$I$3:$I$5001,Base!$A$3:$A$5001,M$3,Base!$B$3:$B$5001,$A$41))) -> 0 | ... AJ47: =IF(AJ$3="","",IF(COUNTIFS(Base!$A$3:$A$5001,AJ$3,Base!$B$3:$B$5001,$A$41,Base!$I$3:$I$5001,"<>")=0,"",SUMIFS(Base!$I$3:$I$5001,Base!$A$3:$A$5001,AJ$3,Base!$B$3:$B$5001,$A$41))) | AK47: =IF(COUNT(F47:AJ47)=0,"",SUM(F47:AJ47)) -> 1
C48: No show | F48: =IF(F$3="","",IF(COUNTIFS(Base!$A$3:$A$5001,F$3,Base!$B$3:$B$5001,$A$41,Base!$J$3:$J$5001,"<>")=0,"",SUMIFS(Base!$J$3:$J$5001,Base!$A$3:$A$5001,F$3,Base!$B$3:$B$5001,$A$41))) | G48: =IF(G$3="","",IF(COUNTIFS(Base!$A$3:$A$5001,G$3,Base!$B$3:$B$5001,$A$41,Base!$J$3:$J$5001,"<>")=0,"",SUMIFS(Base!$J$3:$J$5001,Base!$A$3:$A$5001,G$3,Base!$B$3:$B$5001,$A$41))) | H48: =IF(H$3="","",IF(COUNTIFS(Base!$A$3:$A$5001,H$3,Base!$B$3:$B$5001,$A$41,Base!$J$3:$J$5001,"<>")=0,"",SUMIFS(Base!$J$3:$J$5001,Base!$A$3:$A$5001,H$3,Base!$B$3:$B$5001,$A$41))) | I48: =IF(I$3="","",IF(COUNTIFS(Base!$A$3:$A$5001,I$3,Base!$B$3:$B$5001,$A$41,Base!$J$3:$J$5001,"<>")=0,"",SUMIFS(Base!$J$3:$J$5001,Base!$A$3:$A$5001,I$3,Base!$B$3:$B$5001,$A$41))) | J48: =IF(J$3="","",IF(COUNTIFS(Base!$A$3:$A$5001,J$3,Base!$B$3:$B$5001,$A$41,Base!$J$3:$J$5001,"<>")=0,"",SUMIFS(Base!$J$3:$J$5001,Base!$A$3:$A$5001,J$3,Base!$B$3:$B$5001,$A$41))) | K48: =IF(K$3="","",IF(COUNTIFS(Base!$A$3:$A$5001,K$3,Base!$B$3:$B$5001,$A$41,Base!$J$3:$J$5001,"<>")=0,"",SUMIFS(Base!$J$3:$J$5001,Base!$A$3:$A$5001,K$3,Base!$B$3:$B$5001,$A$41))) | L48: =IF(L$3="","",IF(COUNTIFS(Base!$A$3:$A$5001,L$3,Base!$B$3:$B$5001,$A$41,Base!$J$3:$J$5001,"<>")=0,"",SUMIFS(Base!$J$3:$J$5001,Base!$A$3:$A$5001,L$3,Base!$B$3:$B$5001,$A$41))) | M48: =IF(M$3="","",IF(COUNTIFS(Base!$A$3:$A$5001,M$3,Base!$B$3:$B$5001,$A$41,Base!$J$3:$J$5001,"<>")=0,"",SUMIFS(Base!$J$3:$J$5001,Base!$A$3:$A$5001,M$3,Base!$B$3:$B$5001,$A$41))) | ... AJ48: =IF(AJ$3="","",IF(COUNTIFS(Base!$A$3:$A$5001,AJ$3,Base!$B$3:$B$5001,$A$41,Base!$J$3:$J$5001,"<>")=0,"",SUMIFS(Base!$J$3:$J$5001,Base!$A$3:$A$5001,AJ$3,Base!$B$3:$B$5001,$A$41))) | AK48: =IF(COUNT(F48:AJ48)=0,"",SUM(F48:AJ48))
C49: Backlog | F49: =IF(F$3="","",IF(COUNTIFS(Base!$A$3:$A$5001,F$3,Base!$B$3:$B$5001,$A$41,Base!$K$3:$K$5001,"<>")=0,"",SUMIFS(Base!$K$3:$K$5001,Base!$A$3:$A$5001,F$3,Base!$B$3:$B$5001,$A$41))) | G49: =IF(G$3="","",IF(COUNTIFS(Base!$A$3:$A$5001,G$3,Base!$B$3:$B$5001,$A$41,Base!$K$3:$K$5001,"<>")=0,"",SUMIFS(Base!$K$3:$K$5001,Base!$A$3:$A$5001,G$3,Base!$B$3:$B$5001,$A$41))) | H49: =IF(H$3="","",IF(COUNTIFS(Base!$A$3:$A$5001,H$3,Base!$B$3:$B$5001,$A$41,Base!$K$3:$K$5001,"<>")=0,"",SUMIFS(Base!$K$3:$K$5001,Base!$A$3:$A$5001,H$3,Base!$B$3:$B$5001,$A$41))) | I49: =IF(I$3="","",IF(COUNTIFS(Base!$A$3:$A$5001,I$3,Base!$B$3:$B$5001,$A$41,Base!$K$3:$K$5001,"<>")=0,"",SUMIFS(Base!$K$3:$K$5001,Base!$A$3:$A$5001,I$3,Base!$B$3:$B$5001,$A$41))) | J49: =IF(J$3="","",IF(COUNTIFS(Base!$A$3:$A$5001,J$3,Base!$B$3:$B$5001,$A$41,Base!$K$3:$K$5001,"<>")=0,"",SUMIFS(Base!$K$3:$K$5001,Base!$A$3:$A$5001,J$3,Base!$B$3:$B$5001,$A$41))) | K49: =IF(K$3="","",IF(COUNTIFS(Base!$A$3:$A$5001,K$3,Base!$B$3:$B$5001,$A$41,Base!$K$3:$K$5001,"<>")=0,"",SUMIFS(Base!$K$3:$K$5001,Base!$A$3:$A$5001,K$3,Base!$B$3:$B$5001,$A$41))) | L49: =IF(L$3="","",IF(COUNTIFS(Base!$A$3:$A$5001,L$3,Base!$B$3:$B$5001,$A$41,Base!$K$3:$K$5001,"<>")=0,"",SUMIFS(Base!$K$3:$K$5001,Base!$A$3:$A$5001,L$3,Base!$B$3:$B$5001,$A$41))) | M49: =IF(M$3="","",IF(COUNTIFS(Base!$A$3:$A$5001,M$3,Base!$B$3:$B$5001,$A$41,Base!$K$3:$K$5001,"<>")=0,"",SUMIFS(Base!$K$3:$K$5001,Base!$A$3:$A$5001,M$3,Base!$B$3:$B$5001,$A$41))) | ... AJ49: =IF(AJ$3="","",IF(COUNTIFS(Base!$A$3:$A$5001,AJ$3,Base!$B$3:$B$5001,$A$41,Base!$K$3:$K$5001,"<>")=0,"",SUMIFS(Base!$K$3:$K$5001,Base!$A$3:$A$5001,AJ$3,Base!$B$3:$B$5001,$A$41))) | AK49: =IFERROR(LOOKUP(9.99E+307,F49:AJ49),"")
B50: OCUPAÇÃO (P.P) | C50: Posições Disponíveis | F50: =IF(F$3="","",IF(COUNTIFS(Base!$A$3:$A$5001,F$3,Base!$B$3:$B$5001,$A$41,Base!$L$3:$L$5001,"<>")=0,"",SUMIFS(Base!$L$3:$L$5001,Base!$A$3:$A$5001,F$3,Base!$B$3:$B$5001,$A$41))) | G50: =IF(G$3="","",IF(COUNTIFS(Base!$A$3:$A$5001,G$3,Base!$B$3:$B$5001,$A$41,Base!$L$3:$L$5001,"<>")=0,"",SUMIFS(Base!$L$3:$L$5001,Base!$A$3:$A$5001,G$3,Base!$B$3:$B$5001,$A$41))) | H50: =IF(H$3="","",IF(COUNTIFS(Base!$A$3:$A$5001,H$3,Base!$B$3:$B$5001,$A$41,Base!$L$3:$L$5001,"<>")=0,"",SUMIFS(Base!$L$3:$L$5001,Base!$A$3:$A$5001,H$3,Base!$B$3:$B$5001,$A$41))) | I50: =IF(I$3="","",IF(COUNTIFS(Base!$A$3:$A$5001,I$3,Base!$B$3:$B$5001,$A$41,Base!$L$3:$L$5001,"<>")=0,"",SUMIFS(Base!$L$3:$L$5001,Base!$A$3:$A$5001,I$3,Base!$B$3:$B$5001,$A$41))) | J50: =IF(J$3="","",IF(COUNTIFS(Base!$A$3:$A$5001,J$3,Base!$B$3:$B$5001,$A$41,Base!$L$3:$L$5001,"<>")=0,"",SUMIFS(Base!$L$3:$L$5001,Base!$A$3:$A$5001,J$3,Base!$B$3:$B$5001,$A$41))) | K50: =IF(K$3="","",IF(COUNTIFS(Base!$A$3:$A$5001,K$3,Base!$B$3:$B$5001,$A$41,Base!$L$3:$L$5001,"<>")=0,"",SUMIFS(Base!$L$3:$L$5001,Base!$A$3:$A$5001,K$3,Base!$B$3:$B$5001,$A$41))) | L50: =IF(L$3="","",IF(COUNTIFS(Base!$A$3:$A$5001,L$3,Base!$B$3:$B$5001,$A$41,Base!$L$3:$L$5001,"<>")=0,"",SUMIFS(Base!$L$3:$L$5001,Base!$A$3:$A$5001,L$3,Base!$B$3:$B$5001,$A$41))) | M50: =IF(M$3="","",IF(COUNTIFS(Base!$A$3:$A$5001,M$3,Base!$B$3:$B$5001,$A$41,Base!$L$3:$L$5001,"<>")=0,"",SUMIFS(Base!$L$3:$L$5001,Base!$A$3:$A$5001,M$3,Base!$B$3:$B$5001,$A$41))) | ... AJ50: =IF(AJ$3="","",IF(COUNTIFS(Base!$A$3:$A$5001,AJ$3,Base!$B$3:$B$5001,$A$41,Base!$L$3:$L$5001,"<>")=0,"",SUMIFS(Base!$L$3:$L$5001,Base!$A$3:$A$5001,AJ$3,Base!$B$3:$B$5001,$A$41))) | AK50: Spot
C51: Posições Ocupadas | F51: =IF(F$3="","",IF(COUNTIFS(Base!$A$3:$A$5001,F$3,Base!$B$3:$B$5001,$A$41,Base!$M$3:$M$5001,"<>")=0,"",SUMIFS(Base!$M$3:$M$5001,Base!$A$3:$A$5001,F$3,Base!$B$3:$B$5001,$A$41))) -> 182 | G51: =IF(G$3="","",IF(COUNTIFS(Base!$A$3:$A$5001,G$3,Base!$B$3:$B$5001,$A$41,Base!$M$3:$M$5001,"<>")=0,"",SUMIFS(Base!$M$3:$M$5001,Base!$A$3:$A$5001,G$3,Base!$B$3:$B$5001,$A$41))) -> 277 | H51: =IF(H$3="","",IF(COUNTIFS(Base!$A$3:$A$5001,H$3,Base!$B$3:$B$5001,$A$41,Base!$M$3:$M$5001,"<>")=0,"",SUMIFS(Base!$M$3:$M$5001,Base!$A$3:$A$5001,H$3,Base!$B$3:$B$5001,$A$41))) -> 219 | I51: =IF(I$3="","",IF(COUNTIFS(Base!$A$3:$A$5001,I$3,Base!$B$3:$B$5001,$A$41,Base!$M$3:$M$5001,"<>")=0,"",SUMIFS(Base!$M$3:$M$5001,Base!$A$3:$A$5001,I$3,Base!$B$3:$B$5001,$A$41))) -> 154 | J51: =IF(J$3="","",IF(COUNTIFS(Base!$A$3:$A$5001,J$3,Base!$B$3:$B$5001,$A$41,Base!$M$3:$M$5001,"<>")=0,"",SUMIFS(Base!$M$3:$M$5001,Base!$A$3:$A$5001,J$3,Base!$B$3:$B$5001,$A$41))) -> 202 | K51: =IF(K$3="","",IF(COUNTIFS(Base!$A$3:$A$5001,K$3,Base!$B$3:$B$5001,$A$41,Base!$M$3:$M$5001,"<>")=0,"",SUMIFS(Base!$M$3:$M$5001,Base!$A$3:$A$5001,K$3,Base!$B$3:$B$5001,$A$41))) -> 363 | L51: =IF(L$3="","",IF(COUNTIFS(Base!$A$3:$A$5001,L$3,Base!$B$3:$B$5001,$A$41,Base!$M$3:$M$5001,"<>")=0,"",SUMIFS(Base!$M$3:$M$5001,Base!$A$3:$A$5001,L$3,Base!$B$3:$B$5001,$A$41))) -> 217 | M51: =IF(M$3="","",IF(COUNTIFS(Base!$A$3:$A$5001,M$3,Base!$B$3:$B$5001,$A$41,Base!$M$3:$M$5001,"<>")=0,"",SUMIFS(Base!$M$3:$M$5001,Base!$A$3:$A$5001,M$3,Base!$B$3:$B$5001,$A$41))) -> 252 | ... AJ51: =IF(AJ$3="","",IF(COUNTIFS(Base!$A$3:$A$5001,AJ$3,Base!$B$3:$B$5001,$A$41,Base!$M$3:$M$5001,"<>")=0,"",SUMIFS(Base!$M$3:$M$5001,Base!$A$3:$A$5001,AJ$3,Base!$B$3:$B$5001,$A$41))) | AK51: =IFERROR(LOOKUP(9.99E+307,F51:AJ51),"") -> 373
C52: Taxa de Ocupação | F52: =IF(AND(ISNUMBER(F50),ISNUMBER(F51)),IF(F50>0,F51/F50,""),"") | G52: =IF(AND(ISNUMBER(G50),ISNUMBER(G51)),IF(G50>0,G51/G50,""),"") | H52: =IF(AND(ISNUMBER(H50),ISNUMBER(H51)),IF(H50>0,H51/H50,""),"") | I52: =IF(AND(ISNUMBER(I50),ISNUMBER(I51)),IF(I50>0,I51/I50,""),"") | J52: =IF(AND(ISNUMBER(J50),ISNUMBER(J51)),IF(J50>0,J51/J50,""),"") | K52: =IF(AND(ISNUMBER(K50),ISNUMBER(K51)),IF(K50>0,K51/K50,""),"") | L52: =IF(AND(ISNUMBER(L50),ISNUMBER(L51)),IF(L50>0,L51/L50,""),"") | M52: =IF(AND(ISNUMBER(M50),ISNUMBER(M51)),IF(M50>0,M51/M50,""),"") | ... AK52: =IF(AND(ISNUMBER(AK50),ISNUMBER(AK51)),IF(AK50>0,AK51/AK50,""),"")
B53: GENTE | C53: Efetivo Op. | F53: =IF(F$3="","",IF(COUNTIFS(Base!$A$3:$A$5001,F$3,Base!$B$3:$B$5001,$A$41,Base!$N$3:$N$5001,"<>")=0,"",SUMIFS(Base!$N$3:$N$5001,Base!$A$3:$A$5001,F$3,Base!$B$3:$B$5001,$A$41))) -> 7 | G53: =IF(G$3="","",IF(COUNTIFS(Base!$A$3:$A$5001,G$3,Base!$B$3:$B$5001,$A$41,Base!$N$3:$N$5001,"<>")=0,"",SUMIFS(Base!$N$3:$N$5001,Base!$A$3:$A$5001,G$3,Base!$B$3:$B$5001,$A$41))) -> 7 | H53: =IF(H$3="","",IF(COUNTIFS(Base!$A$3:$A$5001,H$3,Base!$B$3:$B$5001,$A$41,Base!$N$3:$N$5001,"<>")=0,"",SUMIFS(Base!$N$3:$N$5001,Base!$A$3:$A$5001,H$3,Base!$B$3:$B$5001,$A$41))) -> 5 | I53: =IF(I$3="","",IF(COUNTIFS(Base!$A$3:$A$5001,I$3,Base!$B$3:$B$5001,$A$41,Base!$N$3:$N$5001,"<>")=0,"",SUMIFS(Base!$N$3:$N$5001,Base!$A$3:$A$5001,I$3,Base!$B$3:$B$5001,$A$41))) -> 9 | J53: =IF(J$3="","",IF(COUNTIFS(Base!$A$3:$A$5001,J$3,Base!$B$3:$B$5001,$A$41,Base!$N$3:$N$5001,"<>")=0,"",SUMIFS(Base!$N$3:$N$5001,Base!$A$3:$A$5001,J$3,Base!$B$3:$B$5001,$A$41))) -> 3 | K53: =IF(K$3="","",IF(COUNTIFS(Base!$A$3:$A$5001,K$3,Base!$B$3:$B$5001,$A$41,Base!$N$3:$N$5001,"<>")=0,"",SUMIFS(Base!$N$3:$N$5001,Base!$A$3:$A$5001,K$3,Base!$B$3:$B$5001,$A$41))) -> 7 | L53: =IF(L$3="","",IF(COUNTIFS(Base!$A$3:$A$5001,L$3,Base!$B$3:$B$5001,$A$41,Base!$N$3:$N$5001,"<>")=0,"",SUMIFS(Base!$N$3:$N$5001,Base!$A$3:$A$5001,L$3,Base!$B$3:$B$5001,$A$41))) -> 6 | M53: =IF(M$3="","",IF(COUNTIFS(Base!$A$3:$A$5001,M$3,Base!$B$3:$B$5001,$A$41,Base!$N$3:$N$5001,"<>")=0,"",SUMIFS(Base!$N$3:$N$5001,Base!$A$3:$A$5001,M$3,Base!$B$3:$B$5001,$A$41))) -> 7 | ... AJ53: =IF(AJ$3="","",IF(COUNTIFS(Base!$A$3:$A$5001,AJ$3,Base!$B$3:$B$5001,$A$41,Base!$N$3:$N$5001,"<>")=0,"",SUMIFS(Base!$N$3:$N$5001,Base!$A$3:$A$5001,AJ$3,Base!$B$3:$B$5001,$A$41))) | AK53: =IFERROR(LOOKUP(9.99E+307,F53:AJ53),"") -> 5
C54: Falta | F54: =IF(F$3="","",IF(COUNTIFS(Base!$A$3:$A$5001,F$3,Base!$B$3:$B$5001,$A$41,Base!$O$3:$O$5001,"<>")=0,"",SUMIFS(Base!$O$3:$O$5001,Base!$A$3:$A$5001,F$3,Base!$B$3:$B$5001,$A$41))) | G54: =IF(G$3="","",IF(COUNTIFS(Base!$A$3:$A$5001,G$3,Base!$B$3:$B$5001,$A$41,Base!$O$3:$O$5001,"<>")=0,"",SUMIFS(Base!$O$3:$O$5001,Base!$A$3:$A$5001,G$3,Base!$B$3:$B$5001,$A$41))) | H54: =IF(H$3="","",IF(COUNTIFS(Base!$A$3:$A$5001,H$3,Base!$B$3:$B$5001,$A$41,Base!$O$3:$O$5001,"<>")=0,"",SUMIFS(Base!$O$3:$O$5001,Base!$A$3:$A$5001,H$3,Base!$B$3:$B$5001,$A$41))) | I54: =IF(I$3="","",IF(COUNTIFS(Base!$A$3:$A$5001,I$3,Base!$B$3:$B$5001,$A$41,Base!$O$3:$O$5001,"<>")=0,"",SUMIFS(Base!$O$3:$O$5001,Base!$A$3:$A$5001,I$3,Base!$B$3:$B$5001,$A$41))) | J54: =IF(J$3="","",IF(COUNTIFS(Base!$A$3:$A$5001,J$3,Base!$B$3:$B$5001,$A$41,Base!$O$3:$O$5001,"<>")=0,"",SUMIFS(Base!$O$3:$O$5001,Base!$A$3:$A$5001,J$3,Base!$B$3:$B$5001,$A$41))) | K54: =IF(K$3="","",IF(COUNTIFS(Base!$A$3:$A$5001,K$3,Base!$B$3:$B$5001,$A$41,Base!$O$3:$O$5001,"<>")=0,"",SUMIFS(Base!$O$3:$O$5001,Base!$A$3:$A$5001,K$3,Base!$B$3:$B$5001,$A$41))) | L54: =IF(L$3="","",IF(COUNTIFS(Base!$A$3:$A$5001,L$3,Base!$B$3:$B$5001,$A$41,Base!$O$3:$O$5001,"<>")=0,"",SUMIFS(Base!$O$3:$O$5001,Base!$A$3:$A$5001,L$3,Base!$B$3:$B$5001,$A$41))) | M54: =IF(M$3="","",IF(COUNTIFS(Base!$A$3:$A$5001,M$3,Base!$B$3:$B$5001,$A$41,Base!$O$3:$O$5001,"<>")=0,"",SUMIFS(Base!$O$3:$O$5001,Base!$A$3:$A$5001,M$3,Base!$B$3:$B$5001,$A$41))) | ... AJ54: =IF(AJ$3="","",IF(COUNTIFS(Base!$A$3:$A$5001,AJ$3,Base!$B$3:$B$5001,$A$41,Base!$O$3:$O$5001,"<>")=0,"",SUMIFS(Base!$O$3:$O$5001,Base!$A$3:$A$5001,AJ$3,Base!$B$3:$B$5001,$A$41))) | AK54: =IF(COUNT(F54:AJ54)=0,"",SUM(F54:AJ54))
C55: Folga | F55: =IF(F$3="","",IF(COUNTIFS(Base!$A$3:$A$5001,F$3,Base!$B$3:$B$5001,$A$41,Base!$P$3:$P$5001,"<>")=0,"",SUMIFS(Base!$P$3:$P$5001,Base!$A$3:$A$5001,F$3,Base!$B$3:$B$5001,$A$41))) | G55: =IF(G$3="","",IF(COUNTIFS(Base!$A$3:$A$5001,G$3,Base!$B$3:$B$5001,$A$41,Base!$P$3:$P$5001,"<>")=0,"",SUMIFS(Base!$P$3:$P$5001,Base!$A$3:$A$5001,G$3,Base!$B$3:$B$5001,$A$41))) | H55: =IF(H$3="","",IF(COUNTIFS(Base!$A$3:$A$5001,H$3,Base!$B$3:$B$5001,$A$41,Base!$P$3:$P$5001,"<>")=0,"",SUMIFS(Base!$P$3:$P$5001,Base!$A$3:$A$5001,H$3,Base!$B$3:$B$5001,$A$41))) | I55: =IF(I$3="","",IF(COUNTIFS(Base!$A$3:$A$5001,I$3,Base!$B$3:$B$5001,$A$41,Base!$P$3:$P$5001,"<>")=0,"",SUMIFS(Base!$P$3:$P$5001,Base!$A$3:$A$5001,I$3,Base!$B$3:$B$5001,$A$41))) | J55: =IF(J$3="","",IF(COUNTIFS(Base!$A$3:$A$5001,J$3,Base!$B$3:$B$5001,$A$41,Base!$P$3:$P$5001,"<>")=0,"",SUMIFS(Base!$P$3:$P$5001,Base!$A$3:$A$5001,J$3,Base!$B$3:$B$5001,$A$41))) | K55: =IF(K$3="","",IF(COUNTIFS(Base!$A$3:$A$5001,K$3,Base!$B$3:$B$5001,$A$41,Base!$P$3:$P$5001,"<>")=0,"",SUMIFS(Base!$P$3:$P$5001,Base!$A$3:$A$5001,K$3,Base!$B$3:$B$5001,$A$41))) | L55: =IF(L$3="","",IF(COUNTIFS(Base!$A$3:$A$5001,L$3,Base!$B$3:$B$5001,$A$41,Base!$P$3:$P$5001,"<>")=0,"",SUMIFS(Base!$P$3:$P$5001,Base!$A$3:$A$5001,L$3,Base!$B$3:$B$5001,$A$41))) | M55: =IF(M$3="","",IF(COUNTIFS(Base!$A$3:$A$5001,M$3,Base!$B$3:$B$5001,$A$41,Base!$P$3:$P$5001,"<>")=0,"",SUMIFS(Base!$P$3:$P$5001,Base!$A$3:$A$5001,M$3,Base!$B$3:$B$5001,$A$41))) | ... AJ55: =IF(AJ$3="","",IF(COUNTIFS(Base!$A$3:$A$5001,AJ$3,Base!$B$3:$B$5001,$A$41,Base!$P$3:$P$5001,"<>")=0,"",SUMIFS(Base!$P$3:$P$5001,Base!$A$3:$A$5001,AJ$3,Base!$B$3:$B$5001,$A$41))) | AK55: =IF(COUNT(F55:AJ55)=0,"",SUM(F55:AJ55))
C56: Férias | F56: =IF(F$3="","",IF(COUNTIFS(Base!$A$3:$A$5001,F$3,Base!$B$3:$B$5001,$A$41,Base!$Q$3:$Q$5001,"<>")=0,"",SUMIFS(Base!$Q$3:$Q$5001,Base!$A$3:$A$5001,F$3,Base!$B$3:$B$5001,$A$41))) | G56: =IF(G$3="","",IF(COUNTIFS(Base!$A$3:$A$5001,G$3,Base!$B$3:$B$5001,$A$41,Base!$Q$3:$Q$5001,"<>")=0,"",SUMIFS(Base!$Q$3:$Q$5001,Base!$A$3:$A$5001,G$3,Base!$B$3:$B$5001,$A$41))) | H56: =IF(H$3="","",IF(COUNTIFS(Base!$A$3:$A$5001,H$3,Base!$B$3:$B$5001,$A$41,Base!$Q$3:$Q$5001,"<>")=0,"",SUMIFS(Base!$Q$3:$Q$5001,Base!$A$3:$A$5001,H$3,Base!$B$3:$B$5001,$A$41))) | I56: =IF(I$3="","",IF(COUNTIFS(Base!$A$3:$A$5001,I$3,Base!$B$3:$B$5001,$A$41,Base!$Q$3:$Q$5001,"<>")=0,"",SUMIFS(Base!$Q$3:$Q$5001,Base!$A$3:$A$5001,I$3,Base!$B$3:$B$5001,$A$41))) | J56: =IF(J$3="","",IF(COUNTIFS(Base!$A$3:$A$5001,J$3,Base!$B$3:$B$5001,$A$41,Base!$Q$3:$Q$5001,"<>")=0,"",SUMIFS(Base!$Q$3:$Q$5001,Base!$A$3:$A$5001,J$3,Base!$B$3:$B$5001,$A$41))) | K56: =IF(K$3="","",IF(COUNTIFS(Base!$A$3:$A$5001,K$3,Base!$B$3:$B$5001,$A$41,Base!$Q$3:$Q$5001,"<>")=0,"",SUMIFS(Base!$Q$3:$Q$5001,Base!$A$3:$A$5001,K$3,Base!$B$3:$B$5001,$A$41))) | L56: =IF(L$3="","",IF(COUNTIFS(Base!$A$3:$A$5001,L$3,Base!$B$3:$B$5001,$A$41,Base!$Q$3:$Q$5001,"<>")=0,"",SUMIFS(Base!$Q$3:$Q$5001,Base!$A$3:$A$5001,L$3,Base!$B$3:$B$5001,$A$41))) | M56: =IF(M$3="","",IF(COUNTIFS(Base!$A$3:$A$5001,M$3,Base!$B$3:$B$5001,$A$41,Base!$Q$3:$Q$5001,"<>")=0,"",SUMIFS(Base!$Q$3:$Q$5001,Base!$A$3:$A$5001,M$3,Base!$B$3:$B$5001,$A$41))) | ... AJ56: =IF(AJ$3="","",IF(COUNTIFS(Base!$A$3:$A$5001,AJ$3,Base!$B$3:$B$5001,$A$41,Base!$Q$3:$Q$5001,"<>")=0,"",SUMIFS(Base!$Q$3:$Q$5001,Base!$A$3:$A$5001,AJ$3,Base!$B$3:$B$5001,$A$41))) | AK56: =IF(COUNT(F56:AJ56)=0,"",SUM(F56:AJ56))
C57: Desligamento | F57: =IF(F$3="","",IF(COUNTIFS(Base!$A$3:$A$5001,F$3,Base!$B$3:$B$5001,$A$41,Base!$R$3:$R$5001,"<>")=0,"",SUMIFS(Base!$R$3:$R$5001,Base!$A$3:$A$5001,F$3,Base!$B$3:$B$5001,$A$41))) | G57: =IF(G$3="","",IF(COUNTIFS(Base!$A$3:$A$5001,G$3,Base!$B$3:$B$5001,$A$41,Base!$R$3:$R$5001,"<>")=0,"",SUMIFS(Base!$R$3:$R$5001,Base!$A$3:$A$5001,G$3,Base!$B$3:$B$5001,$A$41))) | H57: =IF(H$3="","",IF(COUNTIFS(Base!$A$3:$A$5001,H$3,Base!$B$3:$B$5001,$A$41,Base!$R$3:$R$5001,"<>")=0,"",SUMIFS(Base!$R$3:$R$5001,Base!$A$3:$A$5001,H$3,Base!$B$3:$B$5001,$A$41))) | I57: =IF(I$3="","",IF(COUNTIFS(Base!$A$3:$A$5001,I$3,Base!$B$3:$B$5001,$A$41,Base!$R$3:$R$5001,"<>")=0,"",SUMIFS(Base!$R$3:$R$5001,Base!$A$3:$A$5001,I$3,Base!$B$3:$B$5001,$A$41))) | J57: =IF(J$3="","",IF(COUNTIFS(Base!$A$3:$A$5001,J$3,Base!$B$3:$B$5001,$A$41,Base!$R$3:$R$5001,"<>")=0,"",SUMIFS(Base!$R$3:$R$5001,Base!$A$3:$A$5001,J$3,Base!$B$3:$B$5001,$A$41))) | K57: =IF(K$3="","",IF(COUNTIFS(Base!$A$3:$A$5001,K$3,Base!$B$3:$B$5001,$A$41,Base!$R$3:$R$5001,"<>")=0,"",SUMIFS(Base!$R$3:$R$5001,Base!$A$3:$A$5001,K$3,Base!$B$3:$B$5001,$A$41))) | L57: =IF(L$3="","",IF(COUNTIFS(Base!$A$3:$A$5001,L$3,Base!$B$3:$B$5001,$A$41,Base!$R$3:$R$5001,"<>")=0,"",SUMIFS(Base!$R$3:$R$5001,Base!$A$3:$A$5001,L$3,Base!$B$3:$B$5001,$A$41))) | M57: =IF(M$3="","",IF(COUNTIFS(Base!$A$3:$A$5001,M$3,Base!$B$3:$B$5001,$A$41,Base!$R$3:$R$5001,"<>")=0,"",SUMIFS(Base!$R$3:$R$5001,Base!$A$3:$A$5001,M$3,Base!$B$3:$B$5001,$A$41))) | ... AJ57: =IF(AJ$3="","",IF(COUNTIFS(Base!$A$3:$A$5001,AJ$3,Base!$B$3:$B$5001,$A$41,Base!$R$3:$R$5001,"<>")=0,"",SUMIFS(Base!$R$3:$R$5001,Base!$A$3:$A$5001,AJ$3,Base!$B$3:$B$5001,$A$41))) | AK57: =IF(COUNT(F57:AJ57)=0,"",SUM(F57:AJ57))
A59: Nestlé | B59: IN | C59: Veículos Recebidos | F59: =IF(F$3="","",IF(COUNTIFS(Base!$A$3:$A$5001,F$3,Base!$B$3:$B$5001,$A$59,Base!$C$3:$C$5001,"<>")=0,"",SUMIFS(Base!$C$3:$C$5001,Base!$A$3:$A$5001,F$3,Base!$B$3:$B$5001,$A$59))) -> 7 | G59: =IF(G$3="","",IF(COUNTIFS(Base!$A$3:$A$5001,G$3,Base!$B$3:$B$5001,$A$59,Base!$C$3:$C$5001,"<>")=0,"",SUMIFS(Base!$C$3:$C$5001,Base!$A$3:$A$5001,G$3,Base!$B$3:$B$5001,$A$59))) -> 3 | H59: =IF(H$3="","",IF(COUNTIFS(Base!$A$3:$A$5001,H$3,Base!$B$3:$B$5001,$A$59,Base!$C$3:$C$5001,"<>")=0,"",SUMIFS(Base!$C$3:$C$5001,Base!$A$3:$A$5001,H$3,Base!$B$3:$B$5001,$A$59))) -> 1 | I59: =IF(I$3="","",IF(COUNTIFS(Base!$A$3:$A$5001,I$3,Base!$B$3:$B$5001,$A$59,Base!$C$3:$C$5001,"<>")=0,"",SUMIFS(Base!$C$3:$C$5001,Base!$A$3:$A$5001,I$3,Base!$B$3:$B$5001,$A$59))) -> 2 | J59: =IF(J$3="","",IF(COUNTIFS(Base!$A$3:$A$5001,J$3,Base!$B$3:$B$5001,$A$59,Base!$C$3:$C$5001,"<>")=0,"",SUMIFS(Base!$C$3:$C$5001,Base!$A$3:$A$5001,J$3,Base!$B$3:$B$5001,$A$59))) -> 1 | K59: =IF(K$3="","",IF(COUNTIFS(Base!$A$3:$A$5001,K$3,Base!$B$3:$B$5001,$A$59,Base!$C$3:$C$5001,"<>")=0,"",SUMIFS(Base!$C$3:$C$5001,Base!$A$3:$A$5001,K$3,Base!$B$3:$B$5001,$A$59))) | L59: =IF(L$3="","",IF(COUNTIFS(Base!$A$3:$A$5001,L$3,Base!$B$3:$B$5001,$A$59,Base!$C$3:$C$5001,"<>")=0,"",SUMIFS(Base!$C$3:$C$5001,Base!$A$3:$A$5001,L$3,Base!$B$3:$B$5001,$A$59))) -> 2 | M59: =IF(M$3="","",IF(COUNTIFS(Base!$A$3:$A$5001,M$3,Base!$B$3:$B$5001,$A$59,Base!$C$3:$C$5001,"<>")=0,"",SUMIFS(Base!$C$3:$C$5001,Base!$A$3:$A$5001,M$3,Base!$B$3:$B$5001,$A$59))) -> 4 | ... AJ59: =IF(AJ$3="","",IF(COUNTIFS(Base!$A$3:$A$5001,AJ$3,Base!$B$3:$B$5001,$A$59,Base!$C$3:$C$5001,"<>")=0,"",SUMIFS(Base!$C$3:$C$5001,Base!$A$3:$A$5001,AJ$3,Base!$B$3:$B$5001,$A$59))) | AK59: =IF(COUNT(F59:AJ59)=0,"",SUM(F59:AJ59)) -> 104
C60: Pallets Movimentados | F60: =IF(F$3="","",IF(COUNTIFS(Base!$A$3:$A$5001,F$3,Base!$B$3:$B$5001,$A$59,Base!$D$3:$D$5001,"<>")=0,"",SUMIFS(Base!$D$3:$D$5001,Base!$A$3:$A$5001,F$3,Base!$B$3:$B$5001,$A$59))) -> 196 | G60: =IF(G$3="","",IF(COUNTIFS(Base!$A$3:$A$5001,G$3,Base!$B$3:$B$5001,$A$59,Base!$D$3:$D$5001,"<>")=0,"",SUMIFS(Base!$D$3:$D$5001,Base!$A$3:$A$5001,G$3,Base!$B$3:$B$5001,$A$59))) -> 75 | H60: =IF(H$3="","",IF(COUNTIFS(Base!$A$3:$A$5001,H$3,Base!$B$3:$B$5001,$A$59,Base!$D$3:$D$5001,"<>")=0,"",SUMIFS(Base!$D$3:$D$5001,Base!$A$3:$A$5001,H$3,Base!$B$3:$B$5001,$A$59))) -> 28 | I60: =IF(I$3="","",IF(COUNTIFS(Base!$A$3:$A$5001,I$3,Base!$B$3:$B$5001,$A$59,Base!$D$3:$D$5001,"<>")=0,"",SUMIFS(Base!$D$3:$D$5001,Base!$A$3:$A$5001,I$3,Base!$B$3:$B$5001,$A$59))) -> 46 | J60: =IF(J$3="","",IF(COUNTIFS(Base!$A$3:$A$5001,J$3,Base!$B$3:$B$5001,$A$59,Base!$D$3:$D$5001,"<>")=0,"",SUMIFS(Base!$D$3:$D$5001,Base!$A$3:$A$5001,J$3,Base!$B$3:$B$5001,$A$59))) -> 26 | K60: =IF(K$3="","",IF(COUNTIFS(Base!$A$3:$A$5001,K$3,Base!$B$3:$B$5001,$A$59,Base!$D$3:$D$5001,"<>")=0,"",SUMIFS(Base!$D$3:$D$5001,Base!$A$3:$A$5001,K$3,Base!$B$3:$B$5001,$A$59))) | L60: =IF(L$3="","",IF(COUNTIFS(Base!$A$3:$A$5001,L$3,Base!$B$3:$B$5001,$A$59,Base!$D$3:$D$5001,"<>")=0,"",SUMIFS(Base!$D$3:$D$5001,Base!$A$3:$A$5001,L$3,Base!$B$3:$B$5001,$A$59))) -> 42 | M60: =IF(M$3="","",IF(COUNTIFS(Base!$A$3:$A$5001,M$3,Base!$B$3:$B$5001,$A$59,Base!$D$3:$D$5001,"<>")=0,"",SUMIFS(Base!$D$3:$D$5001,Base!$A$3:$A$5001,M$3,Base!$B$3:$B$5001,$A$59))) -> 84 | ... AJ60: =IF(AJ$3="","",IF(COUNTIFS(Base!$A$3:$A$5001,AJ$3,Base!$B$3:$B$5001,$A$59,Base!$D$3:$D$5001,"<>")=0,"",SUMIFS(Base!$D$3:$D$5001,Base!$A$3:$A$5001,AJ$3,Base!$B$3:$B$5001,$A$59))) | AK60: =IF(COUNT(F60:AJ60)=0,"",SUM(F60:AJ60)) -> 2547
C61: Toneladas Movimentadas | F61: =IF(F$3="","",IF(COUNTIFS(Base!$A$3:$A$5001,F$3,Base!$B$3:$B$5001,$A$59,Base!$E$3:$E$5001,"<>")=0,"",SUMIFS(Base!$E$3:$E$5001,Base!$A$3:$A$5001,F$3,Base!$B$3:$B$5001,$A$59))) -> 112.57 | G61: =IF(G$3="","",IF(COUNTIFS(Base!$A$3:$A$5001,G$3,Base!$B$3:$B$5001,$A$59,Base!$E$3:$E$5001,"<>")=0,"",SUMIFS(Base!$E$3:$E$5001,Base!$A$3:$A$5001,G$3,Base!$B$3:$B$5001,$A$59))) -> 40.25 | H61: =IF(H$3="","",IF(COUNTIFS(Base!$A$3:$A$5001,H$3,Base!$B$3:$B$5001,$A$59,Base!$E$3:$E$5001,"<>")=0,"",SUMIFS(Base!$E$3:$E$5001,Base!$A$3:$A$5001,H$3,Base!$B$3:$B$5001,$A$59))) -> 16.35 | I61: =IF(I$3="","",IF(COUNTIFS(Base!$A$3:$A$5001,I$3,Base!$B$3:$B$5001,$A$59,Base!$E$3:$E$5001,"<>")=0,"",SUMIFS(Base!$E$3:$E$5001,Base!$A$3:$A$5001,I$3,Base!$B$3:$B$5001,$A$59))) -> 25.09 | J61: =IF(J$3="","",IF(COUNTIFS(Base!$A$3:$A$5001,J$3,Base!$B$3:$B$5001,$A$59,Base!$E$3:$E$5001,"<>")=0,"",SUMIFS(Base!$E$3:$E$5001,Base!$A$3:$A$5001,J$3,Base!$B$3:$B$5001,$A$59))) -> 12.75 | K61: =IF(K$3="","",IF(COUNTIFS(Base!$A$3:$A$5001,K$3,Base!$B$3:$B$5001,$A$59,Base!$E$3:$E$5001,"<>")=0,"",SUMIFS(Base!$E$3:$E$5001,Base!$A$3:$A$5001,K$3,Base!$B$3:$B$5001,$A$59))) | L61: =IF(L$3="","",IF(COUNTIFS(Base!$A$3:$A$5001,L$3,Base!$B$3:$B$5001,$A$59,Base!$E$3:$E$5001,"<>")=0,"",SUMIFS(Base!$E$3:$E$5001,Base!$A$3:$A$5001,L$3,Base!$B$3:$B$5001,$A$59))) -> 45.88 | M61: =IF(M$3="","",IF(COUNTIFS(Base!$A$3:$A$5001,M$3,Base!$B$3:$B$5001,$A$59,Base!$E$3:$E$5001,"<>")=0,"",SUMIFS(Base!$E$3:$E$5001,Base!$A$3:$A$5001,M$3,Base!$B$3:$B$5001,$A$59))) -> 51 | ... AJ61: =IF(AJ$3="","",IF(COUNTIFS(Base!$A$3:$A$5001,AJ$3,Base!$B$3:$B$5001,$A$59,Base!$E$3:$E$5001,"<>")=0,"",SUMIFS(Base!$E$3:$E$5001,Base!$A$3:$A$5001,AJ$3,Base!$B$3:$B$5001,$A$59))) | AK61: =IF(COUNT(F61:AJ61)=0,"",SUM(F61:AJ61)) -> 1592.76
B62: OUT | C62: Veículos Expedidos | F62: =IF(F$3="","",IF(COUNTIFS(Base!$A$3:$A$5001,F$3,Base!$B$3:$B$5001,$A$59,Base!$F$3:$F$5001,"<>")=0,"",SUMIFS(Base!$F$3:$F$5001,Base!$A$3:$A$5001,F$3,Base!$B$3:$B$5001,$A$59))) -> 0 | G62: =IF(G$3="","",IF(COUNTIFS(Base!$A$3:$A$5001,G$3,Base!$B$3:$B$5001,$A$59,Base!$F$3:$F$5001,"<>")=0,"",SUMIFS(Base!$F$3:$F$5001,Base!$A$3:$A$5001,G$3,Base!$B$3:$B$5001,$A$59))) -> 5 | H62: =IF(H$3="","",IF(COUNTIFS(Base!$A$3:$A$5001,H$3,Base!$B$3:$B$5001,$A$59,Base!$F$3:$F$5001,"<>")=0,"",SUMIFS(Base!$F$3:$F$5001,Base!$A$3:$A$5001,H$3,Base!$B$3:$B$5001,$A$59))) -> 5 | I62: =IF(I$3="","",IF(COUNTIFS(Base!$A$3:$A$5001,I$3,Base!$B$3:$B$5001,$A$59,Base!$F$3:$F$5001,"<>")=0,"",SUMIFS(Base!$F$3:$F$5001,Base!$A$3:$A$5001,I$3,Base!$B$3:$B$5001,$A$59))) -> 11 | J62: =IF(J$3="","",IF(COUNTIFS(Base!$A$3:$A$5001,J$3,Base!$B$3:$B$5001,$A$59,Base!$F$3:$F$5001,"<>")=0,"",SUMIFS(Base!$F$3:$F$5001,Base!$A$3:$A$5001,J$3,Base!$B$3:$B$5001,$A$59))) -> 9 | K62: =IF(K$3="","",IF(COUNTIFS(Base!$A$3:$A$5001,K$3,Base!$B$3:$B$5001,$A$59,Base!$F$3:$F$5001,"<>")=0,"",SUMIFS(Base!$F$3:$F$5001,Base!$A$3:$A$5001,K$3,Base!$B$3:$B$5001,$A$59))) | L62: =IF(L$3="","",IF(COUNTIFS(Base!$A$3:$A$5001,L$3,Base!$B$3:$B$5001,$A$59,Base!$F$3:$F$5001,"<>")=0,"",SUMIFS(Base!$F$3:$F$5001,Base!$A$3:$A$5001,L$3,Base!$B$3:$B$5001,$A$59))) -> 3 | M62: =IF(M$3="","",IF(COUNTIFS(Base!$A$3:$A$5001,M$3,Base!$B$3:$B$5001,$A$59,Base!$F$3:$F$5001,"<>")=0,"",SUMIFS(Base!$F$3:$F$5001,Base!$A$3:$A$5001,M$3,Base!$B$3:$B$5001,$A$59))) -> 3 | ... AJ62: =IF(AJ$3="","",IF(COUNTIFS(Base!$A$3:$A$5001,AJ$3,Base!$B$3:$B$5001,$A$59,Base!$F$3:$F$5001,"<>")=0,"",SUMIFS(Base!$F$3:$F$5001,Base!$A$3:$A$5001,AJ$3,Base!$B$3:$B$5001,$A$59))) | AK62: =IF(COUNT(F62:AJ62)=0,"",SUM(F62:AJ62)) -> 130
C63: Pallets Movimentados | F63: =IF(F$3="","",IF(COUNTIFS(Base!$A$3:$A$5001,F$3,Base!$B$3:$B$5001,$A$59,Base!$G$3:$G$5001,"<>")=0,"",SUMIFS(Base!$G$3:$G$5001,Base!$A$3:$A$5001,F$3,Base!$B$3:$B$5001,$A$59))) -> 0 | G63: =IF(G$3="","",IF(COUNTIFS(Base!$A$3:$A$5001,G$3,Base!$B$3:$B$5001,$A$59,Base!$G$3:$G$5001,"<>")=0,"",SUMIFS(Base!$G$3:$G$5001,Base!$A$3:$A$5001,G$3,Base!$B$3:$B$5001,$A$59))) -> 90 | H63: =IF(H$3="","",IF(COUNTIFS(Base!$A$3:$A$5001,H$3,Base!$B$3:$B$5001,$A$59,Base!$G$3:$G$5001,"<>")=0,"",SUMIFS(Base!$G$3:$G$5001,Base!$A$3:$A$5001,H$3,Base!$B$3:$B$5001,$A$59))) -> 90 | I63: =IF(I$3="","",IF(COUNTIFS(Base!$A$3:$A$5001,I$3,Base!$B$3:$B$5001,$A$59,Base!$G$3:$G$5001,"<>")=0,"",SUMIFS(Base!$G$3:$G$5001,Base!$A$3:$A$5001,I$3,Base!$B$3:$B$5001,$A$59))) -> 198 | J63: =IF(J$3="","",IF(COUNTIFS(Base!$A$3:$A$5001,J$3,Base!$B$3:$B$5001,$A$59,Base!$G$3:$G$5001,"<>")=0,"",SUMIFS(Base!$G$3:$G$5001,Base!$A$3:$A$5001,J$3,Base!$B$3:$B$5001,$A$59))) -> 162 | K63: =IF(K$3="","",IF(COUNTIFS(Base!$A$3:$A$5001,K$3,Base!$B$3:$B$5001,$A$59,Base!$G$3:$G$5001,"<>")=0,"",SUMIFS(Base!$G$3:$G$5001,Base!$A$3:$A$5001,K$3,Base!$B$3:$B$5001,$A$59))) | L63: =IF(L$3="","",IF(COUNTIFS(Base!$A$3:$A$5001,L$3,Base!$B$3:$B$5001,$A$59,Base!$G$3:$G$5001,"<>")=0,"",SUMIFS(Base!$G$3:$G$5001,Base!$A$3:$A$5001,L$3,Base!$B$3:$B$5001,$A$59))) -> 54 | M63: =IF(M$3="","",IF(COUNTIFS(Base!$A$3:$A$5001,M$3,Base!$B$3:$B$5001,$A$59,Base!$G$3:$G$5001,"<>")=0,"",SUMIFS(Base!$G$3:$G$5001,Base!$A$3:$A$5001,M$3,Base!$B$3:$B$5001,$A$59))) -> 54 | ... AJ63: =IF(AJ$3="","",IF(COUNTIFS(Base!$A$3:$A$5001,AJ$3,Base!$B$3:$B$5001,$A$59,Base!$G$3:$G$5001,"<>")=0,"",SUMIFS(Base!$G$3:$G$5001,Base!$A$3:$A$5001,AJ$3,Base!$B$3:$B$5001,$A$59))) | AK63: =IF(COUNT(F63:AJ63)=0,"",SUM(F63:AJ63)) -> 2340
C64: Toneladas Movimentadas | F64: =IF(F$3="","",IF(COUNTIFS(Base!$A$3:$A$5001,F$3,Base!$B$3:$B$5001,$A$59,Base!$H$3:$H$5001,"<>")=0,"",SUMIFS(Base!$H$3:$H$5001,Base!$A$3:$A$5001,F$3,Base!$B$3:$B$5001,$A$59))) -> 0 | G64: =IF(G$3="","",IF(COUNTIFS(Base!$A$3:$A$5001,G$3,Base!$B$3:$B$5001,$A$59,Base!$H$3:$H$5001,"<>")=0,"",SUMIFS(Base!$H$3:$H$5001,Base!$A$3:$A$5001,G$3,Base!$B$3:$B$5001,$A$59))) -> 46.19 | H64: =IF(H$3="","",IF(COUNTIFS(Base!$A$3:$A$5001,H$3,Base!$B$3:$B$5001,$A$59,Base!$H$3:$H$5001,"<>")=0,"",SUMIFS(Base!$H$3:$H$5001,Base!$A$3:$A$5001,H$3,Base!$B$3:$B$5001,$A$59))) -> 55.1 | I64: =IF(I$3="","",IF(COUNTIFS(Base!$A$3:$A$5001,I$3,Base!$B$3:$B$5001,$A$59,Base!$H$3:$H$5001,"<>")=0,"",SUMIFS(Base!$H$3:$H$5001,Base!$A$3:$A$5001,I$3,Base!$B$3:$B$5001,$A$59))) -> 82.16 | J64: =IF(J$3="","",IF(COUNTIFS(Base!$A$3:$A$5001,J$3,Base!$B$3:$B$5001,$A$59,Base!$H$3:$H$5001,"<>")=0,"",SUMIFS(Base!$H$3:$H$5001,Base!$A$3:$A$5001,J$3,Base!$B$3:$B$5001,$A$59))) -> 114.96 | K64: =IF(K$3="","",IF(COUNTIFS(Base!$A$3:$A$5001,K$3,Base!$B$3:$B$5001,$A$59,Base!$H$3:$H$5001,"<>")=0,"",SUMIFS(Base!$H$3:$H$5001,Base!$A$3:$A$5001,K$3,Base!$B$3:$B$5001,$A$59))) | L64: =IF(L$3="","",IF(COUNTIFS(Base!$A$3:$A$5001,L$3,Base!$B$3:$B$5001,$A$59,Base!$H$3:$H$5001,"<>")=0,"",SUMIFS(Base!$H$3:$H$5001,Base!$A$3:$A$5001,L$3,Base!$B$3:$B$5001,$A$59))) -> 40.29 | M64: =IF(M$3="","",IF(COUNTIFS(Base!$A$3:$A$5001,M$3,Base!$B$3:$B$5001,$A$59,Base!$H$3:$H$5001,"<>")=0,"",SUMIFS(Base!$H$3:$H$5001,Base!$A$3:$A$5001,M$3,Base!$B$3:$B$5001,$A$59))) -> 35.34 | ... AJ64: =IF(AJ$3="","",IF(COUNTIFS(Base!$A$3:$A$5001,AJ$3,Base!$B$3:$B$5001,$A$59,Base!$H$3:$H$5001,"<>")=0,"",SUMIFS(Base!$H$3:$H$5001,Base!$A$3:$A$5001,AJ$3,Base!$B$3:$B$5001,$A$59))) | AK64: =IF(COUNT(F64:AJ64)=0,"",SUM(F64:AJ64)) -> 1318.34
B65: NC | C65: Incidentes | F65: =IF(F$3="","",IF(COUNTIFS(Base!$A$3:$A$5001,F$3,Base!$B$3:$B$5001,$A$59,Base!$I$3:$I$5001,"<>")=0,"",SUMIFS(Base!$I$3:$I$5001,Base!$A$3:$A$5001,F$3,Base!$B$3:$B$5001,$A$59))) -> 1 | G65: =IF(G$3="","",IF(COUNTIFS(Base!$A$3:$A$5001,G$3,Base!$B$3:$B$5001,$A$59,Base!$I$3:$I$5001,"<>")=0,"",SUMIFS(Base!$I$3:$I$5001,Base!$A$3:$A$5001,G$3,Base!$B$3:$B$5001,$A$59))) -> 0 | H65: =IF(H$3="","",IF(COUNTIFS(Base!$A$3:$A$5001,H$3,Base!$B$3:$B$5001,$A$59,Base!$I$3:$I$5001,"<>")=0,"",SUMIFS(Base!$I$3:$I$5001,Base!$A$3:$A$5001,H$3,Base!$B$3:$B$5001,$A$59))) -> 0 | I65: =IF(I$3="","",IF(COUNTIFS(Base!$A$3:$A$5001,I$3,Base!$B$3:$B$5001,$A$59,Base!$I$3:$I$5001,"<>")=0,"",SUMIFS(Base!$I$3:$I$5001,Base!$A$3:$A$5001,I$3,Base!$B$3:$B$5001,$A$59))) -> 0 | J65: =IF(J$3="","",IF(COUNTIFS(Base!$A$3:$A$5001,J$3,Base!$B$3:$B$5001,$A$59,Base!$I$3:$I$5001,"<>")=0,"",SUMIFS(Base!$I$3:$I$5001,Base!$A$3:$A$5001,J$3,Base!$B$3:$B$5001,$A$59))) -> 0 | K65: =IF(K$3="","",IF(COUNTIFS(Base!$A$3:$A$5001,K$3,Base!$B$3:$B$5001,$A$59,Base!$I$3:$I$5001,"<>")=0,"",SUMIFS(Base!$I$3:$I$5001,Base!$A$3:$A$5001,K$3,Base!$B$3:$B$5001,$A$59))) | L65: =IF(L$3="","",IF(COUNTIFS(Base!$A$3:$A$5001,L$3,Base!$B$3:$B$5001,$A$59,Base!$I$3:$I$5001,"<>")=0,"",SUMIFS(Base!$I$3:$I$5001,Base!$A$3:$A$5001,L$3,Base!$B$3:$B$5001,$A$59))) -> 0 | M65: =IF(M$3="","",IF(COUNTIFS(Base!$A$3:$A$5001,M$3,Base!$B$3:$B$5001,$A$59,Base!$I$3:$I$5001,"<>")=0,"",SUMIFS(Base!$I$3:$I$5001,Base!$A$3:$A$5001,M$3,Base!$B$3:$B$5001,$A$59))) -> 0 | ... AJ65: =IF(AJ$3="","",IF(COUNTIFS(Base!$A$3:$A$5001,AJ$3,Base!$B$3:$B$5001,$A$59,Base!$I$3:$I$5001,"<>")=0,"",SUMIFS(Base!$I$3:$I$5001,Base!$A$3:$A$5001,AJ$3,Base!$B$3:$B$5001,$A$59))) | AK65: =IF(COUNT(F65:AJ65)=0,"",SUM(F65:AJ65)) -> 5
C66: No show | F66: =IF(F$3="","",IF(COUNTIFS(Base!$A$3:$A$5001,F$3,Base!$B$3:$B$5001,$A$59,Base!$J$3:$J$5001,"<>")=0,"",SUMIFS(Base!$J$3:$J$5001,Base!$A$3:$A$5001,F$3,Base!$B$3:$B$5001,$A$59))) | G66: =IF(G$3="","",IF(COUNTIFS(Base!$A$3:$A$5001,G$3,Base!$B$3:$B$5001,$A$59,Base!$J$3:$J$5001,"<>")=0,"",SUMIFS(Base!$J$3:$J$5001,Base!$A$3:$A$5001,G$3,Base!$B$3:$B$5001,$A$59))) | H66: =IF(H$3="","",IF(COUNTIFS(Base!$A$3:$A$5001,H$3,Base!$B$3:$B$5001,$A$59,Base!$J$3:$J$5001,"<>")=0,"",SUMIFS(Base!$J$3:$J$5001,Base!$A$3:$A$5001,H$3,Base!$B$3:$B$5001,$A$59))) | I66: =IF(I$3="","",IF(COUNTIFS(Base!$A$3:$A$5001,I$3,Base!$B$3:$B$5001,$A$59,Base!$J$3:$J$5001,"<>")=0,"",SUMIFS(Base!$J$3:$J$5001,Base!$A$3:$A$5001,I$3,Base!$B$3:$B$5001,$A$59))) | J66: =IF(J$3="","",IF(COUNTIFS(Base!$A$3:$A$5001,J$3,Base!$B$3:$B$5001,$A$59,Base!$J$3:$J$5001,"<>")=0,"",SUMIFS(Base!$J$3:$J$5001,Base!$A$3:$A$5001,J$3,Base!$B$3:$B$5001,$A$59))) | K66: =IF(K$3="","",IF(COUNTIFS(Base!$A$3:$A$5001,K$3,Base!$B$3:$B$5001,$A$59,Base!$J$3:$J$5001,"<>")=0,"",SUMIFS(Base!$J$3:$J$5001,Base!$A$3:$A$5001,K$3,Base!$B$3:$B$5001,$A$59))) | L66: =IF(L$3="","",IF(COUNTIFS(Base!$A$3:$A$5001,L$3,Base!$B$3:$B$5001,$A$59,Base!$J$3:$J$5001,"<>")=0,"",SUMIFS(Base!$J$3:$J$5001,Base!$A$3:$A$5001,L$3,Base!$B$3:$B$5001,$A$59))) | M66: =IF(M$3="","",IF(COUNTIFS(Base!$A$3:$A$5001,M$3,Base!$B$3:$B$5001,$A$59,Base!$J$3:$J$5001,"<>")=0,"",SUMIFS(Base!$J$3:$J$5001,Base!$A$3:$A$5001,M$3,Base!$B$3:$B$5001,$A$59))) | ... AJ66: =IF(AJ$3="","",IF(COUNTIFS(Base!$A$3:$A$5001,AJ$3,Base!$B$3:$B$5001,$A$59,Base!$J$3:$J$5001,"<>")=0,"",SUMIFS(Base!$J$3:$J$5001,Base!$A$3:$A$5001,AJ$3,Base!$B$3:$B$5001,$A$59))) | AK66: =IF(COUNT(F66:AJ66)=0,"",SUM(F66:AJ66))
C67: Backlog | F67: =IF(F$3="","",IF(COUNTIFS(Base!$A$3:$A$5001,F$3,Base!$B$3:$B$5001,$A$59,Base!$K$3:$K$5001,"<>")=0,"",SUMIFS(Base!$K$3:$K$5001,Base!$A$3:$A$5001,F$3,Base!$B$3:$B$5001,$A$59))) | G67: =IF(G$3="","",IF(COUNTIFS(Base!$A$3:$A$5001,G$3,Base!$B$3:$B$5001,$A$59,Base!$K$3:$K$5001,"<>")=0,"",SUMIFS(Base!$K$3:$K$5001,Base!$A$3:$A$5001,G$3,Base!$B$3:$B$5001,$A$59))) | H67: =IF(H$3="","",IF(COUNTIFS(Base!$A$3:$A$5001,H$3,Base!$B$3:$B$5001,$A$59,Base!$K$3:$K$5001,"<>")=0,"",SUMIFS(Base!$K$3:$K$5001,Base!$A$3:$A$5001,H$3,Base!$B$3:$B$5001,$A$59))) | I67: =IF(I$3="","",IF(COUNTIFS(Base!$A$3:$A$5001,I$3,Base!$B$3:$B$5001,$A$59,Base!$K$3:$K$5001,"<>")=0,"",SUMIFS(Base!$K$3:$K$5001,Base!$A$3:$A$5001,I$3,Base!$B$3:$B$5001,$A$59))) | J67: =IF(J$3="","",IF(COUNTIFS(Base!$A$3:$A$5001,J$3,Base!$B$3:$B$5001,$A$59,Base!$K$3:$K$5001,"<>")=0,"",SUMIFS(Base!$K$3:$K$5001,Base!$A$3:$A$5001,J$3,Base!$B$3:$B$5001,$A$59))) | K67: =IF(K$3="","",IF(COUNTIFS(Base!$A$3:$A$5001,K$3,Base!$B$3:$B$5001,$A$59,Base!$K$3:$K$5001,"<>")=0,"",SUMIFS(Base!$K$3:$K$5001,Base!$A$3:$A$5001,K$3,Base!$B$3:$B$5001,$A$59))) | L67: =IF(L$3="","",IF(COUNTIFS(Base!$A$3:$A$5001,L$3,Base!$B$3:$B$5001,$A$59,Base!$K$3:$K$5001,"<>")=0,"",SUMIFS(Base!$K$3:$K$5001,Base!$A$3:$A$5001,L$3,Base!$B$3:$B$5001,$A$59))) | M67: =IF(M$3="","",IF(COUNTIFS(Base!$A$3:$A$5001,M$3,Base!$B$3:$B$5001,$A$59,Base!$K$3:$K$5001,"<>")=0,"",SUMIFS(Base!$K$3:$K$5001,Base!$A$3:$A$5001,M$3,Base!$B$3:$B$5001,$A$59))) | ... AJ67: =IF(AJ$3="","",IF(COUNTIFS(Base!$A$3:$A$5001,AJ$3,Base!$B$3:$B$5001,$A$59,Base!$K$3:$K$5001,"<>")=0,"",SUMIFS(Base!$K$3:$K$5001,Base!$A$3:$A$5001,AJ$3,Base!$B$3:$B$5001,$A$59))) | AK67: =IFERROR(LOOKUP(9.99E+307,F67:AJ67),"")
B68: OCUPAÇÃO (P.P) | C68: Posições Disponíveis | F68: =IF(F$3="","",IF(COUNTIFS(Base!$A$3:$A$5001,F$3,Base!$B$3:$B$5001,$A$59,Base!$L$3:$L$5001,"<>")=0,"",SUMIFS(Base!$L$3:$L$5001,Base!$A$3:$A$5001,F$3,Base!$B$3:$B$5001,$A$59))) -> 1400 | G68: =IF(G$3="","",IF(COUNTIFS(Base!$A$3:$A$5001,G$3,Base!$B$3:$B$5001,$A$59,Base!$L$3:$L$5001,"<>")=0,"",SUMIFS(Base!$L$3:$L$5001,Base!$A$3:$A$5001,G$3,Base!$B$3:$B$5001,$A$59))) -> 1400 | H68: =IF(H$3="","",IF(COUNTIFS(Base!$A$3:$A$5001,H$3,Base!$B$3:$B$5001,$A$59,Base!$L$3:$L$5001,"<>")=0,"",SUMIFS(Base!$L$3:$L$5001,Base!$A$3:$A$5001,H$3,Base!$B$3:$B$5001,$A$59))) -> 1400 | I68: =IF(I$3="","",IF(COUNTIFS(Base!$A$3:$A$5001,I$3,Base!$B$3:$B$5001,$A$59,Base!$L$3:$L$5001,"<>")=0,"",SUMIFS(Base!$L$3:$L$5001,Base!$A$3:$A$5001,I$3,Base!$B$3:$B$5001,$A$59))) -> 1400 | J68: =IF(J$3="","",IF(COUNTIFS(Base!$A$3:$A$5001,J$3,Base!$B$3:$B$5001,$A$59,Base!$L$3:$L$5001,"<>")=0,"",SUMIFS(Base!$L$3:$L$5001,Base!$A$3:$A$5001,J$3,Base!$B$3:$B$5001,$A$59))) -> 1400 | K68: =IF(K$3="","",IF(COUNTIFS(Base!$A$3:$A$5001,K$3,Base!$B$3:$B$5001,$A$59,Base!$L$3:$L$5001,"<>")=0,"",SUMIFS(Base!$L$3:$L$5001,Base!$A$3:$A$5001,K$3,Base!$B$3:$B$5001,$A$59))) | L68: =IF(L$3="","",IF(COUNTIFS(Base!$A$3:$A$5001,L$3,Base!$B$3:$B$5001,$A$59,Base!$L$3:$L$5001,"<>")=0,"",SUMIFS(Base!$L$3:$L$5001,Base!$A$3:$A$5001,L$3,Base!$B$3:$B$5001,$A$59))) -> 1400 | M68: =IF(M$3="","",IF(COUNTIFS(Base!$A$3:$A$5001,M$3,Base!$B$3:$B$5001,$A$59,Base!$L$3:$L$5001,"<>")=0,"",SUMIFS(Base!$L$3:$L$5001,Base!$A$3:$A$5001,M$3,Base!$B$3:$B$5001,$A$59))) -> 1400 | ... AJ68: =IF(AJ$3="","",IF(COUNTIFS(Base!$A$3:$A$5001,AJ$3,Base!$B$3:$B$5001,$A$59,Base!$L$3:$L$5001,"<>")=0,"",SUMIFS(Base!$L$3:$L$5001,Base!$A$3:$A$5001,AJ$3,Base!$B$3:$B$5001,$A$59))) | AK68: =IFERROR(LOOKUP(9.99E+307,F68:AJ68),"") -> 1400
C69: Posições Ocupadas | F69: =IF(F$3="","",IF(COUNTIFS(Base!$A$3:$A$5001,F$3,Base!$B$3:$B$5001,$A$59,Base!$M$3:$M$5001,"<>")=0,"",SUMIFS(Base!$M$3:$M$5001,Base!$A$3:$A$5001,F$3,Base!$B$3:$B$5001,$A$59))) -> 1284 | G69: =IF(G$3="","",IF(COUNTIFS(Base!$A$3:$A$5001,G$3,Base!$B$3:$B$5001,$A$59,Base!$M$3:$M$5001,"<>")=0,"",SUMIFS(Base!$M$3:$M$5001,Base!$A$3:$A$5001,G$3,Base!$B$3:$B$5001,$A$59))) -> 1076 | H69: =IF(H$3="","",IF(COUNTIFS(Base!$A$3:$A$5001,H$3,Base!$B$3:$B$5001,$A$59,Base!$M$3:$M$5001,"<>")=0,"",SUMIFS(Base!$M$3:$M$5001,Base!$A$3:$A$5001,H$3,Base!$B$3:$B$5001,$A$59))) -> 1104 | I69: =IF(I$3="","",IF(COUNTIFS(Base!$A$3:$A$5001,I$3,Base!$B$3:$B$5001,$A$59,Base!$M$3:$M$5001,"<>")=0,"",SUMIFS(Base!$M$3:$M$5001,Base!$A$3:$A$5001,I$3,Base!$B$3:$B$5001,$A$59))) -> 804 | J69: =IF(J$3="","",IF(COUNTIFS(Base!$A$3:$A$5001,J$3,Base!$B$3:$B$5001,$A$59,Base!$M$3:$M$5001,"<>")=0,"",SUMIFS(Base!$M$3:$M$5001,Base!$A$3:$A$5001,J$3,Base!$B$3:$B$5001,$A$59))) -> 887 | K69: =IF(K$3="","",IF(COUNTIFS(Base!$A$3:$A$5001,K$3,Base!$B$3:$B$5001,$A$59,Base!$M$3:$M$5001,"<>")=0,"",SUMIFS(Base!$M$3:$M$5001,Base!$A$3:$A$5001,K$3,Base!$B$3:$B$5001,$A$59))) | L69: =IF(L$3="","",IF(COUNTIFS(Base!$A$3:$A$5001,L$3,Base!$B$3:$B$5001,$A$59,Base!$M$3:$M$5001,"<>")=0,"",SUMIFS(Base!$M$3:$M$5001,Base!$A$3:$A$5001,L$3,Base!$B$3:$B$5001,$A$59))) -> 931 | M69: =IF(M$3="","",IF(COUNTIFS(Base!$A$3:$A$5001,M$3,Base!$B$3:$B$5001,$A$59,Base!$M$3:$M$5001,"<>")=0,"",SUMIFS(Base!$M$3:$M$5001,Base!$A$3:$A$5001,M$3,Base!$B$3:$B$5001,$A$59))) -> 856 | ... AJ69: =IF(AJ$3="","",IF(COUNTIFS(Base!$A$3:$A$5001,AJ$3,Base!$B$3:$B$5001,$A$59,Base!$M$3:$M$5001,"<>")=0,"",SUMIFS(Base!$M$3:$M$5001,Base!$A$3:$A$5001,AJ$3,Base!$B$3:$B$5001,$A$59))) | AK69: =IFERROR(LOOKUP(9.99E+307,F69:AJ69),"") -> 1196
C70: Taxa de Ocupação | F70: =IF(AND(ISNUMBER(F68),ISNUMBER(F69)),IF(F68>0,F69/F68,""),"") -> 0.91714286 | G70: =IF(AND(ISNUMBER(G68),ISNUMBER(G69)),IF(G68>0,G69/G68,""),"") -> 0.76857143 | H70: =IF(AND(ISNUMBER(H68),ISNUMBER(H69)),IF(H68>0,H69/H68,""),"") -> 0.78857143 | I70: =IF(AND(ISNUMBER(I68),ISNUMBER(I69)),IF(I68>0,I69/I68,""),"") -> 0.57428571 | J70: =IF(AND(ISNUMBER(J68),ISNUMBER(J69)),IF(J68>0,J69/J68,""),"") -> 0.63357143 | K70: =IF(AND(ISNUMBER(K68),ISNUMBER(K69)),IF(K68>0,K69/K68,""),"") | L70: =IF(AND(ISNUMBER(L68),ISNUMBER(L69)),IF(L68>0,L69/L68,""),"") -> 0.665 | M70: =IF(AND(ISNUMBER(M68),ISNUMBER(M69)),IF(M68>0,M69/M68,""),"") -> 0.61142857 | ... AK70: =IF(AND(ISNUMBER(AK68),ISNUMBER(AK69)),IF(AK68>0,AK69/AK68,""),"") -> 0.85428571
B71: GENTE | C71: Efetivo Op. | F71: =IF(F$3="","",IF(COUNTIFS(Base!$A$3:$A$5001,F$3,Base!$B$3:$B$5001,$A$59,Base!$N$3:$N$5001,"<>")=0,"",SUMIFS(Base!$N$3:$N$5001,Base!$A$3:$A$5001,F$3,Base!$B$3:$B$5001,$A$59))) -> 8 | G71: =IF(G$3="","",IF(COUNTIFS(Base!$A$3:$A$5001,G$3,Base!$B$3:$B$5001,$A$59,Base!$N$3:$N$5001,"<>")=0,"",SUMIFS(Base!$N$3:$N$5001,Base!$A$3:$A$5001,G$3,Base!$B$3:$B$5001,$A$59))) -> 6 | H71: =IF(H$3="","",IF(COUNTIFS(Base!$A$3:$A$5001,H$3,Base!$B$3:$B$5001,$A$59,Base!$N$3:$N$5001,"<>")=0,"",SUMIFS(Base!$N$3:$N$5001,Base!$A$3:$A$5001,H$3,Base!$B$3:$B$5001,$A$59))) -> 9 | I71: =IF(I$3="","",IF(COUNTIFS(Base!$A$3:$A$5001,I$3,Base!$B$3:$B$5001,$A$59,Base!$N$3:$N$5001,"<>")=0,"",SUMIFS(Base!$N$3:$N$5001,Base!$A$3:$A$5001,I$3,Base!$B$3:$B$5001,$A$59))) -> 5 | J71: =IF(J$3="","",IF(COUNTIFS(Base!$A$3:$A$5001,J$3,Base!$B$3:$B$5001,$A$59,Base!$N$3:$N$5001,"<>")=0,"",SUMIFS(Base!$N$3:$N$5001,Base!$A$3:$A$5001,J$3,Base!$B$3:$B$5001,$A$59))) -> 6 | K71: =IF(K$3="","",IF(COUNTIFS(Base!$A$3:$A$5001,K$3,Base!$B$3:$B$5001,$A$59,Base!$N$3:$N$5001,"<>")=0,"",SUMIFS(Base!$N$3:$N$5001,Base!$A$3:$A$5001,K$3,Base!$B$3:$B$5001,$A$59))) | L71: =IF(L$3="","",IF(COUNTIFS(Base!$A$3:$A$5001,L$3,Base!$B$3:$B$5001,$A$59,Base!$N$3:$N$5001,"<>")=0,"",SUMIFS(Base!$N$3:$N$5001,Base!$A$3:$A$5001,L$3,Base!$B$3:$B$5001,$A$59))) -> 9 | M71: =IF(M$3="","",IF(COUNTIFS(Base!$A$3:$A$5001,M$3,Base!$B$3:$B$5001,$A$59,Base!$N$3:$N$5001,"<>")=0,"",SUMIFS(Base!$N$3:$N$5001,Base!$A$3:$A$5001,M$3,Base!$B$3:$B$5001,$A$59))) -> 7 | ... AJ71: =IF(AJ$3="","",IF(COUNTIFS(Base!$A$3:$A$5001,AJ$3,Base!$B$3:$B$5001,$A$59,Base!$N$3:$N$5001,"<>")=0,"",SUMIFS(Base!$N$3:$N$5001,Base!$A$3:$A$5001,AJ$3,Base!$B$3:$B$5001,$A$59))) | AK71: =IFERROR(LOOKUP(9.99E+307,F71:AJ71),"") -> 8
C72: Falta | F72: =IF(F$3="","",IF(COUNTIFS(Base!$A$3:$A$5001,F$3,Base!$B$3:$B$5001,$A$59,Base!$O$3:$O$5001,"<>")=0,"",SUMIFS(Base!$O$3:$O$5001,Base!$A$3:$A$5001,F$3,Base!$B$3:$B$5001,$A$59))) | G72: =IF(G$3="","",IF(COUNTIFS(Base!$A$3:$A$5001,G$3,Base!$B$3:$B$5001,$A$59,Base!$O$3:$O$5001,"<>")=0,"",SUMIFS(Base!$O$3:$O$5001,Base!$A$3:$A$5001,G$3,Base!$B$3:$B$5001,$A$59))) | H72: =IF(H$3="","",IF(COUNTIFS(Base!$A$3:$A$5001,H$3,Base!$B$3:$B$5001,$A$59,Base!$O$3:$O$5001,"<>")=0,"",SUMIFS(Base!$O$3:$O$5001,Base!$A$3:$A$5001,H$3,Base!$B$3:$B$5001,$A$59))) | I72: =IF(I$3="","",IF(COUNTIFS(Base!$A$3:$A$5001,I$3,Base!$B$3:$B$5001,$A$59,Base!$O$3:$O$5001,"<>")=0,"",SUMIFS(Base!$O$3:$O$5001,Base!$A$3:$A$5001,I$3,Base!$B$3:$B$5001,$A$59))) | J72: =IF(J$3="","",IF(COUNTIFS(Base!$A$3:$A$5001,J$3,Base!$B$3:$B$5001,$A$59,Base!$O$3:$O$5001,"<>")=0,"",SUMIFS(Base!$O$3:$O$5001,Base!$A$3:$A$5001,J$3,Base!$B$3:$B$5001,$A$59))) | K72: =IF(K$3="","",IF(COUNTIFS(Base!$A$3:$A$5001,K$3,Base!$B$3:$B$5001,$A$59,Base!$O$3:$O$5001,"<>")=0,"",SUMIFS(Base!$O$3:$O$5001,Base!$A$3:$A$5001,K$3,Base!$B$3:$B$5001,$A$59))) | L72: =IF(L$3="","",IF(COUNTIFS(Base!$A$3:$A$5001,L$3,Base!$B$3:$B$5001,$A$59,Base!$O$3:$O$5001,"<>")=0,"",SUMIFS(Base!$O$3:$O$5001,Base!$A$3:$A$5001,L$3,Base!$B$3:$B$5001,$A$59))) | M72: =IF(M$3="","",IF(COUNTIFS(Base!$A$3:$A$5001,M$3,Base!$B$3:$B$5001,$A$59,Base!$O$3:$O$5001,"<>")=0,"",SUMIFS(Base!$O$3:$O$5001,Base!$A$3:$A$5001,M$3,Base!$B$3:$B$5001,$A$59))) | ... AJ72: =IF(AJ$3="","",IF(COUNTIFS(Base!$A$3:$A$5001,AJ$3,Base!$B$3:$B$5001,$A$59,Base!$O$3:$O$5001,"<>")=0,"",SUMIFS(Base!$O$3:$O$5001,Base!$A$3:$A$5001,AJ$3,Base!$B$3:$B$5001,$A$59))) | AK72: =IF(COUNT(F72:AJ72)=0,"",SUM(F72:AJ72))
C73: Folga | F73: =IF(F$3="","",IF(COUNTIFS(Base!$A$3:$A$5001,F$3,Base!$B$3:$B$5001,$A$59,Base!$P$3:$P$5001,"<>")=0,"",SUMIFS(Base!$P$3:$P$5001,Base!$A$3:$A$5001,F$3,Base!$B$3:$B$5001,$A$59))) | G73: =IF(G$3="","",IF(COUNTIFS(Base!$A$3:$A$5001,G$3,Base!$B$3:$B$5001,$A$59,Base!$P$3:$P$5001,"<>")=0,"",SUMIFS(Base!$P$3:$P$5001,Base!$A$3:$A$5001,G$3,Base!$B$3:$B$5001,$A$59))) | H73: =IF(H$3="","",IF(COUNTIFS(Base!$A$3:$A$5001,H$3,Base!$B$3:$B$5001,$A$59,Base!$P$3:$P$5001,"<>")=0,"",SUMIFS(Base!$P$3:$P$5001,Base!$A$3:$A$5001,H$3,Base!$B$3:$B$5001,$A$59))) | I73: =IF(I$3="","",IF(COUNTIFS(Base!$A$3:$A$5001,I$3,Base!$B$3:$B$5001,$A$59,Base!$P$3:$P$5001,"<>")=0,"",SUMIFS(Base!$P$3:$P$5001,Base!$A$3:$A$5001,I$3,Base!$B$3:$B$5001,$A$59))) | J73: =IF(J$3="","",IF(COUNTIFS(Base!$A$3:$A$5001,J$3,Base!$B$3:$B$5001,$A$59,Base!$P$3:$P$5001,"<>")=0,"",SUMIFS(Base!$P$3:$P$5001,Base!$A$3:$A$5001,J$3,Base!$B$3:$B$5001,$A$59))) | K73: =IF(K$3="","",IF(COUNTIFS(Base!$A$3:$A$5001,K$3,Base!$B$3:$B$5001,$A$59,Base!$P$3:$P$5001,"<>")=0,"",SUMIFS(Base!$P$3:$P$5001,Base!$A$3:$A$5001,K$3,Base!$B$3:$B$5001,$A$59))) | L73: =IF(L$3="","",IF(COUNTIFS(Base!$A$3:$A$5001,L$3,Base!$B$3:$B$5001,$A$59,Base!$P$3:$P$5001,"<>")=0,"",SUMIFS(Base!$P$3:$P$5001,Base!$A$3:$A$5001,L$3,Base!$B$3:$B$5001,$A$59))) | M73: =IF(M$3="","",IF(COUNTIFS(Base!$A$3:$A$5001,M$3,Base!$B$3:$B$5001,$A$59,Base!$P$3:$P$5001,"<>")=0,"",SUMIFS(Base!$P$3:$P$5001,Base!$A$3:$A$5001,M$3,Base!$B$3:$B$5001,$A$59))) | ... AJ73: =IF(AJ$3="","",IF(COUNTIFS(Base!$A$3:$A$5001,AJ$3,Base!$B$3:$B$5001,$A$59,Base!$P$3:$P$5001,"<>")=0,"",SUMIFS(Base!$P$3:$P$5001,Base!$A$3:$A$5001,AJ$3,Base!$B$3:$B$5001,$A$59))) | AK73: =IF(COUNT(F73:AJ73)=0,"",SUM(F73:AJ73))
C74: Férias | F74: =IF(F$3="","",IF(COUNTIFS(Base!$A$3:$A$5001,F$3,Base!$B$3:$B$5001,$A$59,Base!$Q$3:$Q$5001,"<>")=0,"",SUMIFS(Base!$Q$3:$Q$5001,Base!$A$3:$A$5001,F$3,Base!$B$3:$B$5001,$A$59))) | G74: =IF(G$3="","",IF(COUNTIFS(Base!$A$3:$A$5001,G$3,Base!$B$3:$B$5001,$A$59,Base!$Q$3:$Q$5001,"<>")=0,"",SUMIFS(Base!$Q$3:$Q$5001,Base!$A$3:$A$5001,G$3,Base!$B$3:$B$5001,$A$59))) | H74: =IF(H$3="","",IF(COUNTIFS(Base!$A$3:$A$5001,H$3,Base!$B$3:$B$5001,$A$59,Base!$Q$3:$Q$5001,"<>")=0,"",SUMIFS(Base!$Q$3:$Q$5001,Base!$A$3:$A$5001,H$3,Base!$B$3:$B$5001,$A$59))) | I74: =IF(I$3="","",IF(COUNTIFS(Base!$A$3:$A$5001,I$3,Base!$B$3:$B$5001,$A$59,Base!$Q$3:$Q$5001,"<>")=0,"",SUMIFS(Base!$Q$3:$Q$5001,Base!$A$3:$A$5001,I$3,Base!$B$3:$B$5001,$A$59))) | J74: =IF(J$3="","",IF(COUNTIFS(Base!$A$3:$A$5001,J$3,Base!$B$3:$B$5001,$A$59,Base!$Q$3:$Q$5001,"<>")=0,"",SUMIFS(Base!$Q$3:$Q$5001,Base!$A$3:$A$5001,J$3,Base!$B$3:$B$5001,$A$59))) | K74: =IF(K$3="","",IF(COUNTIFS(Base!$A$3:$A$5001,K$3,Base!$B$3:$B$5001,$A$59,Base!$Q$3:$Q$5001,"<>")=0,"",SUMIFS(Base!$Q$3:$Q$5001,Base!$A$3:$A$5001,K$3,Base!$B$3:$B$5001,$A$59))) | L74: =IF(L$3="","",IF(COUNTIFS(Base!$A$3:$A$5001,L$3,Base!$B$3:$B$5001,$A$59,Base!$Q$3:$Q$5001,"<>")=0,"",SUMIFS(Base!$Q$3:$Q$5001,Base!$A$3:$A$5001,L$3,Base!$B$3:$B$5001,$A$59))) | M74: =IF(M$3="","",IF(COUNTIFS(Base!$A$3:$A$5001,M$3,Base!$B$3:$B$5001,$A$59,Base!$Q$3:$Q$5001,"<>")=0,"",SUMIFS(Base!$Q$3:$Q$5001,Base!$A$3:$A$5001,M$3,Base!$B$3:$B$5001,$A$59))) | ... AJ74: =IF(AJ$3="","",IF(COUNTIFS(Base!$A$3:$A$5001,AJ$3,Base!$B$3:$B$5001,$A$59,Base!$Q$3:$Q$5001,"<>")=0,"",SUMIFS(Base!$Q$3:$Q$5001,Base!$A$3:$A$5001,AJ$3,Base!$B$3:$B$5001,$A$59))) | AK74: =IF(COUNT(F74:AJ74)=0,"",SUM(F74:AJ74))
C75: Desligamento | F75: =IF(F$3="","",IF(COUNTIFS(Base!$A$3:$A$5001,F$3,Base!$B$3:$B$5001,$A$59,Base!$R$3:$R$5001,"<>")=0,"",SUMIFS(Base!$R$3:$R$5001,Base!$A$3:$A$5001,F$3,Base!$B$3:$B$5001,$A$59))) | G75: =IF(G$3="","",IF(COUNTIFS(Base!$A$3:$A$5001,G$3,Base!$B$3:$B$5001,$A$59,Base!$R$3:$R$5001,"<>")=0,"",SUMIFS(Base!$R$3:$R$5001,Base!$A$3:$A$5001,G$3,Base!$B$3:$B$5001,$A$59))) | H75: =IF(H$3="","",IF(COUNTIFS(Base!$A$3:$A$5001,H$3,Base!$B$3:$B$5001,$A$59,Base!$R$3:$R$5001,"<>")=0,"",SUMIFS(Base!$R$3:$R$5001,Base!$A$3:$A$5001,H$3,Base!$B$3:$B$5001,$A$59))) | I75: =IF(I$3="","",IF(COUNTIFS(Base!$A$3:$A$5001,I$3,Base!$B$3:$B$5001,$A$59,Base!$R$3:$R$5001,"<>")=0,"",SUMIFS(Base!$R$3:$R$5001,Base!$A$3:$A$5001,I$3,Base!$B$3:$B$5001,$A$59))) | J75: =IF(J$3="","",IF(COUNTIFS(Base!$A$3:$A$5001,J$3,Base!$B$3:$B$5001,$A$59,Base!$R$3:$R$5001,"<>")=0,"",SUMIFS(Base!$R$3:$R$5001,Base!$A$3:$A$5001,J$3,Base!$B$3:$B$5001,$A$59))) | K75: =IF(K$3="","",IF(COUNTIFS(Base!$A$3:$A$5001,K$3,Base!$B$3:$B$5001,$A$59,Base!$R$3:$R$5001,"<>")=0,"",SUMIFS(Base!$R$3:$R$5001,Base!$A$3:$A$5001,K$3,Base!$B$3:$B$5001,$A$59))) | L75: =IF(L$3="","",IF(COUNTIFS(Base!$A$3:$A$5001,L$3,Base!$B$3:$B$5001,$A$59,Base!$R$3:$R$5001,"<>")=0,"",SUMIFS(Base!$R$3:$R$5001,Base!$A$3:$A$5001,L$3,Base!$B$3:$B$5001,$A$59))) | M75: =IF(M$3="","",IF(COUNTIFS(Base!$A$3:$A$5001,M$3,Base!$B$3:$B$5001,$A$59,Base!$R$3:$R$5001,"<>")=0,"",SUMIFS(Base!$R$3:$R$5001,Base!$A$3:$A$5001,M$3,Base!$B$3:$B$5001,$A$59))) | ... AJ75: =IF(AJ$3="","",IF(COUNTIFS(Base!$A$3:$A$5001,AJ$3,Base!$B$3:$B$5001,$A$59,Base!$R$3:$R$5001,"<>")=0,"",SUMIFS(Base!$R$3:$R$5001,Base!$A$3:$A$5001,AJ$3,Base!$B$3:$B$5001,$A$59))) | AK75: =IF(COUNT(F75:AJ75)=0,"",SUM(F75:AJ75))
A77: PMB | B77: IN | C77: Veículos Recebidos | F77: =IF(F$3="","",IF(COUNTIFS(Base!$A$3:$A$5001,F$3,Base!$B$3:$B$5001,$A$77,Base!$C$3:$C$5001,"<>")=0,"",SUMIFS(Base!$C$3:$C$5001,Base!$A$3:$A$5001,F$3,Base!$B$3:$B$5001,$A$77))) -> 5 | G77: =IF(G$3="","",IF(COUNTIFS(Base!$A$3:$A$5001,G$3,Base!$B$3:$B$5001,$A$77,Base!$C$3:$C$5001,"<>")=0,"",SUMIFS(Base!$C$3:$C$5001,Base!$A$3:$A$5001,G$3,Base!$B$3:$B$5001,$A$77))) -> 7 | H77: =IF(H$3="","",IF(COUNTIFS(Base!$A$3:$A$5001,H$3,Base!$B$3:$B$5001,$A$77,Base!$C$3:$C$5001,"<>")=0,"",SUMIFS(Base!$C$3:$C$5001,Base!$A$3:$A$5001,H$3,Base!$B$3:$B$5001,$A$77))) -> 7 | I77: =IF(I$3="","",IF(COUNTIFS(Base!$A$3:$A$5001,I$3,Base!$B$3:$B$5001,$A$77,Base!$C$3:$C$5001,"<>")=0,"",SUMIFS(Base!$C$3:$C$5001,Base!$A$3:$A$5001,I$3,Base!$B$3:$B$5001,$A$77))) -> 4 | J77: =IF(J$3="","",IF(COUNTIFS(Base!$A$3:$A$5001,J$3,Base!$B$3:$B$5001,$A$77,Base!$C$3:$C$5001,"<>")=0,"",SUMIFS(Base!$C$3:$C$5001,Base!$A$3:$A$5001,J$3,Base!$B$3:$B$5001,$A$77))) | K77: =IF(K$3="","",IF(COUNTIFS(Base!$A$3:$A$5001,K$3,Base!$B$3:$B$5001,$A$77,Base!$C$3:$C$5001,"<>")=0,"",SUMIFS(Base!$C$3:$C$5001,Base!$A$3:$A$5001,K$3,Base!$B$3:$B$5001,$A$77))) -> 0 | L77: =IF(L$3="","",IF(COUNTIFS(Base!$A$3:$A$5001,L$3,Base!$B$3:$B$5001,$A$77,Base!$C$3:$C$5001,"<>")=0,"",SUMIFS(Base!$C$3:$C$5001,Base!$A$3:$A$5001,L$3,Base!$B$3:$B$5001,$A$77))) -> 4 | M77: =IF(M$3="","",IF(COUNTIFS(Base!$A$3:$A$5001,M$3,Base!$B$3:$B$5001,$A$77,Base!$C$3:$C$5001,"<>")=0,"",SUMIFS(Base!$C$3:$C$5001,Base!$A$3:$A$5001,M$3,Base!$B$3:$B$5001,$A$77))) -> 3 | ... AJ77: =IF(AJ$3="","",IF(COUNTIFS(Base!$A$3:$A$5001,AJ$3,Base!$B$3:$B$5001,$A$77,Base!$C$3:$C$5001,"<>")=0,"",SUMIFS(Base!$C$3:$C$5001,Base!$A$3:$A$5001,AJ$3,Base!$B$3:$B$5001,$A$77))) | AK77: =IF(COUNT(F77:AJ77)=0,"",SUM(F77:AJ77)) -> 102
C78: Pallets Movimentados | F78: =IF(F$3="","",IF(COUNTIFS(Base!$A$3:$A$5001,F$3,Base!$B$3:$B$5001,$A$77,Base!$D$3:$D$5001,"<>")=0,"",SUMIFS(Base!$D$3:$D$5001,Base!$A$3:$A$5001,F$3,Base!$B$3:$B$5001,$A$77))) -> 100 | G78: =IF(G$3="","",IF(COUNTIFS(Base!$A$3:$A$5001,G$3,Base!$B$3:$B$5001,$A$77,Base!$D$3:$D$5001,"<>")=0,"",SUMIFS(Base!$D$3:$D$5001,Base!$A$3:$A$5001,G$3,Base!$B$3:$B$5001,$A$77))) -> 161 | H78: =IF(H$3="","",IF(COUNTIFS(Base!$A$3:$A$5001,H$3,Base!$B$3:$B$5001,$A$77,Base!$D$3:$D$5001,"<>")=0,"",SUMIFS(Base!$D$3:$D$5001,Base!$A$3:$A$5001,H$3,Base!$B$3:$B$5001,$A$77))) -> 140 | I78: =IF(I$3="","",IF(COUNTIFS(Base!$A$3:$A$5001,I$3,Base!$B$3:$B$5001,$A$77,Base!$D$3:$D$5001,"<>")=0,"",SUMIFS(Base!$D$3:$D$5001,Base!$A$3:$A$5001,I$3,Base!$B$3:$B$5001,$A$77))) -> 108 | J78: =IF(J$3="","",IF(COUNTIFS(Base!$A$3:$A$5001,J$3,Base!$B$3:$B$5001,$A$77,Base!$D$3:$D$5001,"<>")=0,"",SUMIFS(Base!$D$3:$D$5001,Base!$A$3:$A$5001,J$3,Base!$B$3:$B$5001,$A$77))) | K78: =IF(K$3="","",IF(COUNTIFS(Base!$A$3:$A$5001,K$3,Base!$B$3:$B$5001,$A$77,Base!$D$3:$D$5001,"<>")=0,"",SUMIFS(Base!$D$3:$D$5001,Base!$A$3:$A$5001,K$3,Base!$B$3:$B$5001,$A$77))) -> 0 | L78: =IF(L$3="","",IF(COUNTIFS(Base!$A$3:$A$5001,L$3,Base!$B$3:$B$5001,$A$77,Base!$D$3:$D$5001,"<>")=0,"",SUMIFS(Base!$D$3:$D$5001,Base!$A$3:$A$5001,L$3,Base!$B$3:$B$5001,$A$77))) -> 104 | M78: =IF(M$3="","",IF(COUNTIFS(Base!$A$3:$A$5001,M$3,Base!$B$3:$B$5001,$A$77,Base!$D$3:$D$5001,"<>")=0,"",SUMIFS(Base!$D$3:$D$5001,Base!$A$3:$A$5001,M$3,Base!$B$3:$B$5001,$A$77))) -> 84 | ... AJ78: =IF(AJ$3="","",IF(COUNTIFS(Base!$A$3:$A$5001,AJ$3,Base!$B$3:$B$5001,$A$77,Base!$D$3:$D$5001,"<>")=0,"",SUMIFS(Base!$D$3:$D$5001,Base!$A$3:$A$5001,AJ$3,Base!$B$3:$B$5001,$A$77))) | AK78: =IF(COUNT(F78:AJ78)=0,"",SUM(F78:AJ78)) -> 2417
C79: Toneladas Movimentadas | F79: =IF(F$3="","",IF(COUNTIFS(Base!$A$3:$A$5001,F$3,Base!$B$3:$B$5001,$A$77,Base!$E$3:$E$5001,"<>")=0,"",SUMIFS(Base!$E$3:$E$5001,Base!$A$3:$A$5001,F$3,Base!$B$3:$B$5001,$A$77))) -> 97.56 | G79: =IF(G$3="","",IF(COUNTIFS(Base!$A$3:$A$5001,G$3,Base!$B$3:$B$5001,$A$77,Base!$E$3:$E$5001,"<>")=0,"",SUMIFS(Base!$E$3:$E$5001,Base!$A$3:$A$5001,G$3,Base!$B$3:$B$5001,$A$77))) -> 119.48 | H79: =IF(H$3="","",IF(COUNTIFS(Base!$A$3:$A$5001,H$3,Base!$B$3:$B$5001,$A$77,Base!$E$3:$E$5001,"<>")=0,"",SUMIFS(Base!$E$3:$E$5001,Base!$A$3:$A$5001,H$3,Base!$B$3:$B$5001,$A$77))) -> 118.81 | I79: =IF(I$3="","",IF(COUNTIFS(Base!$A$3:$A$5001,I$3,Base!$B$3:$B$5001,$A$77,Base!$E$3:$E$5001,"<>")=0,"",SUMIFS(Base!$E$3:$E$5001,Base!$A$3:$A$5001,I$3,Base!$B$3:$B$5001,$A$77))) -> 89.11 | J79: =IF(J$3="","",IF(COUNTIFS(Base!$A$3:$A$5001,J$3,Base!$B$3:$B$5001,$A$77,Base!$E$3:$E$5001,"<>")=0,"",SUMIFS(Base!$E$3:$E$5001,Base!$A$3:$A$5001,J$3,Base!$B$3:$B$5001,$A$77))) | K79: =IF(K$3="","",IF(COUNTIFS(Base!$A$3:$A$5001,K$3,Base!$B$3:$B$5001,$A$77,Base!$E$3:$E$5001,"<>")=0,"",SUMIFS(Base!$E$3:$E$5001,Base!$A$3:$A$5001,K$3,Base!$B$3:$B$5001,$A$77))) -> 0 | L79: =IF(L$3="","",IF(COUNTIFS(Base!$A$3:$A$5001,L$3,Base!$B$3:$B$5001,$A$77,Base!$E$3:$E$5001,"<>")=0,"",SUMIFS(Base!$E$3:$E$5001,Base!$A$3:$A$5001,L$3,Base!$B$3:$B$5001,$A$77))) -> 77.25 | M79: =IF(M$3="","",IF(COUNTIFS(Base!$A$3:$A$5001,M$3,Base!$B$3:$B$5001,$A$77,Base!$E$3:$E$5001,"<>")=0,"",SUMIFS(Base!$E$3:$E$5001,Base!$A$3:$A$5001,M$3,Base!$B$3:$B$5001,$A$77))) -> 58.18 | ... AJ79: =IF(AJ$3="","",IF(COUNTIFS(Base!$A$3:$A$5001,AJ$3,Base!$B$3:$B$5001,$A$77,Base!$E$3:$E$5001,"<>")=0,"",SUMIFS(Base!$E$3:$E$5001,Base!$A$3:$A$5001,AJ$3,Base!$B$3:$B$5001,$A$77))) | AK79: =IF(COUNT(F79:AJ79)=0,"",SUM(F79:AJ79)) -> 1557.8
B80: OUT | C80: Veículos Expedidos | F80: =IF(F$3="","",IF(COUNTIFS(Base!$A$3:$A$5001,F$3,Base!$B$3:$B$5001,$A$77,Base!$F$3:$F$5001,"<>")=0,"",SUMIFS(Base!$F$3:$F$5001,Base!$A$3:$A$5001,F$3,Base!$B$3:$B$5001,$A$77))) -> 10 | G80: =IF(G$3="","",IF(COUNTIFS(Base!$A$3:$A$5001,G$3,Base!$B$3:$B$5001,$A$77,Base!$F$3:$F$5001,"<>")=0,"",SUMIFS(Base!$F$3:$F$5001,Base!$A$3:$A$5001,G$3,Base!$B$3:$B$5001,$A$77))) -> 1 | H80: =IF(H$3="","",IF(COUNTIFS(Base!$A$3:$A$5001,H$3,Base!$B$3:$B$5001,$A$77,Base!$F$3:$F$5001,"<>")=0,"",SUMIFS(Base!$F$3:$F$5001,Base!$A$3:$A$5001,H$3,Base!$B$3:$B$5001,$A$77))) -> 8 | I80: =IF(I$3="","",IF(COUNTIFS(Base!$A$3:$A$5001,I$3,Base!$B$3:$B$5001,$A$77,Base!$F$3:$F$5001,"<>")=0,"",SUMIFS(Base!$F$3:$F$5001,Base!$A$3:$A$5001,I$3,Base!$B$3:$B$5001,$A$77))) -> 12 | J80: =IF(J$3="","",IF(COUNTIFS(Base!$A$3:$A$5001,J$3,Base!$B$3:$B$5001,$A$77,Base!$F$3:$F$5001,"<>")=0,"",SUMIFS(Base!$F$3:$F$5001,Base!$A$3:$A$5001,J$3,Base!$B$3:$B$5001,$A$77))) | K80: =IF(K$3="","",IF(COUNTIFS(Base!$A$3:$A$5001,K$3,Base!$B$3:$B$5001,$A$77,Base!$F$3:$F$5001,"<>")=0,"",SUMIFS(Base!$F$3:$F$5001,Base!$A$3:$A$5001,K$3,Base!$B$3:$B$5001,$A$77))) -> 6 | L80: =IF(L$3="","",IF(COUNTIFS(Base!$A$3:$A$5001,L$3,Base!$B$3:$B$5001,$A$77,Base!$F$3:$F$5001,"<>")=0,"",SUMIFS(Base!$F$3:$F$5001,Base!$A$3:$A$5001,L$3,Base!$B$3:$B$5001,$A$77))) -> 0 | M80: =IF(M$3="","",IF(COUNTIFS(Base!$A$3:$A$5001,M$3,Base!$B$3:$B$5001,$A$77,Base!$F$3:$F$5001,"<>")=0,"",SUMIFS(Base!$F$3:$F$5001,Base!$A$3:$A$5001,M$3,Base!$B$3:$B$5001,$A$77))) -> 7 | ... AJ80: =IF(AJ$3="","",IF(COUNTIFS(Base!$A$3:$A$5001,AJ$3,Base!$B$3:$B$5001,$A$77,Base!$F$3:$F$5001,"<>")=0,"",SUMIFS(Base!$F$3:$F$5001,Base!$A$3:$A$5001,AJ$3,Base!$B$3:$B$5001,$A$77))) | AK80: =IF(COUNT(F80:AJ80)=0,"",SUM(F80:AJ80)) -> 141
C81: Pallets Movimentados | F81: =IF(F$3="","",IF(COUNTIFS(Base!$A$3:$A$5001,F$3,Base!$B$3:$B$5001,$A$77,Base!$G$3:$G$5001,"<>")=0,"",SUMIFS(Base!$G$3:$G$5001,Base!$A$3:$A$5001,F$3,Base!$B$3:$B$5001,$A$77))) -> 180 | G81: =IF(G$3="","",IF(COUNTIFS(Base!$A$3:$A$5001,G$3,Base!$B$3:$B$5001,$A$77,Base!$G$3:$G$5001,"<>")=0,"",SUMIFS(Base!$G$3:$G$5001,Base!$A$3:$A$5001,G$3,Base!$B$3:$B$5001,$A$77))) -> 18 | H81: =IF(H$3="","",IF(COUNTIFS(Base!$A$3:$A$5001,H$3,Base!$B$3:$B$5001,$A$77,Base!$G$3:$G$5001,"<>")=0,"",SUMIFS(Base!$G$3:$G$5001,Base!$A$3:$A$5001,H$3,Base!$B$3:$B$5001,$A$77))) -> 144 | I81: =IF(I$3="","",IF(COUNTIFS(Base!$A$3:$A$5001,I$3,Base!$B$3:$B$5001,$A$77,Base!$G$3:$G$5001,"<>")=0,"",SUMIFS(Base!$G$3:$G$5001,Base!$A$3:$A$5001,I$3,Base!$B$3:$B$5001,$A$77))) -> 216 | J81: =IF(J$3="","",IF(COUNTIFS(Base!$A$3:$A$5001,J$3,Base!$B$3:$B$5001,$A$77,Base!$G$3:$G$5001,"<>")=0,"",SUMIFS(Base!$G$3:$G$5001,Base!$A$3:$A$5001,J$3,Base!$B$3:$B$5001,$A$77))) | K81: =IF(K$3="","",IF(COUNTIFS(Base!$A$3:$A$5001,K$3,Base!$B$3:$B$5001,$A$77,Base!$G$3:$G$5001,"<>")=0,"",SUMIFS(Base!$G$3:$G$5001,Base!$A$3:$A$5001,K$3,Base!$B$3:$B$5001,$A$77))) -> 108 | L81: =IF(L$3="","",IF(COUNTIFS(Base!$A$3:$A$5001,L$3,Base!$B$3:$B$5001,$A$77,Base!$G$3:$G$5001,"<>")=0,"",SUMIFS(Base!$G$3:$G$5001,Base!$A$3:$A$5001,L$3,Base!$B$3:$B$5001,$A$77))) -> 0 | M81: =IF(M$3="","",IF(COUNTIFS(Base!$A$3:$A$5001,M$3,Base!$B$3:$B$5001,$A$77,Base!$G$3:$G$5001,"<>")=0,"",SUMIFS(Base!$G$3:$G$5001,Base!$A$3:$A$5001,M$3,Base!$B$3:$B$5001,$A$77))) -> 126 | ... AJ81: =IF(AJ$3="","",IF(COUNTIFS(Base!$A$3:$A$5001,AJ$3,Base!$B$3:$B$5001,$A$77,Base!$G$3:$G$5001,"<>")=0,"",SUMIFS(Base!$G$3:$G$5001,Base!$A$3:$A$5001,AJ$3,Base!$B$3:$B$5001,$A$77))) | AK81: =IF(COUNT(F81:AJ81)=0,"",SUM(F81:AJ81)) -> 2538
C82: Toneladas Movimentadas | F82: =IF(F$3="","",IF(COUNTIFS(Base!$A$3:$A$5001,F$3,Base!$B$3:$B$5001,$A$77,Base!$H$3:$H$5001,"<>")=0,"",SUMIFS(Base!$H$3:$H$5001,Base!$A$3:$A$5001,F$3,Base!$B$3:$B$5001,$A$77))) -> 57 | G82: =IF(G$3="","",IF(COUNTIFS(Base!$A$3:$A$5001,G$3,Base!$B$3:$B$5001,$A$77,Base!$H$3:$H$5001,"<>")=0,"",SUMIFS(Base!$H$3:$H$5001,Base!$A$3:$A$5001,G$3,Base!$B$3:$B$5001,$A$77))) -> 12.85 | H82: =IF(H$3="","",IF(COUNTIFS(Base!$A$3:$A$5001,H$3,Base!$B$3:$B$5001,$A$77,Base!$H$3:$H$5001,"<>")=0,"",SUMIFS(Base!$H$3:$H$5001,Base!$A$3:$A$5001,H$3,Base!$B$3:$B$5001,$A$77))) -> 129.04 | I82: =IF(I$3="","",IF(COUNTIFS(Base!$A$3:$A$5001,I$3,Base!$B$3:$B$5001,$A$77,Base!$H$3:$H$5001,"<>")=0,"",SUMIFS(Base!$H$3:$H$5001,Base!$A$3:$A$5001,I$3,Base!$B$3:$B$5001,$A$77))) -> 236.56 | J82: =IF(J$3="","",IF(COUNTIFS(Base!$A$3:$A$5001,J$3,Base!$B$3:$B$5001,$A$77,Base!$H$3:$H$5001,"<>")=0,"",SUMIFS(Base!$H$3:$H$5001,Base!$A$3:$A$5001,J$3,Base!$B$3:$B$5001,$A$77))) | K82: =IF(K$3="","",IF(COUNTIFS(Base!$A$3:$A$5001,K$3,Base!$B$3:$B$5001,$A$77,Base!$H$3:$H$5001,"<>")=0,"",SUMIFS(Base!$H$3:$H$5001,Base!$A$3:$A$5001,K$3,Base!$B$3:$B$5001,$A$77))) -> 112.39 | L82: =IF(L$3="","",IF(COUNTIFS(Base!$A$3:$A$5001,L$3,Base!$B$3:$B$5001,$A$77,Base!$H$3:$H$5001,"<>")=0,"",SUMIFS(Base!$H$3:$H$5001,Base!$A$3:$A$5001,L$3,Base!$B$3:$B$5001,$A$77))) -> 0 | M82: =IF(M$3="","",IF(COUNTIFS(Base!$A$3:$A$5001,M$3,Base!$B$3:$B$5001,$A$77,Base!$H$3:$H$5001,"<>")=0,"",SUMIFS(Base!$H$3:$H$5001,Base!$A$3:$A$5001,M$3,Base!$B$3:$B$5001,$A$77))) -> 79 | ... AJ82: =IF(AJ$3="","",IF(COUNTIFS(Base!$A$3:$A$5001,AJ$3,Base!$B$3:$B$5001,$A$77,Base!$H$3:$H$5001,"<>")=0,"",SUMIFS(Base!$H$3:$H$5001,Base!$A$3:$A$5001,AJ$3,Base!$B$3:$B$5001,$A$77))) | AK82: =IF(COUNT(F82:AJ82)=0,"",SUM(F82:AJ82)) -> 1592.22
B83: NC | C83: Incidentes | F83: =IF(F$3="","",IF(COUNTIFS(Base!$A$3:$A$5001,F$3,Base!$B$3:$B$5001,$A$77,Base!$I$3:$I$5001,"<>")=0,"",SUMIFS(Base!$I$3:$I$5001,Base!$A$3:$A$5001,F$3,Base!$B$3:$B$5001,$A$77))) -> 0 | G83: =IF(G$3="","",IF(COUNTIFS(Base!$A$3:$A$5001,G$3,Base!$B$3:$B$5001,$A$77,Base!$I$3:$I$5001,"<>")=0,"",SUMIFS(Base!$I$3:$I$5001,Base!$A$3:$A$5001,G$3,Base!$B$3:$B$5001,$A$77))) -> 0 | H83: =IF(H$3="","",IF(COUNTIFS(Base!$A$3:$A$5001,H$3,Base!$B$3:$B$5001,$A$77,Base!$I$3:$I$5001,"<>")=0,"",SUMIFS(Base!$I$3:$I$5001,Base!$A$3:$A$5001,H$3,Base!$B$3:$B$5001,$A$77))) -> 0 | I83: =IF(I$3="","",IF(COUNTIFS(Base!$A$3:$A$5001,I$3,Base!$B$3:$B$5001,$A$77,Base!$I$3:$I$5001,"<>")=0,"",SUMIFS(Base!$I$3:$I$5001,Base!$A$3:$A$5001,I$3,Base!$B$3:$B$5001,$A$77))) -> 1 | J83: =IF(J$3="","",IF(COUNTIFS(Base!$A$3:$A$5001,J$3,Base!$B$3:$B$5001,$A$77,Base!$I$3:$I$5001,"<>")=0,"",SUMIFS(Base!$I$3:$I$5001,Base!$A$3:$A$5001,J$3,Base!$B$3:$B$5001,$A$77))) | K83: =IF(K$3="","",IF(COUNTIFS(Base!$A$3:$A$5001,K$3,Base!$B$3:$B$5001,$A$77,Base!$I$3:$I$5001,"<>")=0,"",SUMIFS(Base!$I$3:$I$5001,Base!$A$3:$A$5001,K$3,Base!$B$3:$B$5001,$A$77))) -> 0 | L83: =IF(L$3="","",IF(COUNTIFS(Base!$A$3:$A$5001,L$3,Base!$B$3:$B$5001,$A$77,Base!$I$3:$I$5001,"<>")=0,"",SUMIFS(Base!$I$3:$I$5001,Base!$A$3:$A$5001,L$3,Base!$B$3:$B$5001,$A$77))) -> 0 | M83: =IF(M$3="","",IF(COUNTIFS(Base!$A$3:$A$5001,M$3,Base!$B$3:$B$5001,$A$77,Base!$I$3:$I$5001,"<>")=0,"",SUMIFS(Base!$I$3:$I$5001,Base!$A$3:$A$5001,M$3,Base!$B$3:$B$5001,$A$77))) -> 0 | ... AJ83: =IF(AJ$3="","",IF(COUNTIFS(Base!$A$3:$A$5001,AJ$3,Base!$B$3:$B$5001,$A$77,Base!$I$3:$I$5001,"<>")=0,"",SUMIFS(Base!$I$3:$I$5001,Base!$A$3:$A$5001,AJ$3,Base!$B$3:$B$5001,$A$77))) | AK83: =IF(COUNT(F83:AJ83)=0,"",SUM(F83:AJ83)) -> 2
C84: No show | F84: =IF(F$3="","",IF(COUNTIFS(Base!$A$3:$A$5001,F$3,Base!$B$3:$B$5001,$A$77,Base!$J$3:$J$5001,"<>")=0,"",SUMIFS(Base!$J$3:$J$5001,Base!$A$3:$A$5001,F$3,Base!$B$3:$B$5001,$A$77))) | G84: =IF(G$3="","",IF(COUNTIFS(Base!$A$3:$A$5001,G$3,Base!$B$3:$B$5001,$A$77,Base!$J$3:$J$5001,"<>")=0,"",SUMIFS(Base!$J$3:$J$5001,Base!$A$3:$A$5001,G$3,Base!$B$3:$B$5001,$A$77))) | H84: =IF(H$3="","",IF(COUNTIFS(Base!$A$3:$A$5001,H$3,Base!$B$3:$B$5001,$A$77,Base!$J$3:$J$5001,"<>")=0,"",SUMIFS(Base!$J$3:$J$5001,Base!$A$3:$A$5001,H$3,Base!$B$3:$B$5001,$A$77))) | I84: =IF(I$3="","",IF(COUNTIFS(Base!$A$3:$A$5001,I$3,Base!$B$3:$B$5001,$A$77,Base!$J$3:$J$5001,"<>")=0,"",SUMIFS(Base!$J$3:$J$5001,Base!$A$3:$A$5001,I$3,Base!$B$3:$B$5001,$A$77))) | J84: =IF(J$3="","",IF(COUNTIFS(Base!$A$3:$A$5001,J$3,Base!$B$3:$B$5001,$A$77,Base!$J$3:$J$5001,"<>")=0,"",SUMIFS(Base!$J$3:$J$5001,Base!$A$3:$A$5001,J$3,Base!$B$3:$B$5001,$A$77))) | K84: =IF(K$3="","",IF(COUNTIFS(Base!$A$3:$A$5001,K$3,Base!$B$3:$B$5001,$A$77,Base!$J$3:$J$5001,"<>")=0,"",SUMIFS(Base!$J$3:$J$5001,Base!$A$3:$A$5001,K$3,Base!$B$3:$B$5001,$A$77))) | L84: =IF(L$3="","",IF(COUNTIFS(Base!$A$3:$A$5001,L$3,Base!$B$3:$B$5001,$A$77,Base!$J$3:$J$5001,"<>")=0,"",SUMIFS(Base!$J$3:$J$5001,Base!$A$3:$A$5001,L$3,Base!$B$3:$B$5001,$A$77))) | M84: =IF(M$3="","",IF(COUNTIFS(Base!$A$3:$A$5001,M$3,Base!$B$3:$B$5001,$A$77,Base!$J$3:$J$5001,"<>")=0,"",SUMIFS(Base!$J$3:$J$5001,Base!$A$3:$A$5001,M$3,Base!$B$3:$B$5001,$A$77))) | ... AJ84: =IF(AJ$3="","",IF(COUNTIFS(Base!$A$3:$A$5001,AJ$3,Base!$B$3:$B$5001,$A$77,Base!$J$3:$J$5001,"<>")=0,"",SUMIFS(Base!$J$3:$J$5001,Base!$A$3:$A$5001,AJ$3,Base!$B$3:$B$5001,$A$77))) | AK84: =IF(COUNT(F84:AJ84)=0,"",SUM(F84:AJ84))
C85: Backlog | F85: =IF(F$3="","",IF(COUNTIFS(Base!$A$3:$A$5001,F$3,Base!$B$3:$B$5001,$A$77,Base!$K$3:$K$5001,"<>")=0,"",SUMIFS(Base!$K$3:$K$5001,Base!$A$3:$A$5001,F$3,Base!$B$3:$B$5001,$A$77))) | G85: =IF(G$3="","",IF(COUNTIFS(Base!$A$3:$A$5001,G$3,Base!$B$3:$B$5001,$A$77,Base!$K$3:$K$5001,"<>")=0,"",SUMIFS(Base!$K$3:$K$5001,Base!$A$3:$A$5001,G$3,Base!$B$3:$B$5001,$A$77))) | H85: =IF(H$3="","",IF(COUNTIFS(Base!$A$3:$A$5001,H$3,Base!$B$3:$B$5001,$A$77,Base!$K$3:$K$5001,"<>")=0,"",SUMIFS(Base!$K$3:$K$5001,Base!$A$3:$A$5001,H$3,Base!$B$3:$B$5001,$A$77))) | I85: =IF(I$3="","",IF(COUNTIFS(Base!$A$3:$A$5001,I$3,Base!$B$3:$B$5001,$A$77,Base!$K$3:$K$5001,"<>")=0,"",SUMIFS(Base!$K$3:$K$5001,Base!$A$3:$A$5001,I$3,Base!$B$3:$B$5001,$A$77))) | J85: =IF(J$3="","",IF(COUNTIFS(Base!$A$3:$A$5001,J$3,Base!$B$3:$B$5001,$A$77,Base!$K$3:$K$5001,"<>")=0,"",SUMIFS(Base!$K$3:$K$5001,Base!$A$3:$A$5001,J$3,Base!$B$3:$B$5001,$A$77))) | K85: =IF(K$3="","",IF(COUNTIFS(Base!$A$3:$A$5001,K$3,Base!$B$3:$B$5001,$A$77,Base!$K$3:$K$5001,"<>")=0,"",SUMIFS(Base!$K$3:$K$5001,Base!$A$3:$A$5001,K$3,Base!$B$3:$B$5001,$A$77))) | L85: =IF(L$3="","",IF(COUNTIFS(Base!$A$3:$A$5001,L$3,Base!$B$3:$B$5001,$A$77,Base!$K$3:$K$5001,"<>")=0,"",SUMIFS(Base!$K$3:$K$5001,Base!$A$3:$A$5001,L$3,Base!$B$3:$B$5001,$A$77))) | M85: =IF(M$3="","",IF(COUNTIFS(Base!$A$3:$A$5001,M$3,Base!$B$3:$B$5001,$A$77,Base!$K$3:$K$5001,"<>")=0,"",SUMIFS(Base!$K$3:$K$5001,Base!$A$3:$A$5001,M$3,Base!$B$3:$B$5001,$A$77))) | ... AJ85: =IF(AJ$3="","",IF(COUNTIFS(Base!$A$3:$A$5001,AJ$3,Base!$B$3:$B$5001,$A$77,Base!$K$3:$K$5001,"<>")=0,"",SUMIFS(Base!$K$3:$K$5001,Base!$A$3:$A$5001,AJ$3,Base!$B$3:$B$5001,$A$77))) | AK85: =IFERROR(LOOKUP(9.99E+307,F85:AJ85),"")
B86: OCUPAÇÃO (P.P) | C86: Posições Disponíveis | F86: =IF(F$3="","",IF(COUNTIFS(Base!$A$3:$A$5001,F$3,Base!$B$3:$B$5001,$A$77,Base!$L$3:$L$5001,"<>")=0,"",SUMIFS(Base!$L$3:$L$5001,Base!$A$3:$A$5001,F$3,Base!$B$3:$B$5001,$A$77))) | G86: =IF(G$3="","",IF(COUNTIFS(Base!$A$3:$A$5001,G$3,Base!$B$3:$B$5001,$A$77,Base!$L$3:$L$5001,"<>")=0,"",SUMIFS(Base!$L$3:$L$5001,Base!$A$3:$A$5001,G$3,Base!$B$3:$B$5001,$A$77))) | H86: =IF(H$3="","",IF(COUNTIFS(Base!$A$3:$A$5001,H$3,Base!$B$3:$B$5001,$A$77,Base!$L$3:$L$5001,"<>")=0,"",SUMIFS(Base!$L$3:$L$5001,Base!$A$3:$A$5001,H$3,Base!$B$3:$B$5001,$A$77))) | I86: =IF(I$3="","",IF(COUNTIFS(Base!$A$3:$A$5001,I$3,Base!$B$3:$B$5001,$A$77,Base!$L$3:$L$5001,"<>")=0,"",SUMIFS(Base!$L$3:$L$5001,Base!$A$3:$A$5001,I$3,Base!$B$3:$B$5001,$A$77))) | J86: =IF(J$3="","",IF(COUNTIFS(Base!$A$3:$A$5001,J$3,Base!$B$3:$B$5001,$A$77,Base!$L$3:$L$5001,"<>")=0,"",SUMIFS(Base!$L$3:$L$5001,Base!$A$3:$A$5001,J$3,Base!$B$3:$B$5001,$A$77))) | K86: =IF(K$3="","",IF(COUNTIFS(Base!$A$3:$A$5001,K$3,Base!$B$3:$B$5001,$A$77,Base!$L$3:$L$5001,"<>")=0,"",SUMIFS(Base!$L$3:$L$5001,Base!$A$3:$A$5001,K$3,Base!$B$3:$B$5001,$A$77))) | L86: =IF(L$3="","",IF(COUNTIFS(Base!$A$3:$A$5001,L$3,Base!$B$3:$B$5001,$A$77,Base!$L$3:$L$5001,"<>")=0,"",SUMIFS(Base!$L$3:$L$5001,Base!$A$3:$A$5001,L$3,Base!$B$3:$B$5001,$A$77))) | M86: =IF(M$3="","",IF(COUNTIFS(Base!$A$3:$A$5001,M$3,Base!$B$3:$B$5001,$A$77,Base!$L$3:$L$5001,"<>")=0,"",SUMIFS(Base!$L$3:$L$5001,Base!$A$3:$A$5001,M$3,Base!$B$3:$B$5001,$A$77))) | ... AJ86: =IF(AJ$3="","",IF(COUNTIFS(Base!$A$3:$A$5001,AJ$3,Base!$B$3:$B$5001,$A$77,Base!$L$3:$L$5001,"<>")=0,"",SUMIFS(Base!$L$3:$L$5001,Base!$A$3:$A$5001,AJ$3,Base!$B$3:$B$5001,$A$77))) | AK86: Cross
C87: Posições Ocupadas | F87: =IF(F$3="","",IF(COUNTIFS(Base!$A$3:$A$5001,F$3,Base!$B$3:$B$5001,$A$77,Base!$M$3:$M$5001,"<>")=0,"",SUMIFS(Base!$M$3:$M$5001,Base!$A$3:$A$5001,F$3,Base!$B$3:$B$5001,$A$77))) -> 286 | G87: =IF(G$3="","",IF(COUNTIFS(Base!$A$3:$A$5001,G$3,Base!$B$3:$B$5001,$A$77,Base!$M$3:$M$5001,"<>")=0,"",SUMIFS(Base!$M$3:$M$5001,Base!$A$3:$A$5001,G$3,Base!$B$3:$B$5001,$A$77))) -> 247 | H87: =IF(H$3="","",IF(COUNTIFS(Base!$A$3:$A$5001,H$3,Base!$B$3:$B$5001,$A$77,Base!$M$3:$M$5001,"<>")=0,"",SUMIFS(Base!$M$3:$M$5001,Base!$A$3:$A$5001,H$3,Base!$B$3:$B$5001,$A$77))) -> 186 | I87: =IF(I$3="","",IF(COUNTIFS(Base!$A$3:$A$5001,I$3,Base!$B$3:$B$5001,$A$77,Base!$M$3:$M$5001,"<>")=0,"",SUMIFS(Base!$M$3:$M$5001,Base!$A$3:$A$5001,I$3,Base!$B$3:$B$5001,$A$77))) -> 251 | J87: =IF(J$3="","",IF(COUNTIFS(Base!$A$3:$A$5001,J$3,Base!$B$3:$B$5001,$A$77,Base!$M$3:$M$5001,"<>")=0,"",SUMIFS(Base!$M$3:$M$5001,Base!$A$3:$A$5001,J$3,Base!$B$3:$B$5001,$A$77))) | K87: =IF(K$3="","",IF(COUNTIFS(Base!$A$3:$A$5001,K$3,Base!$B$3:$B$5001,$A$77,Base!$M$3:$M$5001,"<>")=0,"",SUMIFS(Base!$M$3:$M$5001,Base!$A$3:$A$5001,K$3,Base!$B$3:$B$5001,$A$77))) -> 280 | L87: =IF(L$3="","",IF(COUNTIFS(Base!$A$3:$A$5001,L$3,Base!$B$3:$B$5001,$A$77,Base!$M$3:$M$5001,"<>")=0,"",SUMIFS(Base!$M$3:$M$5001,Base!$A$3:$A$5001,L$3,Base!$B$3:$B$5001,$A$77))) -> 345 | M87: =IF(M$3="","",IF(COUNTIFS(Base!$A$3:$A$5001,M$3,Base!$B$3:$B$5001,$A$77,Base!$M$3:$M$5001,"<>")=0,"",SUMIFS(Base!$M$3:$M$5001,Base!$A$3:$A$5001,M$3,Base!$B$3:$B$5001,$A$77))) -> 171 | ... AJ87: =IF(AJ$3="","",IF(COUNTIFS(Base!$A$3:$A$5001,AJ$3,Base!$B$3:$B$5001,$A$77,Base!$M$3:$M$5001,"<>")=0,"",SUMIFS(Base!$M$3:$M$5001,Base!$A$3:$A$5001,AJ$3,Base!$B$3:$B$5001,$A$77))) | AK87: =IFERROR(LOOKUP(9.99E+307,F87:AJ87),"") -> 221
C88: Taxa de Ocupação | F88: =IF(AND(ISNUMBER(F86),ISNUMBER(F87)),IF(F86>0,F87/F86,""),"") | G88: =IF(AND(ISNUMBER(G86),ISNUMBER(G87)),IF(G86>0,G87/G86,""),"") | H88: =IF(AND(ISNUMBER(H86),ISNUMBER(H87)),IF(H86>0,H87/H86,""),"") | I88: =IF(AND(ISNUMBER(I86),ISNUMBER(I87)),IF(I86>0,I87/I86,""),"") | J88: =IF(AND(ISNUMBER(J86),ISNUMBER(J87)),IF(J86>0,J87/J86,""),"") | K88: =IF(AND(ISNUMBER(K86),ISNUMBER(K87)),IF(K86>0,K87/K86,""),"") | L88: =IF(AND(ISNUMBER(L86),ISNUMBER(L87)),IF(L86>0,L87/L86,""),"") | M88: =IF(AND(ISNUMBER(M86),ISNUMBER(M87)),IF(M86>0,M87/M86,""),"") | ... AK88: =IF(AND(ISNUMBER(AK86),ISNUMBER(AK87)),IF(AK86>0,AK87/AK86,""),"")
B89: GENTE | C89: Efetivo Op. | F89: =IF(F$3="","",IF(COUNTIFS(Base!$A$3:$A$5001,F$3,Base!$B$3:$B$5001,$A$77,Base!$N$3:$N$5001,"<>")=0,"",SUMIFS(Base!$N$3:$N$5001,Base!$A$3:$A$5001,F$3,Base!$B$3:$B$5001,$A$77))) -> 3 | G89: =IF(G$3="","",IF(COUNTIFS(Base!$A$3:$A$5001,G$3,Base!$B$3:$B$5001,$A$77,Base!$N$3:$N$5001,"<>")=0,"",SUMIFS(Base!$N$3:$N$5001,Base!$A$3:$A$5001,G$3,Base!$B$3:$B$5001,$A$77))) -> 8 | H89: =IF(H$3="","",IF(COUNTIFS(Base!$A$3:$A$5001,H$3,Base!$B$3:$B$5001,$A$77,Base!$N$3:$N$5001,"<>")=0,"",SUMIFS(Base!$N$3:$N$5001,Base!$A$3:$A$5001,H$3,Base!$B$3:$B$5001,$A$77))) -> 5 | I89: =IF(I$3="","",IF(COUNTIFS(Base!$A$3:$A$5001,I$3,Base!$B$3:$B$5001,$A$77,Base!$N$3:$N$5001,"<>")=0,"",SUMIFS(Base!$N$3:$N$5001,Base!$A$3:$A$5001,I$3,Base!$B$3:$B$5001,$A$77))) -> 3 | J89: =IF(J$3="","",IF(COUNTIFS(Base!$A$3:$A$5001,J$3,Base!$B$3:$B$5001,$A$77,Base!$N$3:$N$5001,"<>")=0,"",SUMIFS(Base!$N$3:$N$5001,Base!$A$3:$A$5001,J$3,Base!$B$3:$B$5001,$A$77))) | K89: =IF(K$3="","",IF(COUNTIFS(Base!$A$3:$A$5001,K$3,Base!$B$3:$B$5001,$A$77,Base!$N$3:$N$5001,"<>")=0,"",SUMIFS(Base!$N$3:$N$5001,Base!$A$3:$A$5001,K$3,Base!$B$3:$B$5001,$A$77))) -> 5 | L89: =IF(L$3="","",IF(COUNTIFS(Base!$A$3:$A$5001,L$3,Base!$B$3:$B$5001,$A$77,Base!$N$3:$N$5001,"<>")=0,"",SUMIFS(Base!$N$3:$N$5001,Base!$A$3:$A$5001,L$3,Base!$B$3:$B$5001,$A$77))) -> 8 | M89: =IF(M$3="","",IF(COUNTIFS(Base!$A$3:$A$5001,M$3,Base!$B$3:$B$5001,$A$77,Base!$N$3:$N$5001,"<>")=0,"",SUMIFS(Base!$N$3:$N$5001,Base!$A$3:$A$5001,M$3,Base!$B$3:$B$5001,$A$77))) -> 3 | ... AJ89: =IF(AJ$3="","",IF(COUNTIFS(Base!$A$3:$A$5001,AJ$3,Base!$B$3:$B$5001,$A$77,Base!$N$3:$N$5001,"<>")=0,"",SUMIFS(Base!$N$3:$N$5001,Base!$A$3:$A$5001,AJ$3,Base!$B$3:$B$5001,$A$77))) | AK89: =IFERROR(LOOKUP(9.99E+307,F89:AJ89),"") -> 3
C90: Falta | F90: =IF(F$3="","",IF(COUNTIFS(Base!$A$3:$A$5001,F$3,Base!$B$3:$B$5001,$A$77,Base!$O$3:$O$5001,"<>")=0,"",SUMIFS(Base!$O$3:$O$5001,Base!$A$3:$A$5001,F$3,Base!$B$3:$B$5001,$A$77))) | G90: =IF(G$3="","",IF(COUNTIFS(Base!$A$3:$A$5001,G$3,Base!$B$3:$B$5001,$A$77,Base!$O$3:$O$5001,"<>")=0,"",SUMIFS(Base!$O$3:$O$5001,Base!$A$3:$A$5001,G$3,Base!$B$3:$B$5001,$A$77))) | H90: =IF(H$3="","",IF(COUNTIFS(Base!$A$3:$A$5001,H$3,Base!$B$3:$B$5001,$A$77,Base!$O$3:$O$5001,"<>")=0,"",SUMIFS(Base!$O$3:$O$5001,Base!$A$3:$A$5001,H$3,Base!$B$3:$B$5001,$A$77))) | I90: =IF(I$3="","",IF(COUNTIFS(Base!$A$3:$A$5001,I$3,Base!$B$3:$B$5001,$A$77,Base!$O$3:$O$5001,"<>")=0,"",SUMIFS(Base!$O$3:$O$5001,Base!$A$3:$A$5001,I$3,Base!$B$3:$B$5001,$A$77))) | J90: =IF(J$3="","",IF(COUNTIFS(Base!$A$3:$A$5001,J$3,Base!$B$3:$B$5001,$A$77,Base!$O$3:$O$5001,"<>")=0,"",SUMIFS(Base!$O$3:$O$5001,Base!$A$3:$A$5001,J$3,Base!$B$3:$B$5001,$A$77))) | K90: =IF(K$3="","",IF(COUNTIFS(Base!$A$3:$A$5001,K$3,Base!$B$3:$B$5001,$A$77,Base!$O$3:$O$5001,"<>")=0,"",SUMIFS(Base!$O$3:$O$5001,Base!$A$3:$A$5001,K$3,Base!$B$3:$B$5001,$A$77))) | L90: =IF(L$3="","",IF(COUNTIFS(Base!$A$3:$A$5001,L$3,Base!$B$3:$B$5001,$A$77,Base!$O$3:$O$5001,"<>")=0,"",SUMIFS(Base!$O$3:$O$5001,Base!$A$3:$A$5001,L$3,Base!$B$3:$B$5001,$A$77))) | M90: =IF(M$3="","",IF(COUNTIFS(Base!$A$3:$A$5001,M$3,Base!$B$3:$B$5001,$A$77,Base!$O$3:$O$5001,"<>")=0,"",SUMIFS(Base!$O$3:$O$5001,Base!$A$3:$A$5001,M$3,Base!$B$3:$B$5001,$A$77))) | ... AJ90: =IF(AJ$3="","",IF(COUNTIFS(Base!$A$3:$A$5001,AJ$3,Base!$B$3:$B$5001,$A$77,Base!$O$3:$O$5001,"<>")=0,"",SUMIFS(Base!$O$3:$O$5001,Base!$A$3:$A$5001,AJ$3,Base!$B$3:$B$5001,$A$77))) | AK90: =IF(COUNT(F90:AJ90)=0,"",SUM(F90:AJ90))
C91: Folga | F91: =IF(F$3="","",IF(COUNTIFS(Base!$A$3:$A$5001,F$3,Base!$B$3:$B$5001,$A$77,Base!$P$3:$P$5001,"<>")=0,"",SUMIFS(Base!$P$3:$P$5001,Base!$A$3:$A$5001,F$3,Base!$B$3:$B$5001,$A$77))) | G91: =IF(G$3="","",IF(COUNTIFS(Base!$A$3:$A$5001,G$3,Base!$B$3:$B$5001,$A$77,Base!$P$3:$P$5001,"<>")=0,"",SUMIFS(Base!$P$3:$P$5001,Base!$A$3:$A$5001,G$3,Base!$B$3:$B$5001,$A$77))) | H91: =IF(H$3="","",IF(COUNTIFS(Base!$A$3:$A$5001,H$3,Base!$B$3:$B$5001,$A$77,Base!$P$3:$P$5001,"<>")=0,"",SUMIFS(Base!$P$3:$P$5001,Base!$A$3:$A$5001,H$3,Base!$B$3:$B$5001,$A$77))) | I91: =IF(I$3="","",IF(COUNTIFS(Base!$A$3:$A$5001,I$3,Base!$B$3:$B$5001,$A$77,Base!$P$3:$P$5001,"<>")=0,"",SUMIFS(Base!$P$3:$P$5001,Base!$A$3:$A$5001,I$3,Base!$B$3:$B$5001,$A$77))) | J91: =IF(J$3="","",IF(COUNTIFS(Base!$A$3:$A$5001,J$3,Base!$B$3:$B$5001,$A$77,Base!$P$3:$P$5001,"<>")=0,"",SUMIFS(Base!$P$3:$P$5001,Base!$A$3:$A$5001,J$3,Base!$B$3:$B$5001,$A$77))) | K91: =IF(K$3="","",IF(COUNTIFS(Base!$A$3:$A$5001,K$3,Base!$B$3:$B$5001,$A$77,Base!$P$3:$P$5001,"<>")=0,"",SUMIFS(Base!$P$3:$P$5001,Base!$A$3:$A$5001,K$3,Base!$B$3:$B$5001,$A$77))) | L91: =IF(L$3="","",IF(COUNTIFS(Base!$A$3:$A$5001,L$3,Base!$B$3:$B$5001,$A$77,Base!$P$3:$P$5001,"<>")=0,"",SUMIFS(Base!$P$3:$P$5001,Base!$A$3:$A$5001,L$3,Base!$B$3:$B$5001,$A$77))) | M91: =IF(M$3="","",IF(COUNTIFS(Base!$A$3:$A$5001,M$3,Base!$B$3:$B$5001,$A$77,Base!$P$3:$P$5001,"<>")=0,"",SUMIFS(Base!$P$3:$P$5001,Base!$A$3:$A$5001,M$3,Base!$B$3:$B$5001,$A$77))) | ... AJ91: =IF(AJ$3="","",IF(COUNTIFS(Base!$A$3:$A$5001,AJ$3,Base!$B$3:$B$5001,$A$77,Base!$P$3:$P$5001,"<>")=0,"",SUMIFS(Base!$P$3:$P$5001,Base!$A$3:$A$5001,AJ$3,Base!$B$3:$B$5001,$A$77))) | AK91: =IF(COUNT(F91:AJ91)=0,"",SUM(F91:AJ91))
C92: Férias | F92: =IF(F$3="","",IF(COUNTIFS(Base!$A$3:$A$5001,F$3,Base!$B$3:$B$5001,$A$77,Base!$Q$3:$Q$5001,"<>")=0,"",SUMIFS(Base!$Q$3:$Q$5001,Base!$A$3:$A$5001,F$3,Base!$B$3:$B$5001,$A$77))) | G92: =IF(G$3="","",IF(COUNTIFS(Base!$A$3:$A$5001,G$3,Base!$B$3:$B$5001,$A$77,Base!$Q$3:$Q$5001,"<>")=0,"",SUMIFS(Base!$Q$3:$Q$5001,Base!$A$3:$A$5001,G$3,Base!$B$3:$B$5001,$A$77))) | H92: =IF(H$3="","",IF(COUNTIFS(Base!$A$3:$A$5001,H$3,Base!$B$3:$B$5001,$A$77,Base!$Q$3:$Q$5001,"<>")=0,"",SUMIFS(Base!$Q$3:$Q$5001,Base!$A$3:$A$5001,H$3,Base!$B$3:$B$5001,$A$77))) | I92: =IF(I$3="","",IF(COUNTIFS(Base!$A$3:$A$5001,I$3,Base!$B$3:$B$5001,$A$77,Base!$Q$3:$Q$5001,"<>")=0,"",SUMIFS(Base!$Q$3:$Q$5001,Base!$A$3:$A$5001,I$3,Base!$B$3:$B$5001,$A$77))) | J92: =IF(J$3="","",IF(COUNTIFS(Base!$A$3:$A$5001,J$3,Base!$B$3:$B$5001,$A$77,Base!$Q$3:$Q$5001,"<>")=0,"",SUMIFS(Base!$Q$3:$Q$5001,Base!$A$3:$A$5001,J$3,Base!$B$3:$B$5001,$A$77))) | K92: =IF(K$3="","",IF(COUNTIFS(Base!$A$3:$A$5001,K$3,Base!$B$3:$B$5001,$A$77,Base!$Q$3:$Q$5001,"<>")=0,"",SUMIFS(Base!$Q$3:$Q$5001,Base!$A$3:$A$5001,K$3,Base!$B$3:$B$5001,$A$77))) | L92: =IF(L$3="","",IF(COUNTIFS(Base!$A$3:$A$5001,L$3,Base!$B$3:$B$5001,$A$77,Base!$Q$3:$Q$5001,"<>")=0,"",SUMIFS(Base!$Q$3:$Q$5001,Base!$A$3:$A$5001,L$3,Base!$B$3:$B$5001,$A$77))) | M92: =IF(M$3="","",IF(COUNTIFS(Base!$A$3:$A$5001,M$3,Base!$B$3:$B$5001,$A$77,Base!$Q$3:$Q$5001,"<>")=0,"",SUMIFS(Base!$Q$3:$Q$5001,Base!$A$3:$A$5001,M$3,Base!$B$3:$B$5001,$A$77))) | ... AJ92: =IF(AJ$3="","",IF(COUNTIFS(Base!$A$3:$A$5001,AJ$3,Base!$B$3:$B$5001,$A$77,Base!$Q$3:$Q$5001,"<>")=0,"",SUMIFS(Base!$Q$3:$Q$5001,Base!$A$3:$A$5001,AJ$3,Base!$B$3:$B$5001,$A$77))) | AK92: =IF(COUNT(F92:AJ92)=0,"",SUM(F92:AJ92))
C93: Desligamento | F93: =IF(F$3="","",IF(COUNTIFS(Base!$A$3:$A$5001,F$3,Base!$B$3:$B$5001,$A$77,Base!$R$3:$R$5001,"<>")=0,"",SUMIFS(Base!$R$3:$R$5001,Base!$A$3:$A$5001,F$3,Base!$B$3:$B$5001,$A$77))) | G93: =IF(G$3="","",IF(COUNTIFS(Base!$A$3:$A$5001,G$3,Base!$B$3:$B$5001,$A$77,Base!$R$3:$R$5001,"<>")=0,"",SUMIFS(Base!$R$3:$R$5001,Base!$A$3:$A$5001,G$3,Base!$B$3:$B$5001,$A$77))) | H93: =IF(H$3="","",IF(COUNTIFS(Base!$A$3:$A$5001,H$3,Base!$B$3:$B$5001,$A$77,Base!$R$3:$R$5001,"<>")=0,"",SUMIFS(Base!$R$3:$R$5001,Base!$A$3:$A$5001,H$3,Base!$B$3:$B$5001,$A$77))) | I93: =IF(I$3="","",IF(COUNTIFS(Base!$A$3:$A$5001,I$3,Base!$B$3:$B$5001,$A$77,Base!$R$3:$R$5001,"<>")=0,"",SUMIFS(Base!$R$3:$R$5001,Base!$A$3:$A$5001,I$3,Base!$B$3:$B$5001,$A$77))) | J93: =IF(J$3="","",IF(COUNTIFS(Base!$A$3:$A$5001,J$3,Base!$B$3:$B$5001,$A$77,Base!$R$3:$R$5001,"<>")=0,"",SUMIFS(Base!$R$3:$R$5001,Base!$A$3:$A$5001,J$3,Base!$B$3:$B$5001,$A$77))) | K93: =IF(K$3="","",IF(COUNTIFS(Base!$A$3:$A$5001,K$3,Base!$B$3:$B$5001,$A$77,Base!$R$3:$R$5001,"<>")=0,"",SUMIFS(Base!$R$3:$R$5001,Base!$A$3:$A$5001,K$3,Base!$B$3:$B$5001,$A$77))) | L93: =IF(L$3="","",IF(COUNTIFS(Base!$A$3:$A$5001,L$3,Base!$B$3:$B$5001,$A$77,Base!$R$3:$R$5001,"<>")=0,"",SUMIFS(Base!$R$3:$R$5001,Base!$A$3:$A$5001,L$3,Base!$B$3:$B$5001,$A$77))) | M93: =IF(M$3="","",IF(COUNTIFS(Base!$A$3:$A$5001,M$3,Base!$B$3:$B$5001,$A$77,Base!$R$3:$R$5001,"<>")=0,"",SUMIFS(Base!$R$3:$R$5001,Base!$A$3:$A$5001,M$3,Base!$B$3:$B$5001,$A$77))) | ... AJ93: =IF(AJ$3="","",IF(COUNTIFS(Base!$A$3:$A$5001,AJ$3,Base!$B$3:$B$5001,$A$77,Base!$R$3:$R$5001,"<>")=0,"",SUMIFS(Base!$R$3:$R$5001,Base!$A$3:$A$5001,AJ$3,Base!$B$3:$B$5001,$A$77))) | AK93: =IF(COUNT(F93:AJ93)=0,"",SUM(F93:AJ93))
A95: Mês / ano: filtro na célula vermelha do canto superior direito. Célula vazia = sem registro. MÊS: soma nos fluxos e NC; último dado em ocupação e efetivo. Taxa = ocupadas ÷ disponíveis (contrato). Destaques: incidente > 0; ocupação ≥ 70% (atenção) e ≥ 90% (crítico). META: preenchida a partir de meta.metas do Power Automate, quando houver.

Sheet Quadro de Indicadores
E1: QUADRO DE INDICADORES · DETALHE DO MÊS | V1: SETEMBRO · 2026
B3: ="Cliente: "&calculos_quadro!$B$2&" · para trocar o cliente, use o filtro da aba Indicadores" -> Cliente: Todos · para trocar o cliente, use o filtro da aba Indicadores | Q3: =IF(calculos_quadro!$B$9=0,"Sem dados na Base para o mês escolhido","Dados até "&TEXT(calculos_quadro!$C$7+calculos_quadro!$B$9-1,"dd/mm")&"/"&YEAR(calculos_quadro!$C$7)&" · comparação: "&calculos_quadro!$B$8&", dias 1 a "&calculos_quadro!$B$9) -> Dados até 29/09/2026 · comparação: Agosto/2026, dias 1 a 29
B5: QUADRO DE INDICADORES · cliente e mês selecionados
B6: GRUPO | D6: INDICADOR | H6: META | J6: REALIZADO | M6: MÉDIA / DIA | O6: MÁXIMO NO DIA | R6: MÊS ANTERIOR | T6: VARIAÇÃO | W6: % DA META | Y6: STATUS
B7: IN | D7: Veículos Recebidos | H7: =calculos_quadro!$C$48 | J7: =calculos_quadro!$C$43 -> 458 | M7: =calculos_quadro!$C$44 -> 17.615385 | O7: =calculos_quadro!$C$45 -> 35 | R7: =calculos_quadro!$C$46 -> 468 | T7: =calculos_quadro!$C$47 -> -0.021367521 | W7: =calculos_quadro!$C$49 | Y7: =calculos_quadro!$C$50
D8: Pallets Movimentados | H8: =calculos_quadro!$D$48 | J8: =calculos_quadro!$D$43 -> 10957 | M8: =calculos_quadro!$D$44 -> 421.42308 | O8: =calculos_quadro!$D$45 -> 872 | R8: =calculos_quadro!$D$46 -> 11234 | T8: =calculos_quadro!$D$47 -> -0.02465729 | W8: =calculos_quadro!$D$49 | Y8: =calculos_quadro!$D$50
D9: Toneladas Movimentadas | H9: =calculos_quadro!$E$48 | J9: =calculos_quadro!$E$43 -> 7373.34 | M9: =calculos_quadro!$E$44 -> 283.59 | O9: =calculos_quadro!$E$45 -> 604.59 | R9: =calculos_quadro!$E$46 -> 7575.5 | T9: =calculos_quadro!$E$47 -> -0.026686027 | W9: =calculos_quadro!$E$49 | Y9: =calculos_quadro!$E$50
B10: OUT | D10: Veículos Expedidos | H10: =calculos_quadro!$F$48 | J10: =calculos_quadro!$F$43 -> 702 | M10: =calculos_quadro!$F$44 -> 25.071429 | O10: =calculos_quadro!$F$45 -> 54 | R10: =calculos_quadro!$F$46 -> 698 | T10: =calculos_quadro!$F$47 -> 0.005730659 | W10: =calculos_quadro!$F$49 | Y10: =calculos_quadro!$F$50
D11: Pallets Movimentados | H11: =calculos_quadro!$G$48 | J11: =calculos_quadro!$G$43 -> 12636 | M11: =calculos_quadro!$G$44 -> 451.28571 | O11: =calculos_quadro!$G$45 -> 972 | R11: =calculos_quadro!$G$46 -> 12564 | T11: =calculos_quadro!$G$47 -> 0.005730659 | W11: =calculos_quadro!$G$49 | Y11: =calculos_quadro!$G$50
D12: Toneladas Movimentadas | H12: =calculos_quadro!$H$48 | J12: =calculos_quadro!$H$43 -> 8393.51 | M12: =calculos_quadro!$H$44 -> 299.76821 | O12: =calculos_quadro!$H$45 -> 746.88 | R12: =calculos_quadro!$H$46 -> 8685.76 | T12: =calculos_quadro!$H$47 -> -0.033647027 | W12: =calculos_quadro!$H$49 | Y12: =calculos_quadro!$H$50
B13: NC | D13: Incidentes | H13: =calculos_quadro!$I$48 | J13: =calculos_quadro!$I$43 -> 11 | M13: =calculos_quadro!$I$44 -> 1.2222222 | O13: =calculos_quadro!$I$45 -> 3 | R13: =calculos_quadro!$I$46 -> 4 | T13: =calculos_quadro!$I$47 -> 1.75 | W13: =calculos_quadro!$I$49 | Y13: =calculos_quadro!$I$50
D14: No show | H14: =calculos_quadro!$J$48 | J14: =calculos_quadro!$J$43 -> 0 | M14: =calculos_quadro!$J$44 | O14: =calculos_quadro!$J$45 -> 0 | R14: =calculos_quadro!$J$46 -> 0 | T14: =calculos_quadro!$J$47 | W14: =calculos_quadro!$J$49 | Y14: =calculos_quadro!$J$50
D15: Backlog | H15: =calculos_quadro!$K$48 | J15: =calculos_quadro!$K$43 | M15: =calculos_quadro!$K$44 | O15: =calculos_quadro!$K$45 | R15: =calculos_quadro!$K$46 | T15: =calculos_quadro!$K$47 | W15: =calculos_quadro!$K$49 | Y15: =calculos_quadro!$K$50
B16: OCUPAÇÃO (P.P) | D16: Posições Disponíveis | H16: =calculos_quadro!$L$48 | J16: =calculos_quadro!$L$43 -> 5872 | O16: =calculos_quadro!$L$45 -> 5872 | R16: =calculos_quadro!$L$46 -> 5872 | T16: =calculos_quadro!$L$47 -> 0 | W16: =calculos_quadro!$L$49 | Y16: =calculos_quadro!$L$50
D17: Posições Ocupadas | H17: =calculos_quadro!$M$48 | J17: =calculos_quadro!$M$43 -> 4227 | M17: =calculos_quadro!$M$44 -> 3511.2414 | O17: =calculos_quadro!$M$45 -> 4227 | R17: =calculos_quadro!$M$46 -> 3928 | T17: =calculos_quadro!$M$47 -> 0.076120163 | W17: =calculos_quadro!$M$49 | Y17: =calculos_quadro!$M$50
D18: Taxa de Ocupação | H18: =calculos_quadro!$N$48 | J18: =calculos_quadro!$N$43 -> 0.71985695 | M18: =calculos_quadro!$N$44 -> 0.59796345 | O18: =calculos_quadro!$N$45 -> 0.71985695 | R18: =calculos_quadro!$N$46 -> 0.66893733 | T18: =calculos_quadro!$N$47 -> 0.076120163 | W18: =calculos_quadro!$N$49 | Y18: =calculos_quadro!$N$50 -> atenção
B19: GENTE | D19: Efetivo Op. | H19: =calculos_quadro!$O$48 | J19: =calculos_quadro!$O$43 -> 26 | M19: =calculos_quadro!$O$44 -> 29.62069 | O19: =calculos_quadro!$O$45 -> 38 | R19: =calculos_quadro!$O$46 -> 26 | T19: =calculos_quadro!$O$47 -> 0 | W19: =calculos_quadro!$O$49 | Y19: =calculos_quadro!$O$50
D20: Falta | H20: =calculos_quadro!$P$48 | J20: =calculos_quadro!$P$43 -> 0 | M20: =calculos_quadro!$P$44 | O20: =calculos_quadro!$P$45 -> 0 | R20: =calculos_quadro!$P$46 -> 0 | T20: =calculos_quadro!$P$47 | W20: =calculos_quadro!$P$49 | Y20: =calculos_quadro!$P$50
D21: Folga | H21: =calculos_quadro!$Q$48 | J21: =calculos_quadro!$Q$43 -> 0 | M21: =calculos_quadro!$Q$44 | O21: =calculos_quadro!$Q$45 -> 0 | R21: =calculos_quadro!$Q$46 -> 0 | T21: =calculos_quadro!$Q$47 | W21: =calculos_quadro!$Q$49 | Y21: =calculos_quadro!$Q$50
D22: Férias | H22: =calculos_quadro!$R$48 | J22: =calculos_quadro!$R$43 -> 0 | M22: =calculos_quadro!$R$44 | O22: =calculos_quadro!$R$45 -> 0 | R22: =calculos_quadro!$R$46 -> 0 | T22: =calculos_quadro!$R$47 | W22: =calculos_quadro!$R$49 | Y22: =calculos_quadro!$R$50
D23: Desligamento | H23: =calculos_quadro!$S$48 | J23: =calculos_quadro!$S$43 -> 0 | M23: =calculos_quadro!$S$44 | O23: =calculos_quadro!$S$45 -> 0 | R23: =calculos_quadro!$S$46 -> 0 | T23: =calculos_quadro!$S$47 | W23: =calculos_quadro!$S$49 | Y23: =calculos_quadro!$S$50
B24: Realizado: soma do mês nos fluxos (IN, OUT, incidentes, no show, falta, folga, férias, desligamento); último valor informado por cliente em backlog, posições, taxa e efetivo (dia sem lançamento mantém o valor anterior). Média/dia: dias com movimento. Metas e faixas: aba calculos (células amarelas). Vazio = sem registro.
B26: RESUMO POR CLIENTE · mês inteiro (todos os clientes)
B27: GRUPO | D27: INDICADOR | H27: Barry Callebaut | J27: PMB | M27: Nestlé | O27: Mondelez | R27: Gm | T27: TOTAL CD
B28: IN | D28: Veículos Recebidos | H28: =calculos_quadro!B88 -> 84 | J28: =calculos_quadro!C88 -> 102 | M28: =calculos_quadro!D88 -> 104 | O28: =calculos_quadro!E88 -> 88 | R28: =calculos_quadro!F88 -> 80 | T28: =calculos_quadro!G88 -> 458
D29: Pallets Movimentados | H29: =calculos_quadro!B89 -> 1960 | J29: =calculos_quadro!C89 -> 2417 | M29: =calculos_quadro!D89 -> 2547 | O29: =calculos_quadro!E89 -> 2131 | R29: =calculos_quadro!F89 -> 1902 | T29: =calculos_quadro!G89 -> 10957
D30: Toneladas Movimentadas | H30: =calculos_quadro!B90 -> 1445.28 | J30: =calculos_quadro!C90 -> 1557.8 | M30: =calculos_quadro!D90 -> 1592.76 | O30: =calculos_quadro!E90 -> 1409.33 | R30: =calculos_quadro!F90 -> 1368.17 | T30: =calculos_quadro!G90 -> 7373.34
B31: OUT | D31: Veículos Expedidos | H31: =calculos_quadro!B91 -> 205 | J31: =calculos_quadro!C91 -> 141 | M31: =calculos_quadro!D91 -> 130 | O31: =calculos_quadro!E91 -> 140 | R31: =calculos_quadro!F91 -> 86 | T31: =calculos_quadro!G91 -> 702
D32: Pallets Movimentados | H32: =calculos_quadro!B92 -> 3690 | J32: =calculos_quadro!C92 -> 2538 | M32: =calculos_quadro!D92 -> 2340 | O32: =calculos_quadro!E92 -> 2520 | R32: =calculos_quadro!F92 -> 1548 | T32: =calculos_quadro!G92 -> 12636
D33: Toneladas Movimentadas | H33: =calculos_quadro!B93 -> 2495.13 | J33: =calculos_quadro!C93 -> 1592.22 | M33: =calculos_quadro!D93 -> 1318.34 | O33: =calculos_quadro!E93 -> 1864.14 | R33: =calculos_quadro!F93 -> 1123.68 | T33: =calculos_quadro!G93 -> 8393.51
B34: NC | D34: Incidentes | H34: =calculos_quadro!B94 -> 2 | J34: =calculos_quadro!C94 -> 2 | M34: =calculos_quadro!D94 -> 5 | O34: =calculos_quadro!E94 -> 1 | R34: =calculos_quadro!F94 -> 1 | T34: =calculos_quadro!G94 -> 11
D35: No show | H35: =calculos_quadro!B95 -> 0 | J35: =calculos_quadro!C95 -> 0 | M35: =calculos_quadro!D95 -> 0 | O35: =calculos_quadro!E95 -> 0 | R35: =calculos_quadro!F95 -> 0 | T35: =calculos_quadro!G95 -> 0
D36: Backlog | H36: =calculos_quadro!B96 | J36: =calculos_quadro!C96 | M36: =calculos_quadro!D96 | O36: =calculos_quadro!E96 | R36: =calculos_quadro!F96 | T36: =calculos_quadro!G96 -> 0
B37: OCUPAÇÃO (P.P) | D37: Posições Disponíveis | H37: =calculos_quadro!B97 -> 1950 | J37: =calculos_quadro!C97 -> Cross | M37: =calculos_quadro!D97 -> 1400 | O37: =calculos_quadro!E97 -> Spot | R37: =calculos_quadro!F97 -> 800 | T37: =calculos_quadro!G97 -> 5872
D38: Posições Ocupadas | H38: =calculos_quadro!B98 -> 1872 | J38: =calculos_quadro!C98 -> 221 | M38: =calculos_quadro!D98 -> 1196 | O38: =calculos_quadro!E98 -> 373 | R38: =calculos_quadro!F98 -> 565 | T38: =calculos_quadro!G98 -> 4227
D39: Taxa de Ocupação | H39: =calculos_quadro!B99 -> 0.96 | J39: =calculos_quadro!C99 | M39: =calculos_quadro!D99 -> 0.85428571 | O39: =calculos_quadro!E99 | R39: =calculos_quadro!F99 -> 0.70625 | T39: =calculos_quadro!G99 -> 0.71985695
B40: GENTE | D40: Efetivo Op. | H40: =calculos_quadro!B100 -> 5 | J40: =calculos_quadro!C100 -> 3 | M40: =calculos_quadro!D100 -> 8 | O40: =calculos_quadro!E100 -> 5 | R40: =calculos_quadro!F100 -> 5 | T40: =calculos_quadro!G100 -> 26
D41: Falta | H41: =calculos_quadro!B101 -> 0 | J41: =calculos_quadro!C101 -> 0 | M41: =calculos_quadro!D101 -> 0 | O41: =calculos_quadro!E101 -> 0 | R41: =calculos_quadro!F101 -> 0 | T41: =calculos_quadro!G101 -> 0
D42: Folga | H42: =calculos_quadro!B102 -> 0 | J42: =calculos_quadro!C102 -> 0 | M42: =calculos_quadro!D102 -> 0 | O42: =calculos_quadro!E102 -> 0 | R42: =calculos_quadro!F102 -> 0 | T42: =calculos_quadro!G102 -> 0
D43: Férias | H43: =calculos_quadro!B103 -> 0 | J43: =calculos_quadro!C103 -> 0 | M43: =calculos_quadro!D103 -> 0 | O43: =calculos_quadro!E103 -> 0 | R43: =calculos_quadro!F103 -> 0 | T43: =calculos_quadro!G103 -> 0
D44: Desligamento | H44: =calculos_quadro!B104 -> 0 | J44: =calculos_quadro!C104 -> 0 | M44: =calculos_quadro!D104 -> 0 | O44: =calculos_quadro!E104 -> 0 | R44: =calculos_quadro!F104 -> 0 | T44: =calculos_quadro!G104 -> 0
B45: Fluxos: soma do mês · Estoques (backlog, posições, efetivo): último dado do mês · TOTAL CD: posições disponíveis = capacidade física do CD; taxa = ocupadas ÷ capacidade.

Sheet calculos
A1: CÁLCULOS — base dos KPIs, quadro e gráficos da aba Indicadores (gerado automaticamente; células amarelas podem ser editadas)
A2: Cliente selecionado | B2: =IF(OR(Indicadores!$D$3="",Indicadores!$D$3="Todos"),"Todos",Indicadores!$D$3) -> Todos
A3: Métrica dos gráficos | B3: Veículos | C3: =IFERROR(MATCH($B$3,$AB$12:$AB$14,0),1) -> 1
A4: Capacidade do CD (posições) | B4: 5872 | C4: Fonte: informada (meta.capacidadeCD do Power Automate)
A5: Faixa de atenção (ocupação) | B5: 0.7
A6: Faixa crítica (ocupação) | B6: 0.9
A7: Competência | B7: =INDEX({"Janeiro","Fevereiro","Março","Abril","Maio","Junho","Julho","Agosto","Setembro","Outubro","Novembro","Dezembro"},MONTH($C$7))&"/"&YEAR($C$7) -> Setembro/2026 | C7: =IF(ISNUMBER(Indicadores!$U$1),DATE(YEAR(Indicadores!$U$1),MONTH(Indicadores!$U$1),1),IFERROR(DATE(VALUE(RIGHT(TRIM(Indicadores!$U$1),4)),MATCH(TRIM(LEFT(Indicadores!$U$1,FIND("·",Indicadores!$U$1)-1)),{"JANEIRO","FEVEREIRO","MARÇO","ABRIL","MAIO","JUNHO","JULHO","AGOSTO","SETEMBRO","OUTUBRO","NOVEMBRO","DEZEMBRO"},0),1),DATE(2026,9,1))) -> 46266 | D7: =DATE(YEAR($C$7),MONTH($C$7)+1,0) -> 46295
A8: Mês anterior (comparação) | B8: =INDEX({"Janeiro","Fevereiro","Março","Abril","Maio","Junho","Julho","Agosto","Setembro","Outubro","Novembro","Dezembro"},MONTH($C$8))&"/"&YEAR($C$8) -> Agosto/2026 | C8: =DATE(YEAR($C$7),MONTH($C$7)-1,1) -> 46235 | D8: =IF($B$9=0,$C$8-1,MIN($C$8+MAX(MIN($B$9,31),1)-1,DATE(YEAR($C$8),MONTH($C$8)+1,0))) -> 46263
A9: Comparar até o dia | B9: =IFERROR(IF(_xlfn.MAXIFS(Base!$A$3:$A$5001,Base!$A$3:$A$5001,">="&$C$7,Base!$A$3:$A$5001,"<="&$D$7)=0,0,DAY(_xlfn.MAXIFS(Base!$A$3:$A$5001,Base!$A$3:$A$5001,">="&$C$7,Base!$A$3:$A$5001,"<="&$D$7))),0) -> 29 | C9: o mês anterior é somado do dia 1 até este dia (último dia com dado no mês escolhido)
A11: Dia | B11: Data | C11: IN Veículos Recebidos | D11: IN Pallets Movimentados | E11: IN Toneladas Movimentadas | F11: OUT Veículos Expedidos | G11: OUT Pallets Movimentados | H11: OUT Toneladas Movimentadas | I11: NC Incidentes | J11: NC No show | K11: NC Backlog | L11: OCC Posições Disponíveis | M11: OCC Posições Ocupadas | N11: OCC Taxa de Ocupação | O11: GENTE Efetivo Op. | P11: GENTE Falta | Q11: GENTE Folga | R11: GENTE Férias | S11: GENTE Desligamento | T11: Dia da semana | U11: IN métrica | V11: OUT métrica | W11: Média IN | X11: Média OUT | Y11: Faixa atenção | Z11: Faixa crítica | AB11: Métricas | AD11: Clientes (filtro) | AF11: Títulos dos gráficos (seguem os filtros) | AH11: Meses (filtros das abas)
A12: 1 | B12: =IF(ISNUMBER($A12),$C$7+$A12-1,"") -> 46266 | C12: =IF($B$2="Todos",SUMIFS(Base!$C$3:$C$5001,Base!$A$3:$A$5001,$B12),SUMIFS(Base!$C$3:$C$5001,Base!$A$3:$A$5001,$B12,Base!$B$3:$B$5001,$B$2)) -> 24 | D12: =IF($B$2="Todos",SUMIFS(Base!$D$3:$D$5001,Base!$A$3:$A$5001,$B12),SUMIFS(Base!$D$3:$D$5001,Base!$A$3:$A$5001,$B12,Base!$B$3:$B$5001,$B$2)) -> 573 | E12: =IF($B$2="Todos",SUMIFS(Base!$E$3:$E$5001,Base!$A$3:$A$5001,$B12),SUMIFS(Base!$E$3:$E$5001,Base!$A$3:$A$5001,$B12,Base!$B$3:$B$5001,$B$2)) -> 426.82 | F12: =IF($B$2="Todos",SUMIFS(Base!$F$3:$F$5001,Base!$A$3:$A$5001,$B12),SUMIFS(Base!$F$3:$F$5001,Base!$A$3:$A$5001,$B12,Base!$B$3:$B$5001,$B$2)) -> 34 | G12: =IF($B$2="Todos",SUMIFS(Base!$G$3:$G$5001,Base!$A$3:$A$5001,$B12),SUMIFS(Base!$G$3:$G$5001,Base!$A$3:$A$5001,$B12,Base!$B$3:$B$5001,$B$2)) -> 612 | H12: =IF($B$2="Todos",SUMIFS(Base!$H$3:$H$5001,Base!$A$3:$A$5001,$B12),SUMIFS(Base!$H$3:$H$5001,Base!$A$3:$A$5001,$B12,Base!$B$3:$B$5001,$B$2)) -> 368.03 | I12: =IF($B$2="Todos",SUMIFS(Base!$I$3:$I$5001,Base!$A$3:$A$5001,$B12),SUMIFS(Base!$I$3:$I$5001,Base!$A$3:$A$5001,$B12,Base!$B$3:$B$5001,$B$2)) -> 1 | J12: =IF($B$2="Todos",SUMIFS(Base!$J$3:$J$5001,Base!$A$3:$A$5001,$B12),SUMIFS(Base!$J$3:$J$5001,Base!$A$3:$A$5001,$B12,Base!$B$3:$B$5001,$B$2)) -> 0 | K12: =IF($B$2="Todos",IF(COUNT($C$109:$G$109)=0,"",SUM($C$109:$G$109)),IFERROR(INDEX($C$109:$G$109,MATCH($B$2,$C$108:$G$108,0)),"")) | L12: =IF(M12="","",IF($B$2="Todos",$B$4,IFERROR(INDEX($C$179:$G$179,MATCH($B$2,$C$178:$G$178,0)),""))) -> 5872 | M12: =IF($B$2="Todos",IF(COUNT($C$144:$G$144)=0,"",SUM($C$144:$G$144)),IFERROR(INDEX($C$144:$G$144,MATCH($B$2,$C$143:$G$143,0)),"")) -> 3718 | N12: =IF(AND(ISNUMBER(M12),ISNUMBER(L12)),IF(L12>0,M12/L12,""),"") -> 0.63317439 | O12: =IF($B$2="Todos",IF(COUNT($C$214:$G$214)=0,"",SUM($C$214:$G$214)),IFERROR(INDEX($C$214:$G$214,MATCH($B$2,$C$213:$G$213,0)),"")) -> 36 | P12: =IF($B$2="Todos",SUMIFS(Base!$O$3:$O$5001,Base!$A$3:$A$5001,$B12),SUMIFS(Base!$O$3:$O$5001,Base!$A$3:$A$5001,$B12,Base!$B$3:$B$5001,$B$2)) -> 0 | Q12: =IF($B$2="Todos",SUMIFS(Base!$P$3:$P$5001,Base!$A$3:$A$5001,$B12),SUMIFS(Base!$P$3:$P$5001,Base!$A$3:$A$5001,$B12,Base!$B$3:$B$5001,$B$2)) -> 0 | R12: =IF($B$2="Todos",SUMIFS(Base!$Q$3:$Q$5001,Base!$A$3:$A$5001,$B12),SUMIFS(Base!$Q$3:$Q$5001,Base!$A$3:$A$5001,$B12,Base!$B$3:$B$5001,$B$2)) -> 0 | S12: =IF($B$2="Todos",SUMIFS(Base!$R$3:$R$5001,Base!$A$3:$A$5001,$B12),SUMIFS(Base!$R$3:$R$5001,Base!$A$3:$A$5001,$B12,Base!$B$3:$B$5001,$B$2)) -> 0 | T12: =IF(ISNUMBER($B12),WEEKDAY($B12,2),"") -> 2 | U12: =CHOOSE($C$3,C12,D12,E12) -> 24 | V12: =CHOOSE($C$3,F12,G12,H12) -> 34 | W12: =IFERROR(AVERAGEIF(U12:U42,">0"),0) -> 17.615385 | X12: =IFERROR(AVERAGEIF(V12:V42,">0"),0) -> 25.071429 | Y12: =$B$5 -> 0.7 | Z12: =$B$6 -> 0.9 | AB12: Veículos | AD12: Todos | AF12: ="Recebimento diário · "&LOWER($B$3)&" — "&IF($B$2="Todos","todos os clientes",$B$2) -> Recebimento diário · veículos — todos os clientes | AH12: JANEIRO · 2026
A13: 2 | B13: =IF(ISNUMBER($A13),$C$7+$A13-1,"") -> 46267 | C13: =IF($B$2="Todos",SUMIFS(Base!$C$3:$C$5001,Base!$A$3:$A$5001,$B13),SUMIFS(Base!$C$3:$C$5001,Base!$A$3:$A$5001,$B13,Base!$B$3:$B$5001,$B$2)) -> 15 | D13: =IF($B$2="Todos",SUMIFS(Base!$D$3:$D$5001,Base!$A$3:$A$5001,$B13),SUMIFS(Base!$D$3:$D$5001,Base!$A$3:$A$5001,$B13,Base!$B$3:$B$5001,$B$2)) -> 356 | E13: =IF($B$2="Todos",SUMIFS(Base!$E$3:$E$5001,Base!$A$3:$A$5001,$B13),SUMIFS(Base!$E$3:$E$5001,Base!$A$3:$A$5001,$B13,Base!$B$3:$B$5001,$B$2)) -> 242.51 | F13: =IF($B$2="Todos",SUMIFS(Base!$F$3:$F$5001,Base!$A$3:$A$5001,$B13),SUMIFS(Base!$F$3:$F$5001,Base!$A$3:$A$5001,$B13,Base!$B$3:$B$5001,$B$2)) -> 30 | G13: =IF($B$2="Todos",SUMIFS(Base!$G$3:$G$5001,Base!$A$3:$A$5001,$B13),SUMIFS(Base!$G$3:$G$5001,Base!$A$3:$A$5001,$B13,Base!$B$3:$B$5001,$B$2)) -> 540 | H13: =IF($B$2="Todos",SUMIFS(Base!$H$3:$H$5001,Base!$A$3:$A$5001,$B13),SUMIFS(Base!$H$3:$H$5001,Base!$A$3:$A$5001,$B13,Base!$B$3:$B$5001,$B$2)) -> 358.12 | I13: =IF($B$2="Todos",SUMIFS(Base!$I$3:$I$5001,Base!$A$3:$A$5001,$B13),SUMIFS(Base!$I$3:$I$5001,Base!$A$3:$A$5001,$B13,Base!$B$3:$B$5001,$B$2)) -> 0 | J13: =IF($B$2="Todos",SUMIFS(Base!$J$3:$J$5001,Base!$A$3:$A$5001,$B13),SUMIFS(Base!$J$3:$J$5001,Base!$A$3:$A$5001,$B13,Base!$B$3:$B$5001,$B$2)) -> 0 | K13: =IF($B$2="Todos",IF(COUNT($C$110:$G$110)=0,"",SUM($C$110:$G$110)),IFERROR(INDEX($C$110:$G$110,MATCH($B$2,$C$108:$G$108,0)),"")) | L13: =IF(M13="","",IF($B$2="Todos",$B$4,IFERROR(INDEX($C$180:$G$180,MATCH($B$2,$C$178:$G$178,0)),""))) -> 5872 | M13: =IF($B$2="Todos",IF(COUNT($C$145:$G$145)=0,"",SUM($C$145:$G$145)),IFERROR(INDEX($C$145:$G$145,MATCH($B$2,$C$143:$G$143,0)),"")) -> 3233 | N13: =IF(AND(ISNUMBER(M13),ISNUMBER(L13)),IF(L13>0,M13/L13,""),"") -> 0.55057902 | O13: =IF($B$2="Todos",IF(COUNT($C$215:$G$215)=0,"",SUM($C$215:$G$215)),IFERROR(INDEX($C$215:$G$215,MATCH($B$2,$C$213:$G$213,0)),"")) -> 36 | P13: =IF($B$2="Todos",SUMIFS(Base!$O$3:$O$5001,Base!$A$3:$A$5001,$B13),SUMIFS(Base!$O$3:$O$5001,Base!$A$3:$A$5001,$B13,Base!$B$3:$B$5001,$B$2)) -> 0 | Q13: =IF($B$2="Todos",SUMIFS(Base!$P$3:$P$5001,Base!$A$3:$A$5001,$B13),SUMIFS(Base!$P$3:$P$5001,Base!$A$3:$A$5001,$B13,Base!$B$3:$B$5001,$B$2)) -> 0 | R13: =IF($B$2="Todos",SUMIFS(Base!$Q$3:$Q$5001,Base!$A$3:$A$5001,$B13),SUMIFS(Base!$Q$3:$Q$5001,Base!$A$3:$A$5001,$B13,Base!$B$3:$B$5001,$B$2)) -> 0 | S13: =IF($B$2="Todos",SUMIFS(Base!$R$3:$R$5001,Base!$A$3:$A$5001,$B13),SUMIFS(Base!$R$3:$R$5001,Base!$A$3:$A$5001,$B13,Base!$B$3:$B$5001,$B$2)) -> 0 | T13: =IF(ISNUMBER($B13),WEEKDAY($B13,2),"") -> 3 | U13: =CHOOSE($C$3,C13,D13,E13) -> 15 | V13: =CHOOSE($C$3,F13,G13,H13) -> 30 | W13: =IFERROR(AVERAGEIF(U12:U42,">0"),0) -> 17.615385 | X13: =IFERROR(AVERAGEIF(V12:V42,">0"),0) -> 25.071429 | Y13: =$B$5 -> 0.7 | Z13: =$B$6 -> 0.9 | AB13: Pallets | AD13: Barry Callebaut | AF13: ="Expedição diária · "&LOWER($B$3)&" — "&IF($B$2="Todos","todos os clientes",$B$2) -> Expedição diária · veículos — todos os clientes | AH13: FEVEREIRO · 2026
A14: 3 | B14: =IF(ISNUMBER($A14),$C$7+$A14-1,"") -> 46268 | C14: =IF($B$2="Todos",SUMIFS(Base!$C$3:$C$5001,Base!$A$3:$A$5001,$B14),SUMIFS(Base!$C$3:$C$5001,Base!$A$3:$A$5001,$B14,Base!$B$3:$B$5001,$B$2)) -> 25 | D14: =IF($B$2="Todos",SUMIFS(Base!$D$3:$D$5001,Base!$A$3:$A$5001,$B14),SUMIFS(Base!$D$3:$D$5001,Base!$A$3:$A$5001,$B14,Base!$B$3:$B$5001,$B$2)) -> 572 | E14: =IF($B$2="Todos",SUMIFS(Base!$E$3:$E$5001,Base!$A$3:$A$5001,$B14),SUMIFS(Base!$E$3:$E$5001,Base!$A$3:$A$5001,$B14,Base!$B$3:$B$5001,$B$2)) -> 501.26 | F14: =IF($B$2="Todos",SUMIFS(Base!$F$3:$F$5001,Base!$A$3:$A$5001,$B14),SUMIFS(Base!$F$3:$F$5001,Base!$A$3:$A$5001,$B14,Base!$B$3:$B$5001,$B$2)) -> 33 | G14: =IF($B$2="Todos",SUMIFS(Base!$G$3:$G$5001,Base!$A$3:$A$5001,$B14),SUMIFS(Base!$G$3:$G$5001,Base!$A$3:$A$5001,$B14,Base!$B$3:$B$5001,$B$2)) -> 594 | H14: =IF($B$2="Todos",SUMIFS(Base!$H$3:$H$5001,Base!$A$3:$A$5001,$B14),SUMIFS(Base!$H$3:$H$5001,Base!$A$3:$A$5001,$B14,Base!$B$3:$B$5001,$B$2)) -> 352.11 | I14: =IF($B$2="Todos",SUMIFS(Base!$I$3:$I$5001,Base!$A$3:$A$5001,$B14),SUMIFS(Base!$I$3:$I$5001,Base!$A$3:$A$5001,$B14,Base!$B$3:$B$5001,$B$2)) -> 0 | J14: =IF($B$2="Todos",SUMIFS(Base!$J$3:$J$5001,Base!$A$3:$A$5001,$B14),SUMIFS(Base!$J$3:$J$5001,Base!$A$3:$A$5001,$B14,Base!$B$3:$B$5001,$B$2)) -> 0 | K14: =IF($B$2="Todos",IF(COUNT($C$111:$G$111)=0,"",SUM($C$111:$G$111)),IFERROR(INDEX($C$111:$G$111,MATCH($B$2,$C$108:$G$108,0)),"")) | L14: =IF(M14="","",IF($B$2="Todos",$B$4,IFERROR(INDEX($C$181:$G$181,MATCH($B$2,$C$178:$G$178,0)),""))) -> 5872 | M14: =IF($B$2="Todos",IF(COUNT($C$146:$G$146)=0,"",SUM($C$146:$G$146)),IFERROR(INDEX($C$146:$G$146,MATCH($B$2,$C$143:$G$143,0)),"")) -> 3968 | N14: =IF(AND(ISNUMBER(M14),ISNUMBER(L14)),IF(L14>0,M14/L14,""),"") -> 0.67574932 | O14: =IF($B$2="Todos",IF(COUNT($C$216:$G$216)=0,"",SUM($C$216:$G$216)),IFERROR(INDEX($C$216:$G$216,MATCH($B$2,$C$213:$G$213,0)),"")) -> 35 | P14: =IF($B$2="Todos",SUMIFS(Base!$O$3:$O$5001,Base!$A$3:$A$5001,$B14),SUMIFS(Base!$O$3:$O$5001,Base!$A$3:$A$5001,$B14,Base!$B$3:$B$5001,$B$2)) -> 0 | Q14: =IF($B$2="Todos",SUMIFS(Base!$P$3:$P$5001,Base!$A$3:$A$5001,$B14),SUMIFS(Base!$P$3:$P$5001,Base!$A$3:$A$5001,$B14,Base!$B$3:$B$5001,$B$2)) -> 0 | R14: =IF($B$2="Todos",SUMIFS(Base!$Q$3:$Q$5001,Base!$A$3:$A$5001,$B14),SUMIFS(Base!$Q$3:$Q$5001,Base!$A$3:$A$5001,$B14,Base!$B$3:$B$5001,$B$2)) -> 0 | S14: =IF($B$2="Todos",SUMIFS(Base!$R$3:$R$5001,Base!$A$3:$A$5001,$B14),SUMIFS(Base!$R$3:$R$5001,Base!$A$3:$A$5001,$B14,Base!$B$3:$B$5001,$B$2)) -> 0 | T14: =IF(ISNUMBER($B14),WEEKDAY($B14,2),"") -> 4 | U14: =CHOOSE($C$3,C14,D14,E14) -> 25 | V14: =CHOOSE($C$3,F14,G14,H14) -> 33 | W14: =IFERROR(AVERAGEIF(U12:U42,">0"),0) -> 17.615385 | X14: =IFERROR(AVERAGEIF(V12:V42,">0"),0) -> 25.071429 | Y14: =$B$5 -> 0.7 | Z14: =$B$6 -> 0.9 | AB14: Toneladas | AD14: Gm | AF14: ="NC diário · incidentes, no show e backlog — "&IF($B$2="Todos","todos os clientes",$B$2) -> NC diário · incidentes, no show e backlog — todos os clientes | AH14: MARÇO · 2026
A15: 4 | B15: =IF(ISNUMBER($A15),$C$7+$A15-1,"") -> 46269 | C15: =IF($B$2="Todos",SUMIFS(Base!$C$3:$C$5001,Base!$A$3:$A$5001,$B15),SUMIFS(Base!$C$3:$C$5001,Base!$A$3:$A$5001,$B15,Base!$B$3:$B$5001,$B$2)) -> 20 | D15: =IF($B$2="Todos",SUMIFS(Base!$D$3:$D$5001,Base!$A$3:$A$5001,$B15),SUMIFS(Base!$D$3:$D$5001,Base!$A$3:$A$5001,$B15,Base!$B$3:$B$5001,$B$2)) -> 490 | E15: =IF($B$2="Todos",SUMIFS(Base!$E$3:$E$5001,Base!$A$3:$A$5001,$B15),SUMIFS(Base!$E$3:$E$5001,Base!$A$3:$A$5001,$B15,Base!$B$3:$B$5001,$B$2)) -> 279.97 | F15: =IF($B$2="Todos",SUMIFS(Base!$F$3:$F$5001,Base!$A$3:$A$5001,$B15),SUMIFS(Base!$F$3:$F$5001,Base!$A$3:$A$5001,$B15,Base!$B$3:$B$5001,$B$2)) -> 36 | G15: =IF($B$2="Todos",SUMIFS(Base!$G$3:$G$5001,Base!$A$3:$A$5001,$B15),SUMIFS(Base!$G$3:$G$5001,Base!$A$3:$A$5001,$B15,Base!$B$3:$B$5001,$B$2)) -> 648 | H15: =IF($B$2="Todos",SUMIFS(Base!$H$3:$H$5001,Base!$A$3:$A$5001,$B15),SUMIFS(Base!$H$3:$H$5001,Base!$A$3:$A$5001,$B15,Base!$B$3:$B$5001,$B$2)) -> 507.85 | I15: =IF($B$2="Todos",SUMIFS(Base!$I$3:$I$5001,Base!$A$3:$A$5001,$B15),SUMIFS(Base!$I$3:$I$5001,Base!$A$3:$A$5001,$B15,Base!$B$3:$B$5001,$B$2)) -> 1 | J15: =IF($B$2="Todos",SUMIFS(Base!$J$3:$J$5001,Base!$A$3:$A$5001,$B15),SUMIFS(Base!$J$3:$J$5001,Base!$A$3:$A$5001,$B15,Base!$B$3:$B$5001,$B$2)) -> 0 | K15: =IF($B$2="Todos",IF(COUNT($C$112:$G$112)=0,"",SUM($C$112:$G$112)),IFERROR(INDEX($C$112:$G$112,MATCH($B$2,$C$108:$G$108,0)),"")) | L15: =IF(M15="","",IF($B$2="Todos",$B$4,IFERROR(INDEX($C$182:$G$182,MATCH($B$2,$C$178:$G$178,0)),""))) -> 5872 | M15: =IF($B$2="Todos",IF(COUNT($C$147:$G$147)=0,"",SUM($C$147:$G$147)),IFERROR(INDEX($C$147:$G$147,MATCH($B$2,$C$143:$G$143,0)),"")) -> 3082 | N15: =IF(AND(ISNUMBER(M15),ISNUMBER(L15)),IF(L15>0,M15/L15,""),"") -> 0.52486376 | O15: =IF($B$2="Todos",IF(COUNT($C$217:$G$217)=0,"",SUM($C$217:$G$217)),IFERROR(INDEX($C$217:$G$217,MATCH($B$2,$C$213:$G$213,0)),"")) -> 28 | P15: =IF($B$2="Todos",SUMIFS(Base!$O$3:$O$5001,Base!$A$3:$A$5001,$B15),SUMIFS(Base!$O$3:$O$5001,Base!$A$3:$A$5001,$B15,Base!$B$3:$B$5001,$B$2)) -> 0 | Q15: =IF($B$2="Todos",SUMIFS(Base!$P$3:$P$5001,Base!$A$3:$A$5001,$B15),SUMIFS(Base!$P$3:$P$5001,Base!$A$3:$A$5001,$B15,Base!$B$3:$B$5001,$B$2)) -> 0 | R15: =IF($B$2="Todos",SUMIFS(Base!$Q$3:$Q$5001,Base!$A$3:$A$5001,$B15),SUMIFS(Base!$Q$3:$Q$5001,Base!$A$3:$A$5001,$B15,Base!$B$3:$B$5001,$B$2)) -> 0 | S15: =IF($B$2="Todos",SUMIFS(Base!$R$3:$R$5001,Base!$A$3:$A$5001,$B15),SUMIFS(Base!$R$3:$R$5001,Base!$A$3:$A$5001,$B15,Base!$B$3:$B$5001,$B$2)) -> 0 | T15: =IF(ISNUMBER($B15),WEEKDAY($B15,2),"") -> 5 | U15: =CHOOSE($C$3,C15,D15,E15) -> 20 | V15: =CHOOSE($C$3,F15,G15,H15) -> 36 | W15: =IFERROR(AVERAGEIF(U12:U42,">0"),0) -> 17.615385 | X15: =IFERROR(AVERAGEIF(V12:V42,">0"),0) -> 25.071429 | Y15: =$B$5 -> 0.7 | Z15: =$B$6 -> 0.9 | AD15: Mondelez | AF15: ="Gente diário · efetivo, falta, folga, férias e desligamento — "&IF($B$2="Todos","todos os clientes",$B$2) -> Gente diário · efetivo, falta, folga, férias e desligamento — todos os clientes | AH15: ABRIL · 2026
A16: 5 | B16: =IF(ISNUMBER($A16),$C$7+$A16-1,"") -> 46270 | C16: =IF($B$2="Todos",SUMIFS(Base!$C$3:$C$5001,Base!$A$3:$A$5001,$B16),SUMIFS(Base!$C$3:$C$5001,Base!$A$3:$A$5001,$B16,Base!$B$3:$B$5001,$B$2)) -> 3 | D16: =IF($B$2="Todos",SUMIFS(Base!$D$3:$D$5001,Base!$A$3:$A$5001,$B16),SUMIFS(Base!$D$3:$D$5001,Base!$A$3:$A$5001,$B16,Base!$B$3:$B$5001,$B$2)) -> 80 | E16: =IF($B$2="Todos",SUMIFS(Base!$E$3:$E$5001,Base!$A$3:$A$5001,$B16),SUMIFS(Base!$E$3:$E$5001,Base!$A$3:$A$5001,$B16,Base!$B$3:$B$5001,$B$2)) -> 42.41 | F16: =IF($B$2="Todos",SUMIFS(Base!$F$3:$F$5001,Base!$A$3:$A$5001,$B16),SUMIFS(Base!$F$3:$F$5001,Base!$A$3:$A$5001,$B16,Base!$B$3:$B$5001,$B$2)) -> 18 | G16: =IF($B$2="Todos",SUMIFS(Base!$G$3:$G$5001,Base!$A$3:$A$5001,$B16),SUMIFS(Base!$G$3:$G$5001,Base!$A$3:$A$5001,$B16,Base!$B$3:$B$5001,$B$2)) -> 324 | H16: =IF($B$2="Todos",SUMIFS(Base!$H$3:$H$5001,Base!$A$3:$A$5001,$B16),SUMIFS(Base!$H$3:$H$5001,Base!$A$3:$A$5001,$B16,Base!$B$3:$B$5001,$B$2)) -> 277.76 | I16: =IF($B$2="Todos",SUMIFS(Base!$I$3:$I$5001,Base!$A$3:$A$5001,$B16),SUMIFS(Base!$I$3:$I$5001,Base!$A$3:$A$5001,$B16,Base!$B$3:$B$5001,$B$2)) -> 1 | J16: =IF($B$2="Todos",SUMIFS(Base!$J$3:$J$5001,Base!$A$3:$A$5001,$B16),SUMIFS(Base!$J$3:$J$5001,Base!$A$3:$A$5001,$B16,Base!$B$3:$B$5001,$B$2)) -> 0 | K16: =IF($B$2="Todos",IF(COUNT($C$113:$G$113)=0,"",SUM($C$113:$G$113)),IFERROR(INDEX($C$113:$G$113,MATCH($B$2,$C$108:$G$108,0)),"")) | L16: =IF(M16="","",IF($B$2="Todos",$B$4,IFERROR(INDEX($C$183:$G$183,MATCH($B$2,$C$178:$G$178,0)),""))) -> 5872 | M16: =IF($B$2="Todos",IF(COUNT($C$148:$G$148)=0,"",SUM($C$148:$G$148)),IFERROR(INDEX($C$148:$G$148,MATCH($B$2,$C$143:$G$143,0)),"")) -> 3266 | N16: =IF(AND(ISNUMBER(M16),ISNUMBER(L16)),IF(L16>0,M16/L16,""),"") -> 0.55619891 | O16: =IF($B$2="Todos",IF(COUNT($C$218:$G$218)=0,"",SUM($C$218:$G$218)),IFERROR(INDEX($C$218:$G$218,MATCH($B$2,$C$213:$G$213,0)),"")) -> 20 | P16: =IF($B$2="Todos",SUMIFS(Base!$O$3:$O$5001,Base!$A$3:$A$5001,$B16),SUMIFS(Base!$O$3:$O$5001,Base!$A$3:$A$5001,$B16,Base!$B$3:$B$5001,$B$2)) -> 0 | Q16: =IF($B$2="Todos",SUMIFS(Base!$P$3:$P$5001,Base!$A$3:$A$5001,$B16),SUMIFS(Base!$P$3:$P$5001,Base!$A$3:$A$5001,$B16,Base!$B$3:$B$5001,$B$2)) -> 0 | R16: =IF($B$2="Todos",SUMIFS(Base!$Q$3:$Q$5001,Base!$A$3:$A$5001,$B16),SUMIFS(Base!$Q$3:$Q$5001,Base!$A$3:$A$5001,$B16,Base!$B$3:$B$5001,$B$2)) -> 0 | S16: =IF($B$2="Todos",SUMIFS(Base!$R$3:$R$5001,Base!$A$3:$A$5001,$B16),SUMIFS(Base!$R$3:$R$5001,Base!$A$3:$A$5001,$B16,Base!$B$3:$B$5001,$B$2)) -> 0 | T16: =IF(ISNUMBER($B16),WEEKDAY($B16,2),"") -> 6 | U16: =CHOOSE($C$3,C16,D16,E16) -> 3 | V16: =CHOOSE($C$3,F16,G16,H16) -> 18 | W16: =IFERROR(AVERAGEIF(U12:U42,">0"),0) -> 17.615385 | X16: =IFERROR(AVERAGEIF(V12:V42,">0"),0) -> 25.071429 | Y16: =$B$5 -> 0.7 | Z16: =$B$6 -> 0.9 | AD16: Nestlé | AF16: ="Posições ocupadas x disponíveis — "&IF($B$2="Todos","todos os clientes",$B$2) -> Posições ocupadas x disponíveis — todos os clientes | AH16: MAIO · 2026
A17: 6 | B17: =IF(ISNUMBER($A17),$C$7+$A17-1,"") -> 46271 | C17: =IF($B$2="Todos",SUMIFS(Base!$C$3:$C$5001,Base!$A$3:$A$5001,$B17),SUMIFS(Base!$C$3:$C$5001,Base!$A$3:$A$5001,$B17,Base!$B$3:$B$5001,$B$2)) -> 4 | D17: =IF($B$2="Todos",SUMIFS(Base!$D$3:$D$5001,Base!$A$3:$A$5001,$B17),SUMIFS(Base!$D$3:$D$5001,Base!$A$3:$A$5001,$B17,Base!$B$3:$B$5001,$B$2)) -> 100 | E17: =IF($B$2="Todos",SUMIFS(Base!$E$3:$E$5001,Base!$A$3:$A$5001,$B17),SUMIFS(Base!$E$3:$E$5001,Base!$A$3:$A$5001,$B17,Base!$B$3:$B$5001,$B$2)) -> 74.36 | F17: =IF($B$2="Todos",SUMIFS(Base!$F$3:$F$5001,Base!$A$3:$A$5001,$B17),SUMIFS(Base!$F$3:$F$5001,Base!$A$3:$A$5001,$B17,Base!$B$3:$B$5001,$B$2)) -> 17 | G17: =IF($B$2="Todos",SUMIFS(Base!$G$3:$G$5001,Base!$A$3:$A$5001,$B17),SUMIFS(Base!$G$3:$G$5001,Base!$A$3:$A$5001,$B17,Base!$B$3:$B$5001,$B$2)) -> 306 | H17: =IF($B$2="Todos",SUMIFS(Base!$H$3:$H$5001,Base!$A$3:$A$5001,$B17),SUMIFS(Base!$H$3:$H$5001,Base!$A$3:$A$5001,$B17,Base!$B$3:$B$5001,$B$2)) -> 197.72 | I17: =IF($B$2="Todos",SUMIFS(Base!$I$3:$I$5001,Base!$A$3:$A$5001,$B17),SUMIFS(Base!$I$3:$I$5001,Base!$A$3:$A$5001,$B17,Base!$B$3:$B$5001,$B$2)) -> 0 | J17: =IF($B$2="Todos",SUMIFS(Base!$J$3:$J$5001,Base!$A$3:$A$5001,$B17),SUMIFS(Base!$J$3:$J$5001,Base!$A$3:$A$5001,$B17,Base!$B$3:$B$5001,$B$2)) -> 0 | K17: =IF($B$2="Todos",IF(COUNT($C$114:$G$114)=0,"",SUM($C$114:$G$114)),IFERROR(INDEX($C$114:$G$114,MATCH($B$2,$C$108:$G$108,0)),"")) | L17: =IF(M17="","",IF($B$2="Todos",$B$4,IFERROR(INDEX($C$184:$G$184,MATCH($B$2,$C$178:$G$178,0)),""))) -> 5872 | M17: =IF($B$2="Todos",IF(COUNT($C$149:$G$149)=0,"",SUM($C$149:$G$149)),IFERROR(INDEX($C$149:$G$149,MATCH($B$2,$C$143:$G$143,0)),"")) -> 3456 | N17: =IF(AND(ISNUMBER(M17),ISNUMBER(L17)),IF(L17>0,M17/L17,""),"") -> 0.58855586 | O17: =IF($B$2="Todos",IF(COUNT($C$219:$G$219)=0,"",SUM($C$219:$G$219)),IFERROR(INDEX($C$219:$G$219,MATCH($B$2,$C$213:$G$213,0)),"")) -> 26 | P17: =IF($B$2="Todos",SUMIFS(Base!$O$3:$O$5001,Base!$A$3:$A$5001,$B17),SUMIFS(Base!$O$3:$O$5001,Base!$A$3:$A$5001,$B17,Base!$B$3:$B$5001,$B$2)) -> 0 | Q17: =IF($B$2="Todos",SUMIFS(Base!$P$3:$P$5001,Base!$A$3:$A$5001,$B17),SUMIFS(Base!$P$3:$P$5001,Base!$A$3:$A$5001,$B17,Base!$B$3:$B$5001,$B$2)) -> 0 | R17: =IF($B$2="Todos",SUMIFS(Base!$Q$3:$Q$5001,Base!$A$3:$A$5001,$B17),SUMIFS(Base!$Q$3:$Q$5001,Base!$A$3:$A$5001,$B17,Base!$B$3:$B$5001,$B$2)) -> 0 | S17: =IF($B$2="Todos",SUMIFS(Base!$R$3:$R$5001,Base!$A$3:$A$5001,$B17),SUMIFS(Base!$R$3:$R$5001,Base!$A$3:$A$5001,$B17,Base!$B$3:$B$5001,$B$2)) -> 0 | T17: =IF(ISNUMBER($B17),WEEKDAY($B17,2),"") -> 7 | U17: =CHOOSE($C$3,C17,D17,E17) -> 4 | V17: =CHOOSE($C$3,F17,G17,H17) -> 17 | W17: =IFERROR(AVERAGEIF(U12:U42,">0"),0) -> 17.615385 | X17: =IFERROR(AVERAGEIF(V12:V42,">0"),0) -> 25.071429 | Y17: =$B$5 -> 0.7 | Z17: =$B$6 -> 0.9 | AD17: PMB | AF17: ="Taxa de ocupação diária — "&IF($B$2="Todos","todos os clientes",$B$2) -> Taxa de ocupação diária — todos os clientes | AH17: JUNHO · 2026
A18: 7 | B18: =IF(ISNUMBER($A18),$C$7+$A18-1,"") -> 46272 | C18: =IF($B$2="Todos",SUMIFS(Base!$C$3:$C$5001,Base!$A$3:$A$5001,$B18),SUMIFS(Base!$C$3:$C$5001,Base!$A$3:$A$5001,$B18,Base!$B$3:$B$5001,$B$2)) -> 16 | D18: =IF($B$2="Todos",SUMIFS(Base!$D$3:$D$5001,Base!$A$3:$A$5001,$B18),SUMIFS(Base!$D$3:$D$5001,Base!$A$3:$A$5001,$B18,Base!$B$3:$B$5001,$B$2)) -> 371 | E18: =IF($B$2="Todos",SUMIFS(Base!$E$3:$E$5001,Base!$A$3:$A$5001,$B18),SUMIFS(Base!$E$3:$E$5001,Base!$A$3:$A$5001,$B18,Base!$B$3:$B$5001,$B$2)) -> 301.93 | F18: =IF($B$2="Todos",SUMIFS(Base!$F$3:$F$5001,Base!$A$3:$A$5001,$B18),SUMIFS(Base!$F$3:$F$5001,Base!$A$3:$A$5001,$B18,Base!$B$3:$B$5001,$B$2)) -> 29 | G18: =IF($B$2="Todos",SUMIFS(Base!$G$3:$G$5001,Base!$A$3:$A$5001,$B18),SUMIFS(Base!$G$3:$G$5001,Base!$A$3:$A$5001,$B18,Base!$B$3:$B$5001,$B$2)) -> 522 | H18: =IF($B$2="Todos",SUMIFS(Base!$H$3:$H$5001,Base!$A$3:$A$5001,$B18),SUMIFS(Base!$H$3:$H$5001,Base!$A$3:$A$5001,$B18,Base!$B$3:$B$5001,$B$2)) -> 342.16 | I18: =IF($B$2="Todos",SUMIFS(Base!$I$3:$I$5001,Base!$A$3:$A$5001,$B18),SUMIFS(Base!$I$3:$I$5001,Base!$A$3:$A$5001,$B18,Base!$B$3:$B$5001,$B$2)) -> 0 | J18: =IF($B$2="Todos",SUMIFS(Base!$J$3:$J$5001,Base!$A$3:$A$5001,$B18),SUMIFS(Base!$J$3:$J$5001,Base!$A$3:$A$5001,$B18,Base!$B$3:$B$5001,$B$2)) -> 0 | K18: =IF($B$2="Todos",IF(COUNT($C$115:$G$115)=0,"",SUM($C$115:$G$115)),IFERROR(INDEX($C$115:$G$115,MATCH($B$2,$C$108:$G$108,0)),"")) | L18: =IF(M18="","",IF($B$2="Todos",$B$4,IFERROR(INDEX($C$185:$G$185,MATCH($B$2,$C$178:$G$178,0)),""))) -> 5872 | M18: =IF($B$2="Todos",IF(COUNT($C$150:$G$150)=0,"",SUM($C$150:$G$150)),IFERROR(INDEX($C$150:$G$150,MATCH($B$2,$C$143:$G$143,0)),"")) -> 3227 | N18: =IF(AND(ISNUMBER(M18),ISNUMBER(L18)),IF(L18>0,M18/L18,""),"") -> 0.54955722 | O18: =IF($B$2="Todos",IF(COUNT($C$220:$G$220)=0,"",SUM($C$220:$G$220)),IFERROR(INDEX($C$220:$G$220,MATCH($B$2,$C$213:$G$213,0)),"")) -> 38 | P18: =IF($B$2="Todos",SUMIFS(Base!$O$3:$O$5001,Base!$A$3:$A$5001,$B18),SUMIFS(Base!$O$3:$O$5001,Base!$A$3:$A$5001,$B18,Base!$B$3:$B$5001,$B$2)) -> 0 | Q18: =IF($B$2="Todos",SUMIFS(Base!$P$3:$P$5001,Base!$A$3:$A$5001,$B18),SUMIFS(Base!$P$3:$P$5001,Base!$A$3:$A$5001,$B18,Base!$B$3:$B$5001,$B$2)) -> 0 | R18: =IF($B$2="Todos",SUMIFS(Base!$Q$3:$Q$5001,Base!$A$3:$A$5001,$B18),SUMIFS(Base!$Q$3:$Q$5001,Base!$A$3:$A$5001,$B18,Base!$B$3:$B$5001,$B$2)) -> 0 | S18: =IF($B$2="Todos",SUMIFS(Base!$R$3:$R$5001,Base!$A$3:$A$5001,$B18),SUMIFS(Base!$R$3:$R$5001,Base!$A$3:$A$5001,$B18,Base!$B$3:$B$5001,$B$2)) -> 0 | T18: =IF(ISNUMBER($B18),WEEKDAY($B18,2),"") -> 1 | U18: =CHOOSE($C$3,C18,D18,E18) -> 16 | V18: =CHOOSE($C$3,F18,G18,H18) -> 29 | W18: =IFERROR(AVERAGEIF(U12:U42,">0"),0) -> 17.615385 | X18: =IFERROR(AVERAGEIF(V12:V42,">0"),0) -> 25.071429 | Y18: =$B$5 -> 0.7 | Z18: =$B$6 -> 0.9 | AF18: ="Média por dia da semana · "&LOWER($B$3)&" — "&IF($B$2="Todos","todos os clientes",$B$2) -> Média por dia da semana · veículos — todos os clientes | AH18: JULHO · 2026
A19: 8 | B19: =IF(ISNUMBER($A19),$C$7+$A19-1,"") -> 46273 | C19: =IF($B$2="Todos",SUMIFS(Base!$C$3:$C$5001,Base!$A$3:$A$5001,$B19),SUMIFS(Base!$C$3:$C$5001,Base!$A$3:$A$5001,$B19,Base!$B$3:$B$5001,$B$2)) -> 19 | D19: =IF($B$2="Todos",SUMIFS(Base!$D$3:$D$5001,Base!$A$3:$A$5001,$B19),SUMIFS(Base!$D$3:$D$5001,Base!$A$3:$A$5001,$B19,Base!$B$3:$B$5001,$B$2)) -> 473 | E19: =IF($B$2="Todos",SUMIFS(Base!$E$3:$E$5001,Base!$A$3:$A$5001,$B19),SUMIFS(Base!$E$3:$E$5001,Base!$A$3:$A$5001,$B19,Base!$B$3:$B$5001,$B$2)) -> 327.24 | F19: =IF($B$2="Todos",SUMIFS(Base!$F$3:$F$5001,Base!$A$3:$A$5001,$B19),SUMIFS(Base!$F$3:$F$5001,Base!$A$3:$A$5001,$B19,Base!$B$3:$B$5001,$B$2)) -> 40 | G19: =IF($B$2="Todos",SUMIFS(Base!$G$3:$G$5001,Base!$A$3:$A$5001,$B19),SUMIFS(Base!$G$3:$G$5001,Base!$A$3:$A$5001,$B19,Base!$B$3:$B$5001,$B$2)) -> 720 | H19: =IF($B$2="Todos",SUMIFS(Base!$H$3:$H$5001,Base!$A$3:$A$5001,$B19),SUMIFS(Base!$H$3:$H$5001,Base!$A$3:$A$5001,$B19,Base!$B$3:$B$5001,$B$2)) -> 570.18 | I19: =IF($B$2="Todos",SUMIFS(Base!$I$3:$I$5001,Base!$A$3:$A$5001,$B19),SUMIFS(Base!$I$3:$I$5001,Base!$A$3:$A$5001,$B19,Base!$B$3:$B$5001,$B$2)) -> 0 | J19: =IF($B$2="Todos",SUMIFS(Base!$J$3:$J$5001,Base!$A$3:$A$5001,$B19),SUMIFS(Base!$J$3:$J$5001,Base!$A$3:$A$5001,$B19,Base!$B$3:$B$5001,$B$2)) -> 0 | K19: =IF($B$2="Todos",IF(COUNT($C$116:$G$116)=0,"",SUM($C$116:$G$116)),IFERROR(INDEX($C$116:$G$116,MATCH($B$2,$C$108:$G$108,0)),"")) | L19: =IF(M19="","",IF($B$2="Todos",$B$4,IFERROR(INDEX($C$186:$G$186,MATCH($B$2,$C$178:$G$178,0)),""))) -> 5872 | M19: =IF($B$2="Todos",IF(COUNT($C$151:$G$151)=0,"",SUM($C$151:$G$151)),IFERROR(INDEX($C$151:$G$151,MATCH($B$2,$C$143:$G$143,0)),"")) -> 3353 | N19: =IF(AND(ISNUMBER(M19),ISNUMBER(L19)),IF(L19>0,M19/L19,""),"") -> 0.57101499 | O19: =IF($B$2="Todos",IF(COUNT($C$221:$G$221)=0,"",SUM($C$221:$G$221)),IFERROR(INDEX($C$221:$G$221,MATCH($B$2,$C$213:$G$213,0)),"")) -> 31 | P19: =IF($B$2="Todos",SUMIFS(Base!$O$3:$O$5001,Base!$A$3:$A$5001,$B19),SUMIFS(Base!$O$3:$O$5001,Base!$A$3:$A$5001,$B19,Base!$B$3:$B$5001,$B$2)) -> 0 | Q19: =IF($B$2="Todos",SUMIFS(Base!$P$3:$P$5001,Base!$A$3:$A$5001,$B19),SUMIFS(Base!$P$3:$P$5001,Base!$A$3:$A$5001,$B19,Base!$B$3:$B$5001,$B$2)) -> 0 | R19: =IF($B$2="Todos",SUMIFS(Base!$Q$3:$Q$5001,Base!$A$3:$A$5001,$B19),SUMIFS(Base!$Q$3:$Q$5001,Base!$A$3:$A$5001,$B19,Base!$B$3:$B$5001,$B$2)) -> 0 | S19: =IF($B$2="Todos",SUMIFS(Base!$R$3:$R$5001,Base!$A$3:$A$5001,$B19),SUMIFS(Base!$R$3:$R$5001,Base!$A$3:$A$5001,$B19,Base!$B$3:$B$5001,$B$2)) -> 0 | T19: =IF(ISNUMBER($B19),WEEKDAY($B19,2),"") -> 2 | U19: =CHOOSE($C$3,C19,D19,E19) -> 19 | V19: =CHOOSE($C$3,F19,G19,H19) -> 40 | W19: =IFERROR(AVERAGEIF(U12:U42,">0"),0) -> 17.615385 | X19: =IFERROR(AVERAGEIF(V12:V42,">0"),0) -> 25.071429 | Y19: =$B$5 -> 0.7 | Z19: =$B$6 -> 0.9 | AF19: ="Veículos por dia · recebidos x expedidos — "&IF($B$2="Todos","todos os clientes",$B$2) -> Veículos por dia · recebidos x expedidos — todos os clientes | AH19: AGOSTO · 2026
A20: 9 | B20: =IF(ISNUMBER($A20),$C$7+$A20-1,"") -> 46274 | C20: =IF($B$2="Todos",SUMIFS(Base!$C$3:$C$5001,Base!$A$3:$A$5001,$B20),SUMIFS(Base!$C$3:$C$5001,Base!$A$3:$A$5001,$B20,Base!$B$3:$B$5001,$B$2)) -> 22 | D20: =IF($B$2="Todos",SUMIFS(Base!$D$3:$D$5001,Base!$A$3:$A$5001,$B20),SUMIFS(Base!$D$3:$D$5001,Base!$A$3:$A$5001,$B20,Base!$B$3:$B$5001,$B$2)) -> 563 | E20: =IF($B$2="Todos",SUMIFS(Base!$E$3:$E$5001,Base!$A$3:$A$5001,$B20),SUMIFS(Base!$E$3:$E$5001,Base!$A$3:$A$5001,$B20,Base!$B$3:$B$5001,$B$2)) -> 408.42 | F20: =IF($B$2="Todos",SUMIFS(Base!$F$3:$F$5001,Base!$A$3:$A$5001,$B20),SUMIFS(Base!$F$3:$F$5001,Base!$A$3:$A$5001,$B20,Base!$B$3:$B$5001,$B$2)) -> 27 | G20: =IF($B$2="Todos",SUMIFS(Base!$G$3:$G$5001,Base!$A$3:$A$5001,$B20),SUMIFS(Base!$G$3:$G$5001,Base!$A$3:$A$5001,$B20,Base!$B$3:$B$5001,$B$2)) -> 486 | H20: =IF($B$2="Todos",SUMIFS(Base!$H$3:$H$5001,Base!$A$3:$A$5001,$B20),SUMIFS(Base!$H$3:$H$5001,Base!$A$3:$A$5001,$B20,Base!$B$3:$B$5001,$B$2)) -> 266.78 | I20: =IF($B$2="Todos",SUMIFS(Base!$I$3:$I$5001,Base!$A$3:$A$5001,$B20),SUMIFS(Base!$I$3:$I$5001,Base!$A$3:$A$5001,$B20,Base!$B$3:$B$5001,$B$2)) -> 0 | J20: =IF($B$2="Todos",SUMIFS(Base!$J$3:$J$5001,Base!$A$3:$A$5001,$B20),SUMIFS(Base!$J$3:$J$5001,Base!$A$3:$A$5001,$B20,Base!$B$3:$B$5001,$B$2)) -> 0 | K20: =IF($B$2="Todos",IF(COUNT($C$117:$G$117)=0,"",SUM($C$117:$G$117)),IFERROR(INDEX($C$117:$G$117,MATCH($B$2,$C$108:$G$108,0)),"")) | L20: =IF(M20="","",IF($B$2="Todos",$B$4,IFERROR(INDEX($C$187:$G$187,MATCH($B$2,$C$178:$G$178,0)),""))) -> 5872 | M20: =IF($B$2="Todos",IF(COUNT($C$152:$G$152)=0,"",SUM($C$152:$G$152)),IFERROR(INDEX($C$152:$G$152,MATCH($B$2,$C$143:$G$143,0)),"")) -> 3025 | N20: =IF(AND(ISNUMBER(M20),ISNUMBER(L20)),IF(L20>0,M20/L20,""),"") -> 0.51515668 | O20: =IF($B$2="Todos",IF(COUNT($C$222:$G$222)=0,"",SUM($C$222:$G$222)),IFERROR(INDEX($C$222:$G$222,MATCH($B$2,$C$213:$G$213,0)),"")) -> 34 | P20: =IF($B$2="Todos",SUMIFS(Base!$O$3:$O$5001,Base!$A$3:$A$5001,$B20),SUMIFS(Base!$O$3:$O$5001,Base!$A$3:$A$5001,$B20,Base!$B$3:$B$5001,$B$2)) -> 0 | Q20: =IF($B$2="Todos",SUMIFS(Base!$P$3:$P$5001,Base!$A$3:$A$5001,$B20),SUMIFS(Base!$P$3:$P$5001,Base!$A$3:$A$5001,$B20,Base!$B$3:$B$5001,$B$2)) -> 0 | R20: =IF($B$2="Todos",SUMIFS(Base!$Q$3:$Q$5001,Base!$A$3:$A$5001,$B20),SUMIFS(Base!$Q$3:$Q$5001,Base!$A$3:$A$5001,$B20,Base!$B$3:$B$5001,$B$2)) -> 0 | S20: =IF($B$2="Todos",SUMIFS(Base!$R$3:$R$5001,Base!$A$3:$A$5001,$B20),SUMIFS(Base!$R$3:$R$5001,Base!$A$3:$A$5001,$B20,Base!$B$3:$B$5001,$B$2)) -> 0 | T20: =IF(ISNUMBER($B20),WEEKDAY($B20,2),"") -> 3 | U20: =CHOOSE($C$3,C20,D20,E20) -> 22 | V20: =CHOOSE($C$3,F20,G20,H20) -> 27 | W20: =IFERROR(AVERAGEIF(U12:U42,">0"),0) -> 17.615385 | X20: =IFERROR(AVERAGEIF(V12:V42,">0"),0) -> 25.071429 | Y20: =$B$5 -> 0.7 | Z20: =$B$6 -> 0.9 | AF20: ="Taxa de ocupação por dia — "&IF($B$2="Todos","todos os clientes",$B$2) -> Taxa de ocupação por dia — todos os clientes | AH20: SETEMBRO · 2026
A21: 10 | B21: =IF(ISNUMBER($A21),$C$7+$A21-1,"") -> 46275 | C21: =IF($B$2="Todos",SUMIFS(Base!$C$3:$C$5001,Base!$A$3:$A$5001,$B21),SUMIFS(Base!$C$3:$C$5001,Base!$A$3:$A$5001,$B21,Base!$B$3:$B$5001,$B$2)) -> 29 | D21: =IF($B$2="Todos",SUMIFS(Base!$D$3:$D$5001,Base!$A$3:$A$5001,$B21),SUMIFS(Base!$D$3:$D$5001,Base!$A$3:$A$5001,$B21,Base!$B$3:$B$5001,$B$2)) -> 750 | E21: =IF($B$2="Todos",SUMIFS(Base!$E$3:$E$5001,Base!$A$3:$A$5001,$B21),SUMIFS(Base!$E$3:$E$5001,Base!$A$3:$A$5001,$B21,Base!$B$3:$B$5001,$B$2)) -> 604.59 | F21: =IF($B$2="Todos",SUMIFS(Base!$F$3:$F$5001,Base!$A$3:$A$5001,$B21),SUMIFS(Base!$F$3:$F$5001,Base!$A$3:$A$5001,$B21,Base!$B$3:$B$5001,$B$2)) -> 26 | G21: =IF($B$2="Todos",SUMIFS(Base!$G$3:$G$5001,Base!$A$3:$A$5001,$B21),SUMIFS(Base!$G$3:$G$5001,Base!$A$3:$A$5001,$B21,Base!$B$3:$B$5001,$B$2)) -> 468 | H21: =IF($B$2="Todos",SUMIFS(Base!$H$3:$H$5001,Base!$A$3:$A$5001,$B21),SUMIFS(Base!$H$3:$H$5001,Base!$A$3:$A$5001,$B21,Base!$B$3:$B$5001,$B$2)) -> 322.06 | I21: =IF($B$2="Todos",SUMIFS(Base!$I$3:$I$5001,Base!$A$3:$A$5001,$B21),SUMIFS(Base!$I$3:$I$5001,Base!$A$3:$A$5001,$B21,Base!$B$3:$B$5001,$B$2)) -> 3 | J21: =IF($B$2="Todos",SUMIFS(Base!$J$3:$J$5001,Base!$A$3:$A$5001,$B21),SUMIFS(Base!$J$3:$J$5001,Base!$A$3:$A$5001,$B21,Base!$B$3:$B$5001,$B$2)) -> 0 | K21: =IF($B$2="Todos",IF(COUNT($C$118:$G$118)=0,"",SUM($C$118:$G$118)),IFERROR(INDEX($C$118:$G$118,MATCH($B$2,$C$108:$G$108,0)),"")) | L21: =IF(M21="","",IF($B$2="Todos",$B$4,IFERROR(INDEX($C$188:$G$188,MATCH($B$2,$C$178:$G$178,0)),""))) -> 5872 | M21: =IF($B$2="Todos",IF(COUNT($C$153:$G$153)=0,"",SUM($C$153:$G$153)),IFERROR(INDEX($C$153:$G$153,MATCH($B$2,$C$143:$G$143,0)),"")) -> 3468 | N21: =IF(AND(ISNUMBER(M21),ISNUMBER(L21)),IF(L21>0,M21/L21,""),"") -> 0.59059946 | O21: =IF($B$2="Todos",IF(COUNT($C$223:$G$223)=0,"",SUM($C$223:$G$223)),IFERROR(INDEX($C$223:$G$223,MATCH($B$2,$C$213:$G$213,0)),"")) -> 33 | P21: =IF($B$2="Todos",SUMIFS(Base!$O$3:$O$5001,Base!$A$3:$A$5001,$B21),SUMIFS(Base!$O$3:$O$5001,Base!$A$3:$A$5001,$B21,Base!$B$3:$B$5001,$B$2)) -> 0 | Q21: =IF($B$2="Todos",SUMIFS(Base!$P$3:$P$5001,Base!$A$3:$A$5001,$B21),SUMIFS(Base!$P$3:$P$5001,Base!$A$3:$A$5001,$B21,Base!$B$3:$B$5001,$B$2)) -> 0 | R21: =IF($B$2="Todos",SUMIFS(Base!$Q$3:$Q$5001,Base!$A$3:$A$5001,$B21),SUMIFS(Base!$Q$3:$Q$5001,Base!$A$3:$A$5001,$B21,Base!$B$3:$B$5001,$B$2)) -> 0 | S21: =IF($B$2="Todos",SUMIFS(Base!$R$3:$R$5001,Base!$A$3:$A$5001,$B21),SUMIFS(Base!$R$3:$R$5001,Base!$A$3:$A$5001,$B21,Base!$B$3:$B$5001,$B$2)) -> 0 | T21: =IF(ISNUMBER($B21),WEEKDAY($B21,2),"") -> 4 | U21: =CHOOSE($C$3,C21,D21,E21) -> 29 | V21: =CHOOSE($C$3,F21,G21,H21) -> 26 | W21: =IFERROR(AVERAGEIF(U12:U42,">0"),0) -> 17.615385 | X21: =IFERROR(AVERAGEIF(V12:V42,">0"),0) -> 25.071429 | Y21: =$B$5 -> 0.7 | Z21: =$B$6 -> 0.9 | AF21: ="Toneladas por semana · IN x OUT — "&IF($B$2="Todos","todos os clientes",$B$2) -> Toneladas por semana · IN x OUT — todos os clientes | AH21: OUTUBRO · 2026
A22: 11 | B22: =IF(ISNUMBER($A22),$C$7+$A22-1,"") -> 46276 | C22: =IF($B$2="Todos",SUMIFS(Base!$C$3:$C$5001,Base!$A$3:$A$5001,$B22),SUMIFS(Base!$C$3:$C$5001,Base!$A$3:$A$5001,$B22,Base!$B$3:$B$5001,$B$2)) -> 28 | D22: =IF($B$2="Todos",SUMIFS(Base!$D$3:$D$5001,Base!$A$3:$A$5001,$B22),SUMIFS(Base!$D$3:$D$5001,Base!$A$3:$A$5001,$B22,Base!$B$3:$B$5001,$B$2)) -> 665 | E22: =IF($B$2="Todos",SUMIFS(Base!$E$3:$E$5001,Base!$A$3:$A$5001,$B22),SUMIFS(Base!$E$3:$E$5001,Base!$A$3:$A$5001,$B22,Base!$B$3:$B$5001,$B$2)) -> 396.37 | F22: =IF($B$2="Todos",SUMIFS(Base!$F$3:$F$5001,Base!$A$3:$A$5001,$B22),SUMIFS(Base!$F$3:$F$5001,Base!$A$3:$A$5001,$B22,Base!$B$3:$B$5001,$B$2)) -> 54 | G22: =IF($B$2="Todos",SUMIFS(Base!$G$3:$G$5001,Base!$A$3:$A$5001,$B22),SUMIFS(Base!$G$3:$G$5001,Base!$A$3:$A$5001,$B22,Base!$B$3:$B$5001,$B$2)) -> 972 | H22: =IF($B$2="Todos",SUMIFS(Base!$H$3:$H$5001,Base!$A$3:$A$5001,$B22),SUMIFS(Base!$H$3:$H$5001,Base!$A$3:$A$5001,$B22,Base!$B$3:$B$5001,$B$2)) -> 746.88 | I22: =IF($B$2="Todos",SUMIFS(Base!$I$3:$I$5001,Base!$A$3:$A$5001,$B22),SUMIFS(Base!$I$3:$I$5001,Base!$A$3:$A$5001,$B22,Base!$B$3:$B$5001,$B$2)) -> 1 | J22: =IF($B$2="Todos",SUMIFS(Base!$J$3:$J$5001,Base!$A$3:$A$5001,$B22),SUMIFS(Base!$J$3:$J$5001,Base!$A$3:$A$5001,$B22,Base!$B$3:$B$5001,$B$2)) -> 0 | K22: =IF($B$2="Todos",IF(COUNT($C$119:$G$119)=0,"",SUM($C$119:$G$119)),IFERROR(INDEX($C$119:$G$119,MATCH($B$2,$C$108:$G$108,0)),"")) | L22: =IF(M22="","",IF($B$2="Todos",$B$4,IFERROR(INDEX($C$189:$G$189,MATCH($B$2,$C$178:$G$178,0)),""))) -> 5872 | M22: =IF($B$2="Todos",IF(COUNT($C$154:$G$154)=0,"",SUM($C$154:$G$154)),IFERROR(INDEX($C$154:$G$154,MATCH($B$2,$C$143:$G$143,0)),"")) -> 3249 | N22: =IF(AND(ISNUMBER(M22),ISNUMBER(L22)),IF(L22>0,M22/L22,""),"") -> 0.55330381 | O22: =IF($B$2="Todos",IF(COUNT($C$224:$G$224)=0,"",SUM($C$224:$G$224)),IFERROR(INDEX($C$224:$G$224,MATCH($B$2,$C$213:$G$213,0)),"")) -> 31 | P22: =IF($B$2="Todos",SUMIFS(Base!$O$3:$O$5001,Base!$A$3:$A$5001,$B22),SUMIFS(Base!$O$3:$O$5001,Base!$A$3:$A$5001,$B22,Base!$B$3:$B$5001,$B$2)) -> 0 | Q22: =IF($B$2="Todos",SUMIFS(Base!$P$3:$P$5001,Base!$A$3:$A$5001,$B22),SUMIFS(Base!$P$3:$P$5001,Base!$A$3:$A$5001,$B22,Base!$B$3:$B$5001,$B$2)) -> 0 | R22: =IF($B$2="Todos",SUMIFS(Base!$Q$3:$Q$5001,Base!$A$3:$A$5001,$B22),SUMIFS(Base!$Q$3:$Q$5001,Base!$A$3:$A$5001,$B22,Base!$B$3:$B$5001,$B$2)) -> 0 | S22: =IF($B$2="Todos",SUMIFS(Base!$R$3:$R$5001,Base!$A$3:$A$5001,$B22),SUMIFS(Base!$R$3:$R$5001,Base!$A$3:$A$5001,$B22,Base!$B$3:$B$5001,$B$2)) -> 0 | T22: =IF(ISNUMBER($B22),WEEKDAY($B22,2),"") -> 5 | U22: =CHOOSE($C$3,C22,D22,E22) -> 28 | V22: =CHOOSE($C$3,F22,G22,H22) -> 54 | W22: =IFERROR(AVERAGEIF(U12:U42,">0"),0) -> 17.615385 | X22: =IFERROR(AVERAGEIF(V12:V42,">0"),0) -> 25.071429 | Y22: =$B$5 -> 0.7 | Z22: =$B$6 -> 0.9 | AH22: NOVEMBRO · 2026
A23: 12 | B23: =IF(ISNUMBER($A23),$C$7+$A23-1,"") -> 46277 | C23: =IF($B$2="Todos",SUMIFS(Base!$C$3:$C$5001,Base!$A$3:$A$5001,$B23),SUMIFS(Base!$C$3:$C$5001,Base!$A$3:$A$5001,$B23,Base!$B$3:$B$5001,$B$2)) -> 0 | D23: =IF($B$2="Todos",SUMIFS(Base!$D$3:$D$5001,Base!$A$3:$A$5001,$B23),SUMIFS(Base!$D$3:$D$5001,Base!$A$3:$A$5001,$B23,Base!$B$3:$B$5001,$B$2)) -> 0 | E23: =IF($B$2="Todos",SUMIFS(Base!$E$3:$E$5001,Base!$A$3:$A$5001,$B23),SUMIFS(Base!$E$3:$E$5001,Base!$A$3:$A$5001,$B23,Base!$B$3:$B$5001,$B$2)) -> 0 | F23: =IF($B$2="Todos",SUMIFS(Base!$F$3:$F$5001,Base!$A$3:$A$5001,$B23),SUMIFS(Base!$F$3:$F$5001,Base!$A$3:$A$5001,$B23,Base!$B$3:$B$5001,$B$2)) -> 11 | G23: =IF($B$2="Todos",SUMIFS(Base!$G$3:$G$5001,Base!$A$3:$A$5001,$B23),SUMIFS(Base!$G$3:$G$5001,Base!$A$3:$A$5001,$B23,Base!$B$3:$B$5001,$B$2)) -> 198 | H23: =IF($B$2="Todos",SUMIFS(Base!$H$3:$H$5001,Base!$A$3:$A$5001,$B23),SUMIFS(Base!$H$3:$H$5001,Base!$A$3:$A$5001,$B23,Base!$B$3:$B$5001,$B$2)) -> 213.02 | I23: =IF($B$2="Todos",SUMIFS(Base!$I$3:$I$5001,Base!$A$3:$A$5001,$B23),SUMIFS(Base!$I$3:$I$5001,Base!$A$3:$A$5001,$B23,Base!$B$3:$B$5001,$B$2)) -> 0 | J23: =IF($B$2="Todos",SUMIFS(Base!$J$3:$J$5001,Base!$A$3:$A$5001,$B23),SUMIFS(Base!$J$3:$J$5001,Base!$A$3:$A$5001,$B23,Base!$B$3:$B$5001,$B$2)) -> 0 | K23: =IF($B$2="Todos",IF(COUNT($C$120:$G$120)=0,"",SUM($C$120:$G$120)),IFERROR(INDEX($C$120:$G$120,MATCH($B$2,$C$108:$G$108,0)),"")) | L23: =IF(M23="","",IF($B$2="Todos",$B$4,IFERROR(INDEX($C$190:$G$190,MATCH($B$2,$C$178:$G$178,0)),""))) -> 5872 | M23: =IF($B$2="Todos",IF(COUNT($C$155:$G$155)=0,"",SUM($C$155:$G$155)),IFERROR(INDEX($C$155:$G$155,MATCH($B$2,$C$143:$G$143,0)),"")) -> 3689 | N23: =IF(AND(ISNUMBER(M23),ISNUMBER(L23)),IF(L23>0,M23/L23,""),"") -> 0.62823569 | O23: =IF($B$2="Todos",IF(COUNT($C$225:$G$225)=0,"",SUM($C$225:$G$225)),IFERROR(INDEX($C$225:$G$225,MATCH($B$2,$C$213:$G$213,0)),"")) -> 28 | P23: =IF($B$2="Todos",SUMIFS(Base!$O$3:$O$5001,Base!$A$3:$A$5001,$B23),SUMIFS(Base!$O$3:$O$5001,Base!$A$3:$A$5001,$B23,Base!$B$3:$B$5001,$B$2)) -> 0 | Q23: =IF($B$2="Todos",SUMIFS(Base!$P$3:$P$5001,Base!$A$3:$A$5001,$B23),SUMIFS(Base!$P$3:$P$5001,Base!$A$3:$A$5001,$B23,Base!$B$3:$B$5001,$B$2)) -> 0 | R23: =IF($B$2="Todos",SUMIFS(Base!$Q$3:$Q$5001,Base!$A$3:$A$5001,$B23),SUMIFS(Base!$Q$3:$Q$5001,Base!$A$3:$A$5001,$B23,Base!$B$3:$B$5001,$B$2)) -> 0 | S23: =IF($B$2="Todos",SUMIFS(Base!$R$3:$R$5001,Base!$A$3:$A$5001,$B23),SUMIFS(Base!$R$3:$R$5001,Base!$A$3:$A$5001,$B23,Base!$B$3:$B$5001,$B$2)) -> 0 | T23: =IF(ISNUMBER($B23),WEEKDAY($B23,2),"") -> 6 | U23: =CHOOSE($C$3,C23,D23,E23) -> 0 | V23: =CHOOSE($C$3,F23,G23,H23) -> 11 | W23: =IFERROR(AVERAGEIF(U12:U42,">0"),0) -> 17.615385 | X23: =IFERROR(AVERAGEIF(V12:V42,">0"),0) -> 25.071429 | Y23: =$B$5 -> 0.7 | Z23: =$B$6 -> 0.9 | AH23: DEZEMBRO · 2026
A24: 13 | B24: =IF(ISNUMBER($A24),$C$7+$A24-1,"") -> 46278 | C24: =IF($B$2="Todos",SUMIFS(Base!$C$3:$C$5001,Base!$A$3:$A$5001,$B24),SUMIFS(Base!$C$3:$C$5001,Base!$A$3:$A$5001,$B24,Base!$B$3:$B$5001,$B$2)) -> 6 | D24: =IF($B$2="Todos",SUMIFS(Base!$D$3:$D$5001,Base!$A$3:$A$5001,$B24),SUMIFS(Base!$D$3:$D$5001,Base!$A$3:$A$5001,$B24,Base!$B$3:$B$5001,$B$2)) -> 142 | E24: =IF($B$2="Todos",SUMIFS(Base!$E$3:$E$5001,Base!$A$3:$A$5001,$B24),SUMIFS(Base!$E$3:$E$5001,Base!$A$3:$A$5001,$B24,Base!$B$3:$B$5001,$B$2)) -> 116.67 | F24: =IF($B$2="Todos",SUMIFS(Base!$F$3:$F$5001,Base!$A$3:$A$5001,$B24),SUMIFS(Base!$F$3:$F$5001,Base!$A$3:$A$5001,$B24,Base!$B$3:$B$5001,$B$2)) -> 17 | G24: =IF($B$2="Todos",SUMIFS(Base!$G$3:$G$5001,Base!$A$3:$A$5001,$B24),SUMIFS(Base!$G$3:$G$5001,Base!$A$3:$A$5001,$B24,Base!$B$3:$B$5001,$B$2)) -> 306 | H24: =IF($B$2="Todos",SUMIFS(Base!$H$3:$H$5001,Base!$A$3:$A$5001,$B24),SUMIFS(Base!$H$3:$H$5001,Base!$A$3:$A$5001,$B24,Base!$B$3:$B$5001,$B$2)) -> 99.78 | I24: =IF($B$2="Todos",SUMIFS(Base!$I$3:$I$5001,Base!$A$3:$A$5001,$B24),SUMIFS(Base!$I$3:$I$5001,Base!$A$3:$A$5001,$B24,Base!$B$3:$B$5001,$B$2)) -> 0 | J24: =IF($B$2="Todos",SUMIFS(Base!$J$3:$J$5001,Base!$A$3:$A$5001,$B24),SUMIFS(Base!$J$3:$J$5001,Base!$A$3:$A$5001,$B24,Base!$B$3:$B$5001,$B$2)) -> 0 | K24: =IF($B$2="Todos",IF(COUNT($C$121:$G$121)=0,"",SUM($C$121:$G$121)),IFERROR(INDEX($C$121:$G$121,MATCH($B$2,$C$108:$G$108,0)),"")) | L24: =IF(M24="","",IF($B$2="Todos",$B$4,IFERROR(INDEX($C$191:$G$191,MATCH($B$2,$C$178:$G$178,0)),""))) -> 5872 | M24: =IF($B$2="Todos",IF(COUNT($C$156:$G$156)=0,"",SUM($C$156:$G$156)),IFERROR(INDEX($C$156:$G$156,MATCH($B$2,$C$143:$G$143,0)),"")) -> 3785 | N24: =IF(AND(ISNUMBER(M24),ISNUMBER(L24)),IF(L24>0,M24/L24,""),"") -> 0.64458447 | O24: =IF($B$2="Todos",IF(COUNT($C$226:$G$226)=0,"",SUM($C$226:$G$226)),IFERROR(INDEX($C$226:$G$226,MATCH($B$2,$C$213:$G$213,0)),"")) -> 27 | P24: =IF($B$2="Todos",SUMIFS(Base!$O$3:$O$5001,Base!$A$3:$A$5001,$B24),SUMIFS(Base!$O$3:$O$5001,Base!$A$3:$A$5001,$B24,Base!$B$3:$B$5001,$B$2)) -> 0 | Q24: =IF($B$2="Todos",SUMIFS(Base!$P$3:$P$5001,Base!$A$3:$A$5001,$B24),SUMIFS(Base!$P$3:$P$5001,Base!$A$3:$A$5001,$B24,Base!$B$3:$B$5001,$B$2)) -> 0 | R24: =IF($B$2="Todos",SUMIFS(Base!$Q$3:$Q$5001,Base!$A$3:$A$5001,$B24),SUMIFS(Base!$Q$3:$Q$5001,Base!$A$3:$A$5001,$B24,Base!$B$3:$B$5001,$B$2)) -> 0 | S24: =IF($B$2="Todos",SUMIFS(Base!$R$3:$R$5001,Base!$A$3:$A$5001,$B24),SUMIFS(Base!$R$3:$R$5001,Base!$A$3:$A$5001,$B24,Base!$B$3:$B$5001,$B$2)) -> 0 | T24: =IF(ISNUMBER($B24),WEEKDAY($B24,2),"") -> 7 | U24: =CHOOSE($C$3,C24,D24,E24) -> 6 | V24: =CHOOSE($C$3,F24,G24,H24) -> 17 | W24: =IFERROR(AVERAGEIF(U12:U42,">0"),0) -> 17.615385 | X24: =IFERROR(AVERAGEIF(V12:V42,">0"),0) -> 25.071429 | Y24: =$B$5 -> 0.7 | Z24: =$B$6 -> 0.9 | AH24: JANEIRO · 2027
A25: 14 | B25: =IF(ISNUMBER($A25),$C$7+$A25-1,"") -> 46279 | C25: =IF($B$2="Todos",SUMIFS(Base!$C$3:$C$5001,Base!$A$3:$A$5001,$B25),SUMIFS(Base!$C$3:$C$5001,Base!$A$3:$A$5001,$B25,Base!$B$3:$B$5001,$B$2)) -> 21 | D25: =IF($B$2="Todos",SUMIFS(Base!$D$3:$D$5001,Base!$A$3:$A$5001,$B25),SUMIFS(Base!$D$3:$D$5001,Base!$A$3:$A$5001,$B25,Base!$B$3:$B$5001,$B$2)) -> 497 | E25: =IF($B$2="Todos",SUMIFS(Base!$E$3:$E$5001,Base!$A$3:$A$5001,$B25),SUMIFS(Base!$E$3:$E$5001,Base!$A$3:$A$5001,$B25,Base!$B$3:$B$5001,$B$2)) -> 343.36 | F25: =IF($B$2="Todos",SUMIFS(Base!$F$3:$F$5001,Base!$A$3:$A$5001,$B25),SUMIFS(Base!$F$3:$F$5001,Base!$A$3:$A$5001,$B25,Base!$B$3:$B$5001,$B$2)) -> 42 | G25: =IF($B$2="Todos",SUMIFS(Base!$G$3:$G$5001,Base!$A$3:$A$5001,$B25),SUMIFS(Base!$G$3:$G$5001,Base!$A$3:$A$5001,$B25,Base!$B$3:$B$5001,$B$2)) -> 756 | H25: =IF($B$2="Todos",SUMIFS(Base!$H$3:$H$5001,Base!$A$3:$A$5001,$B25),SUMIFS(Base!$H$3:$H$5001,Base!$A$3:$A$5001,$B25,Base!$B$3:$B$5001,$B$2)) -> 639 | I25: =IF($B$2="Todos",SUMIFS(Base!$I$3:$I$5001,Base!$A$3:$A$5001,$B25),SUMIFS(Base!$I$3:$I$5001,Base!$A$3:$A$5001,$B25,Base!$B$3:$B$5001,$B$2)) -> 0 | J25: =IF($B$2="Todos",SUMIFS(Base!$J$3:$J$5001,Base!$A$3:$A$5001,$B25),SUMIFS(Base!$J$3:$J$5001,Base!$A$3:$A$5001,$B25,Base!$B$3:$B$5001,$B$2)) -> 0 | K25: =IF($B$2="Todos",IF(COUNT($C$122:$G$122)=0,"",SUM($C$122:$G$122)),IFERROR(INDEX($C$122:$G$122,MATCH($B$2,$C$108:$G$108,0)),"")) | L25: =IF(M25="","",IF($B$2="Todos",$B$4,IFERROR(INDEX($C$192:$G$192,MATCH($B$2,$C$178:$G$178,0)),""))) -> 5872 | M25: =IF($B$2="Todos",IF(COUNT($C$157:$G$157)=0,"",SUM($C$157:$G$157)),IFERROR(INDEX($C$157:$G$157,MATCH($B$2,$C$143:$G$143,0)),"")) -> 3631 | N25: =IF(AND(ISNUMBER(M25),ISNUMBER(L25)),IF(L25>0,M25/L25,""),"") -> 0.61835831 | O25: =IF($B$2="Todos",IF(COUNT($C$227:$G$227)=0,"",SUM($C$227:$G$227)),IFERROR(INDEX($C$227:$G$227,MATCH($B$2,$C$213:$G$213,0)),"")) -> 29 | P25: =IF($B$2="Todos",SUMIFS(Base!$O$3:$O$5001,Base!$A$3:$A$5001,$B25),SUMIFS(Base!$O$3:$O$5001,Base!$A$3:$A$5001,$B25,Base!$B$3:$B$5001,$B$2)) -> 0 | Q25: =IF($B$2="Todos",SUMIFS(Base!$P$3:$P$5001,Base!$A$3:$A$5001,$B25),SUMIFS(Base!$P$3:$P$5001,Base!$A$3:$A$5001,$B25,Base!$B$3:$B$5001,$B$2)) -> 0 | R25: =IF($B$2="Todos",SUMIFS(Base!$Q$3:$Q$5001,Base!$A$3:$A$5001,$B25),SUMIFS(Base!$Q$3:$Q$5001,Base!$A$3:$A$5001,$B25,Base!$B$3:$B$5001,$B$2)) -> 0 | S25: =IF($B$2="Todos",SUMIFS(Base!$R$3:$R$5001,Base!$A$3:$A$5001,$B25),SUMIFS(Base!$R$3:$R$5001,Base!$A$3:$A$5001,$B25,Base!$B$3:$B$5001,$B$2)) -> 0 | T25: =IF(ISNUMBER($B25),WEEKDAY($B25,2),"") -> 1 | U25: =CHOOSE($C$3,C25,D25,E25) -> 21 | V25: =CHOOSE($C$3,F25,G25,H25) -> 42 | W25: =IFERROR(AVERAGEIF(U12:U42,">0"),0) -> 17.615385 | X25: =IFERROR(AVERAGEIF(V12:V42,">0"),0) -> 25.071429 | Y25: =$B$5 -> 0.7 | Z25: =$B$6 -> 0.9 | AH25: FEVEREIRO · 2027
