Workbook

Sheet Indicadores
G1: INDICADORES OPERACIONAIS | U1: SETEMBRO · 2026
B3: CLIENTE ▸ | D3: Todos | Q3: =IF(calculos!$B$9=0,"Sem dados na Base para o mês escolhido","Dados até "&TEXT(calculos!$C$7+calculos!$B$9-1,"dd/mm")&" · ▲▼ comparado a "&LOWER(LEFT(calculos!$B$8,FIND("/",calculos!$B$8)-1))&" (dias 1 a "&calculos!$B$9&")") -> Sem dados na Base para o mês escolhido
B5: RECEBIMENTO (IN) | G5: EXPEDIÇÃO (OUT) | L5: NÃO CONFORMIDADES | Q5: OCUPAÇÃO (P.P) | V5: GENTE
C6: =calculos!$C$43 -> 0 | H6: =calculos!$L$43 -> 0 | M6: =calculos!$U$43 -> 0 | R6: =calculos!$Z$43 | W6: =calculos!$AA$43
B9: veículos recebidos | G9: veículos expedidos | L9: incidentes no mês | Q9: ="taxa de ocupação · "&calculos!$Z$50 -> taxa de ocupação · | V9: efetivo operacional
B10: =IFERROR(IF(calculos!$B$3="","",FIXED(INDEX(calculos!$C$43:$AE$43,MATCH(calculos!$B$3,calculos!$C$11:$AE$11,0)),IF(ISNUMBER(SEARCH("Toneladas",calculos!$B$3)),1,0))&" "&MID(calculos!$B$3,FIND(" ",calculos!$B$3)+1,99)),"") -> 0 Pallets Movimentados | G10: =IFERROR(IF(calculos!$C$3="","",FIXED(INDEX(calculos!$C$43:$AE$43,MATCH(calculos!$C$3,calculos!$C$11:$AE$11,0)),IF(ISNUMBER(SEARCH("Toneladas",calculos!$C$3)),1,0))&" "&MID(calculos!$C$3,FIND(" ",calculos!$C$3)+1,99)),"") -> 0 Pallets Movimentados | L10: =calculos!$V$43 -> 0 | Q10: =calculos!$Y$43 | V10: =calculos!$AB$43 -> 0
B11: =calculos!$C$47 | G11: =calculos!$L$47 | L11: =calculos!$U$47 | Q11: =calculos!$Z$47 | V11: =calculos!$AA$47
B48: Cartões e gráficos seguem o filtro de cliente (o ranking mostra todos). Detalhe dos indicadores de cada cliente na aba “Quadro de Indicadores”. Fonte: Power Automate · IntraLog.

Sheet Monitoramento
F1: MONITORAMENTO DIÁRIO DE PERFORMANCE | AE1: SETEMBRO · 2026
A2: CLIENTE | B2: INDICADORES | D2: META | F2: REALIZADO P/DIA | AK2: MÊS
F3: =IF(ISNUMBER($AE$1),DATE(YEAR($AE$1),MONTH($AE$1),1),IFERROR(DATE(VALUE(RIGHT(TRIM($AE$1),4)),MATCH(TRIM(LEFT($AE$1,FIND("·",$AE$1)-1)),{"JANEIRO","FEVEREIRO","MARÇO","ABRIL","MAIO","JUNHO","JULHO","AGOSTO","SETEMBRO","OUTUBRO","NOVEMBRO","DEZEMBRO"},0),1),DATE(2026,9,1))) -> 46266 | G3: =IF(F3="","",IF(MONTH(F3+1)=MONTH($F$3),F3+1,"")) -> 46267 | H3: =IF(G3="","",IF(MONTH(G3+1)=MONTH($F$3),G3+1,"")) -> 46268 | I3: =IF(H3="","",IF(MONTH(H3+1)=MONTH($F$3),H3+1,"")) -> 46269 | J3: =IF(I3="","",IF(MONTH(I3+1)=MONTH($F$3),I3+1,"")) -> 46270 | K3: =IF(J3="","",IF(MONTH(J3+1)=MONTH($F$3),J3+1,"")) -> 46271 | L3: =IF(K3="","",IF(MONTH(K3+1)=MONTH($F$3),K3+1,"")) -> 46272 | M3: =IF(L3="","",IF(MONTH(L3+1)=MONTH($F$3),L3+1,"")) -> 46273 | N3: =IF(M3="","",IF(MONTH(M3+1)=MONTH($F$3),M3+1,"")) -> 46274 | ... AJ3: =IF(AI3="","",IF(MONTH(AI3+1)=MONTH($F$3),AI3+1,""))
A5: BASF | B5: IN | C5: Veículos Recebidos | D5: =IFERROR(1/(1/INDEX(calculos!$C$55:$K$83,MATCH("IN Veículos Recebidos",calculos!$A$55:$A$83,0),MATCH($A$5,calculos!$C$54:$K$54,0))),"") | F5: =IF(F$3="","",IF(COUNTIFS(Base!$A$3:$A$5001,F$3,Base!$B$3:$B$5001,$A$5,Base!$C$3:$C$5001,"<>")=0,"",SUMIFS(Base!$C$3:$C$5001,Base!$A$3:$A$5001,F$3,Base!$B$3:$B$5001,$A$5))) | G5: =IF(G$3="","",IF(COUNTIFS(Base!$A$3:$A$5001,G$3,Base!$B$3:$B$5001,$A$5,Base!$C$3:$C$5001,"<>")=0,"",SUMIFS(Base!$C$3:$C$5001,Base!$A$3:$A$5001,G$3,Base!$B$3:$B$5001,$A$5))) | H5: =IF(H$3="","",IF(COUNTIFS(Base!$A$3:$A$5001,H$3,Base!$B$3:$B$5001,$A$5,Base!$C$3:$C$5001,"<>")=0,"",SUMIFS(Base!$C$3:$C$5001,Base!$A$3:$A$5001,H$3,Base!$B$3:$B$5001,$A$5))) | I5: =IF(I$3="","",IF(COUNTIFS(Base!$A$3:$A$5001,I$3,Base!$B$3:$B$5001,$A$5,Base!$C$3:$C$5001,"<>")=0,"",SUMIFS(Base!$C$3:$C$5001,Base!$A$3:$A$5001,I$3,Base!$B$3:$B$5001,$A$5))) | J5: =IF(J$3="","",IF(COUNTIFS(Base!$A$3:$A$5001,J$3,Base!$B$3:$B$5001,$A$5,Base!$C$3:$C$5001,"<>")=0,"",SUMIFS(Base!$C$3:$C$5001,Base!$A$3:$A$5001,J$3,Base!$B$3:$B$5001,$A$5))) | K5: =IF(K$3="","",IF(COUNTIFS(Base!$A$3:$A$5001,K$3,Base!$B$3:$B$5001,$A$5,Base!$C$3:$C$5001,"<>")=0,"",SUMIFS(Base!$C$3:$C$5001,Base!$A$3:$A$5001,K$3,Base!$B$3:$B$5001,$A$5))) | L5: =IF(L$3="","",IF(COUNTIFS(Base!$A$3:$A$5001,L$3,Base!$B$3:$B$5001,$A$5,Base!$C$3:$C$5001,"<>")=0,"",SUMIFS(Base!$C$3:$C$5001,Base!$A$3:$A$5001,L$3,Base!$B$3:$B$5001,$A$5))) | M5: =IF(M$3="","",IF(COUNTIFS(Base!$A$3:$A$5001,M$3,Base!$B$3:$B$5001,$A$5,Base!$C$3:$C$5001,"<>")=0,"",SUMIFS(Base!$C$3:$C$5001,Base!$A$3:$A$5001,M$3,Base!$B$3:$B$5001,$A$5))) | ... AJ5: =IF(AJ$3="","",IF(COUNTIFS(Base!$A$3:$A$5001,AJ$3,Base!$B$3:$B$5001,$A$5,Base!$C$3:$C$5001,"<>")=0,"",SUMIFS(Base!$C$3:$C$5001,Base!$A$3:$A$5001,AJ$3,Base!$B$3:$B$5001,$A$5))) | AK5: =IF(COUNT(F5:AJ5)=0,"",SUM(F5:AJ5))
C6: Pallets Movimentados | D6: =IFERROR(1/(1/INDEX(calculos!$C$55:$K$83,MATCH("IN Pallets Movimentados",calculos!$A$55:$A$83,0),MATCH($A$5,calculos!$C$54:$K$54,0))),"") | F6: =IF(F$3="","",IF(COUNTIFS(Base!$A$3:$A$5001,F$3,Base!$B$3:$B$5001,$A$5,Base!$D$3:$D$5001,"<>")=0,"",SUMIFS(Base!$D$3:$D$5001,Base!$A$3:$A$5001,F$3,Base!$B$3:$B$5001,$A$5))) | G6: =IF(G$3="","",IF(COUNTIFS(Base!$A$3:$A$5001,G$3,Base!$B$3:$B$5001,$A$5,Base!$D$3:$D$5001,"<>")=0,"",SUMIFS(Base!$D$3:$D$5001,Base!$A$3:$A$5001,G$3,Base!$B$3:$B$5001,$A$5))) | H6: =IF(H$3="","",IF(COUNTIFS(Base!$A$3:$A$5001,H$3,Base!$B$3:$B$5001,$A$5,Base!$D$3:$D$5001,"<>")=0,"",SUMIFS(Base!$D$3:$D$5001,Base!$A$3:$A$5001,H$3,Base!$B$3:$B$5001,$A$5))) | I6: =IF(I$3="","",IF(COUNTIFS(Base!$A$3:$A$5001,I$3,Base!$B$3:$B$5001,$A$5,Base!$D$3:$D$5001,"<>")=0,"",SUMIFS(Base!$D$3:$D$5001,Base!$A$3:$A$5001,I$3,Base!$B$3:$B$5001,$A$5))) | J6: =IF(J$3="","",IF(COUNTIFS(Base!$A$3:$A$5001,J$3,Base!$B$3:$B$5001,$A$5,Base!$D$3:$D$5001,"<>")=0,"",SUMIFS(Base!$D$3:$D$5001,Base!$A$3:$A$5001,J$3,Base!$B$3:$B$5001,$A$5))) | K6: =IF(K$3="","",IF(COUNTIFS(Base!$A$3:$A$5001,K$3,Base!$B$3:$B$5001,$A$5,Base!$D$3:$D$5001,"<>")=0,"",SUMIFS(Base!$D$3:$D$5001,Base!$A$3:$A$5001,K$3,Base!$B$3:$B$5001,$A$5))) | L6: =IF(L$3="","",IF(COUNTIFS(Base!$A$3:$A$5001,L$3,Base!$B$3:$B$5001,$A$5,Base!$D$3:$D$5001,"<>")=0,"",SUMIFS(Base!$D$3:$D$5001,Base!$A$3:$A$5001,L$3,Base!$B$3:$B$5001,$A$5))) | M6: =IF(M$3="","",IF(COUNTIFS(Base!$A$3:$A$5001,M$3,Base!$B$3:$B$5001,$A$5,Base!$D$3:$D$5001,"<>")=0,"",SUMIFS(Base!$D$3:$D$5001,Base!$A$3:$A$5001,M$3,Base!$B$3:$B$5001,$A$5))) | ... AJ6: =IF(AJ$3="","",IF(COUNTIFS(Base!$A$3:$A$5001,AJ$3,Base!$B$3:$B$5001,$A$5,Base!$D$3:$D$5001,"<>")=0,"",SUMIFS(Base!$D$3:$D$5001,Base!$A$3:$A$5001,AJ$3,Base!$B$3:$B$5001,$A$5))) | AK6: =IF(COUNT(F6:AJ6)=0,"",SUM(F6:AJ6))
C7: Toneladas Movimentadas | D7: =IFERROR(1/(1/INDEX(calculos!$C$55:$K$83,MATCH("IN Toneladas Movimentadas",calculos!$A$55:$A$83,0),MATCH($A$5,calculos!$C$54:$K$54,0))),"") | F7: =IF(F$3="","",IF(COUNTIFS(Base!$A$3:$A$5001,F$3,Base!$B$3:$B$5001,$A$5,Base!$E$3:$E$5001,"<>")=0,"",SUMIFS(Base!$E$3:$E$5001,Base!$A$3:$A$5001,F$3,Base!$B$3:$B$5001,$A$5))) | G7: =IF(G$3="","",IF(COUNTIFS(Base!$A$3:$A$5001,G$3,Base!$B$3:$B$5001,$A$5,Base!$E$3:$E$5001,"<>")=0,"",SUMIFS(Base!$E$3:$E$5001,Base!$A$3:$A$5001,G$3,Base!$B$3:$B$5001,$A$5))) | H7: =IF(H$3="","",IF(COUNTIFS(Base!$A$3:$A$5001,H$3,Base!$B$3:$B$5001,$A$5,Base!$E$3:$E$5001,"<>")=0,"",SUMIFS(Base!$E$3:$E$5001,Base!$A$3:$A$5001,H$3,Base!$B$3:$B$5001,$A$5))) | I7: =IF(I$3="","",IF(COUNTIFS(Base!$A$3:$A$5001,I$3,Base!$B$3:$B$5001,$A$5,Base!$E$3:$E$5001,"<>")=0,"",SUMIFS(Base!$E$3:$E$5001,Base!$A$3:$A$5001,I$3,Base!$B$3:$B$5001,$A$5))) | J7: =IF(J$3="","",IF(COUNTIFS(Base!$A$3:$A$5001,J$3,Base!$B$3:$B$5001,$A$5,Base!$E$3:$E$5001,"<>")=0,"",SUMIFS(Base!$E$3:$E$5001,Base!$A$3:$A$5001,J$3,Base!$B$3:$B$5001,$A$5))) | K7: =IF(K$3="","",IF(COUNTIFS(Base!$A$3:$A$5001,K$3,Base!$B$3:$B$5001,$A$5,Base!$E$3:$E$5001,"<>")=0,"",SUMIFS(Base!$E$3:$E$5001,Base!$A$3:$A$5001,K$3,Base!$B$3:$B$5001,$A$5))) | L7: =IF(L$3="","",IF(COUNTIFS(Base!$A$3:$A$5001,L$3,Base!$B$3:$B$5001,$A$5,Base!$E$3:$E$5001,"<>")=0,"",SUMIFS(Base!$E$3:$E$5001,Base!$A$3:$A$5001,L$3,Base!$B$3:$B$5001,$A$5))) | M7: =IF(M$3="","",IF(COUNTIFS(Base!$A$3:$A$5001,M$3,Base!$B$3:$B$5001,$A$5,Base!$E$3:$E$5001,"<>")=0,"",SUMIFS(Base!$E$3:$E$5001,Base!$A$3:$A$5001,M$3,Base!$B$3:$B$5001,$A$5))) | ... AJ7: =IF(AJ$3="","",IF(COUNTIFS(Base!$A$3:$A$5001,AJ$3,Base!$B$3:$B$5001,$A$5,Base!$E$3:$E$5001,"<>")=0,"",SUMIFS(Base!$E$3:$E$5001,Base!$A$3:$A$5001,AJ$3,Base!$B$3:$B$5001,$A$5))) | AK7: =IF(COUNT(F7:AJ7)=0,"",SUM(F7:AJ7))
B8: OUT | C8: Veículos Expedidos | D8: =IFERROR(1/(1/INDEX(calculos!$C$55:$K$83,MATCH("OUT Veículos Expedidos",calculos!$A$55:$A$83,0),MATCH($A$5,calculos!$C$54:$K$54,0))),"") | F8: =IF(F$3="","",IF(COUNTIFS(Base!$A$3:$A$5001,F$3,Base!$B$3:$B$5001,$A$5,Base!$L$3:$L$5001,"<>")=0,"",SUMIFS(Base!$L$3:$L$5001,Base!$A$3:$A$5001,F$3,Base!$B$3:$B$5001,$A$5))) | G8: =IF(G$3="","",IF(COUNTIFS(Base!$A$3:$A$5001,G$3,Base!$B$3:$B$5001,$A$5,Base!$L$3:$L$5001,"<>")=0,"",SUMIFS(Base!$L$3:$L$5001,Base!$A$3:$A$5001,G$3,Base!$B$3:$B$5001,$A$5))) | H8: =IF(H$3="","",IF(COUNTIFS(Base!$A$3:$A$5001,H$3,Base!$B$3:$B$5001,$A$5,Base!$L$3:$L$5001,"<>")=0,"",SUMIFS(Base!$L$3:$L$5001,Base!$A$3:$A$5001,H$3,Base!$B$3:$B$5001,$A$5))) | I8: =IF(I$3="","",IF(COUNTIFS(Base!$A$3:$A$5001,I$3,Base!$B$3:$B$5001,$A$5,Base!$L$3:$L$5001,"<>")=0,"",SUMIFS(Base!$L$3:$L$5001,Base!$A$3:$A$5001,I$3,Base!$B$3:$B$5001,$A$5))) | J8: =IF(J$3="","",IF(COUNTIFS(Base!$A$3:$A$5001,J$3,Base!$B$3:$B$5001,$A$5,Base!$L$3:$L$5001,"<>")=0,"",SUMIFS(Base!$L$3:$L$5001,Base!$A$3:$A$5001,J$3,Base!$B$3:$B$5001,$A$5))) | K8: =IF(K$3="","",IF(COUNTIFS(Base!$A$3:$A$5001,K$3,Base!$B$3:$B$5001,$A$5,Base!$L$3:$L$5001,"<>")=0,"",SUMIFS(Base!$L$3:$L$5001,Base!$A$3:$A$5001,K$3,Base!$B$3:$B$5001,$A$5))) | L8: =IF(L$3="","",IF(COUNTIFS(Base!$A$3:$A$5001,L$3,Base!$B$3:$B$5001,$A$5,Base!$L$3:$L$5001,"<>")=0,"",SUMIFS(Base!$L$3:$L$5001,Base!$A$3:$A$5001,L$3,Base!$B$3:$B$5001,$A$5))) | M8: =IF(M$3="","",IF(COUNTIFS(Base!$A$3:$A$5001,M$3,Base!$B$3:$B$5001,$A$5,Base!$L$3:$L$5001,"<>")=0,"",SUMIFS(Base!$L$3:$L$5001,Base!$A$3:$A$5001,M$3,Base!$B$3:$B$5001,$A$5))) | ... AJ8: =IF(AJ$3="","",IF(COUNTIFS(Base!$A$3:$A$5001,AJ$3,Base!$B$3:$B$5001,$A$5,Base!$L$3:$L$5001,"<>")=0,"",SUMIFS(Base!$L$3:$L$5001,Base!$A$3:$A$5001,AJ$3,Base!$B$3:$B$5001,$A$5))) | AK8: =IF(COUNT(F8:AJ8)=0,"",SUM(F8:AJ8))
C9: Pallets Movimentados | D9: =IFERROR(1/(1/INDEX(calculos!$C$55:$K$83,MATCH("OUT Pallets Movimentados",calculos!$A$55:$A$83,0),MATCH($A$5,calculos!$C$54:$K$54,0))),"") | F9: =IF(F$3="","",IF(COUNTIFS(Base!$A$3:$A$5001,F$3,Base!$B$3:$B$5001,$A$5,Base!$M$3:$M$5001,"<>")=0,"",SUMIFS(Base!$M$3:$M$5001,Base!$A$3:$A$5001,F$3,Base!$B$3:$B$5001,$A$5))) | G9: =IF(G$3="","",IF(COUNTIFS(Base!$A$3:$A$5001,G$3,Base!$B$3:$B$5001,$A$5,Base!$M$3:$M$5001,"<>")=0,"",SUMIFS(Base!$M$3:$M$5001,Base!$A$3:$A$5001,G$3,Base!$B$3:$B$5001,$A$5))) | H9: =IF(H$3="","",IF(COUNTIFS(Base!$A$3:$A$5001,H$3,Base!$B$3:$B$5001,$A$5,Base!$M$3:$M$5001,"<>")=0,"",SUMIFS(Base!$M$3:$M$5001,Base!$A$3:$A$5001,H$3,Base!$B$3:$B$5001,$A$5))) | I9: =IF(I$3="","",IF(COUNTIFS(Base!$A$3:$A$5001,I$3,Base!$B$3:$B$5001,$A$5,Base!$M$3:$M$5001,"<>")=0,"",SUMIFS(Base!$M$3:$M$5001,Base!$A$3:$A$5001,I$3,Base!$B$3:$B$5001,$A$5))) | J9: =IF(J$3="","",IF(COUNTIFS(Base!$A$3:$A$5001,J$3,Base!$B$3:$B$5001,$A$5,Base!$M$3:$M$5001,"<>")=0,"",SUMIFS(Base!$M$3:$M$5001,Base!$A$3:$A$5001,J$3,Base!$B$3:$B$5001,$A$5))) | K9: =IF(K$3="","",IF(COUNTIFS(Base!$A$3:$A$5001,K$3,Base!$B$3:$B$5001,$A$5,Base!$M$3:$M$5001,"<>")=0,"",SUMIFS(Base!$M$3:$M$5001,Base!$A$3:$A$5001,K$3,Base!$B$3:$B$5001,$A$5))) | L9: =IF(L$3="","",IF(COUNTIFS(Base!$A$3:$A$5001,L$3,Base!$B$3:$B$5001,$A$5,Base!$M$3:$M$5001,"<>")=0,"",SUMIFS(Base!$M$3:$M$5001,Base!$A$3:$A$5001,L$3,Base!$B$3:$B$5001,$A$5))) | M9: =IF(M$3="","",IF(COUNTIFS(Base!$A$3:$A$5001,M$3,Base!$B$3:$B$5001,$A$5,Base!$M$3:$M$5001,"<>")=0,"",SUMIFS(Base!$M$3:$M$5001,Base!$A$3:$A$5001,M$3,Base!$B$3:$B$5001,$A$5))) | ... AJ9: =IF(AJ$3="","",IF(COUNTIFS(Base!$A$3:$A$5001,AJ$3,Base!$B$3:$B$5001,$A$5,Base!$M$3:$M$5001,"<>")=0,"",SUMIFS(Base!$M$3:$M$5001,Base!$A$3:$A$5001,AJ$3,Base!$B$3:$B$5001,$A$5))) | AK9: =IF(COUNT(F9:AJ9)=0,"",SUM(F9:AJ9))
C10: Toneladas Movimentadas | D10: =IFERROR(1/(1/INDEX(calculos!$C$55:$K$83,MATCH("OUT Toneladas Movimentadas",calculos!$A$55:$A$83,0),MATCH($A$5,calculos!$C$54:$K$54,0))),"") | F10: =IF(F$3="","",IF(COUNTIFS(Base!$A$3:$A$5001,F$3,Base!$B$3:$B$5001,$A$5,Base!$N$3:$N$5001,"<>")=0,"",SUMIFS(Base!$N$3:$N$5001,Base!$A$3:$A$5001,F$3,Base!$B$3:$B$5001,$A$5))) | G10: =IF(G$3="","",IF(COUNTIFS(Base!$A$3:$A$5001,G$3,Base!$B$3:$B$5001,$A$5,Base!$N$3:$N$5001,"<>")=0,"",SUMIFS(Base!$N$3:$N$5001,Base!$A$3:$A$5001,G$3,Base!$B$3:$B$5001,$A$5))) | H10: =IF(H$3="","",IF(COUNTIFS(Base!$A$3:$A$5001,H$3,Base!$B$3:$B$5001,$A$5,Base!$N$3:$N$5001,"<>")=0,"",SUMIFS(Base!$N$3:$N$5001,Base!$A$3:$A$5001,H$3,Base!$B$3:$B$5001,$A$5))) | I10: =IF(I$3="","",IF(COUNTIFS(Base!$A$3:$A$5001,I$3,Base!$B$3:$B$5001,$A$5,Base!$N$3:$N$5001,"<>")=0,"",SUMIFS(Base!$N$3:$N$5001,Base!$A$3:$A$5001,I$3,Base!$B$3:$B$5001,$A$5))) | J10: =IF(J$3="","",IF(COUNTIFS(Base!$A$3:$A$5001,J$3,Base!$B$3:$B$5001,$A$5,Base!$N$3:$N$5001,"<>")=0,"",SUMIFS(Base!$N$3:$N$5001,Base!$A$3:$A$5001,J$3,Base!$B$3:$B$5001,$A$5))) | K10: =IF(K$3="","",IF(COUNTIFS(Base!$A$3:$A$5001,K$3,Base!$B$3:$B$5001,$A$5,Base!$N$3:$N$5001,"<>")=0,"",SUMIFS(Base!$N$3:$N$5001,Base!$A$3:$A$5001,K$3,Base!$B$3:$B$5001,$A$5))) | L10: =IF(L$3="","",IF(COUNTIFS(Base!$A$3:$A$5001,L$3,Base!$B$3:$B$5001,$A$5,Base!$N$3:$N$5001,"<>")=0,"",SUMIFS(Base!$N$3:$N$5001,Base!$A$3:$A$5001,L$3,Base!$B$3:$B$5001,$A$5))) | M10: =IF(M$3="","",IF(COUNTIFS(Base!$A$3:$A$5001,M$3,Base!$B$3:$B$5001,$A$5,Base!$N$3:$N$5001,"<>")=0,"",SUMIFS(Base!$N$3:$N$5001,Base!$A$3:$A$5001,M$3,Base!$B$3:$B$5001,$A$5))) | ... AJ10: =IF(AJ$3="","",IF(COUNTIFS(Base!$A$3:$A$5001,AJ$3,Base!$B$3:$B$5001,$A$5,Base!$N$3:$N$5001,"<>")=0,"",SUMIFS(Base!$N$3:$N$5001,Base!$A$3:$A$5001,AJ$3,Base!$B$3:$B$5001,$A$5))) | AK10: =IF(COUNT(F10:AJ10)=0,"",SUM(F10:AJ10))
B11: NC | C11: Incidentes | D11: =IFERROR(1/(1/INDEX(calculos!$C$55:$K$83,MATCH("NC Incidentes",calculos!$A$55:$A$83,0),MATCH($A$5,calculos!$C$54:$K$54,0))),"") | F11: =IF(F$3="","",IF(COUNTIFS(Base!$A$3:$A$5001,F$3,Base!$B$3:$B$5001,$A$5,Base!$U$3:$U$5001,"<>")=0,"",SUMIFS(Base!$U$3:$U$5001,Base!$A$3:$A$5001,F$3,Base!$B$3:$B$5001,$A$5))) | G11: =IF(G$3="","",IF(COUNTIFS(Base!$A$3:$A$5001,G$3,Base!$B$3:$B$5001,$A$5,Base!$U$3:$U$5001,"<>")=0,"",SUMIFS(Base!$U$3:$U$5001,Base!$A$3:$A$5001,G$3,Base!$B$3:$B$5001,$A$5))) | H11: =IF(H$3="","",IF(COUNTIFS(Base!$A$3:$A$5001,H$3,Base!$B$3:$B$5001,$A$5,Base!$U$3:$U$5001,"<>")=0,"",SUMIFS(Base!$U$3:$U$5001,Base!$A$3:$A$5001,H$3,Base!$B$3:$B$5001,$A$5))) | I11: =IF(I$3="","",IF(COUNTIFS(Base!$A$3:$A$5001,I$3,Base!$B$3:$B$5001,$A$5,Base!$U$3:$U$5001,"<>")=0,"",SUMIFS(Base!$U$3:$U$5001,Base!$A$3:$A$5001,I$3,Base!$B$3:$B$5001,$A$5))) | J11: =IF(J$3="","",IF(COUNTIFS(Base!$A$3:$A$5001,J$3,Base!$B$3:$B$5001,$A$5,Base!$U$3:$U$5001,"<>")=0,"",SUMIFS(Base!$U$3:$U$5001,Base!$A$3:$A$5001,J$3,Base!$B$3:$B$5001,$A$5))) | K11: =IF(K$3="","",IF(COUNTIFS(Base!$A$3:$A$5001,K$3,Base!$B$3:$B$5001,$A$5,Base!$U$3:$U$5001,"<>")=0,"",SUMIFS(Base!$U$3:$U$5001,Base!$A$3:$A$5001,K$3,Base!$B$3:$B$5001,$A$5))) | L11: =IF(L$3="","",IF(COUNTIFS(Base!$A$3:$A$5001,L$3,Base!$B$3:$B$5001,$A$5,Base!$U$3:$U$5001,"<>")=0,"",SUMIFS(Base!$U$3:$U$5001,Base!$A$3:$A$5001,L$3,Base!$B$3:$B$5001,$A$5))) | M11: =IF(M$3="","",IF(COUNTIFS(Base!$A$3:$A$5001,M$3,Base!$B$3:$B$5001,$A$5,Base!$U$3:$U$5001,"<>")=0,"",SUMIFS(Base!$U$3:$U$5001,Base!$A$3:$A$5001,M$3,Base!$B$3:$B$5001,$A$5))) | ... AJ11: =IF(AJ$3="","",IF(COUNTIFS(Base!$A$3:$A$5001,AJ$3,Base!$B$3:$B$5001,$A$5,Base!$U$3:$U$5001,"<>")=0,"",SUMIFS(Base!$U$3:$U$5001,Base!$A$3:$A$5001,AJ$3,Base!$B$3:$B$5001,$A$5))) | AK11: =IF(COUNT(F11:AJ11)=0,"",SUM(F11:AJ11))
C12: No show | D12: =IFERROR(1/(1/INDEX(calculos!$C$55:$K$83,MATCH("NC No show",calculos!$A$55:$A$83,0),MATCH($A$5,calculos!$C$54:$K$54,0))),"") | F12: =IF(F$3="","",IF(COUNTIFS(Base!$A$3:$A$5001,F$3,Base!$B$3:$B$5001,$A$5,Base!$V$3:$V$5001,"<>")=0,"",SUMIFS(Base!$V$3:$V$5001,Base!$A$3:$A$5001,F$3,Base!$B$3:$B$5001,$A$5))) | G12: =IF(G$3="","",IF(COUNTIFS(Base!$A$3:$A$5001,G$3,Base!$B$3:$B$5001,$A$5,Base!$V$3:$V$5001,"<>")=0,"",SUMIFS(Base!$V$3:$V$5001,Base!$A$3:$A$5001,G$3,Base!$B$3:$B$5001,$A$5))) | H12: =IF(H$3="","",IF(COUNTIFS(Base!$A$3:$A$5001,H$3,Base!$B$3:$B$5001,$A$5,Base!$V$3:$V$5001,"<>")=0,"",SUMIFS(Base!$V$3:$V$5001,Base!$A$3:$A$5001,H$3,Base!$B$3:$B$5001,$A$5))) | I12: =IF(I$3="","",IF(COUNTIFS(Base!$A$3:$A$5001,I$3,Base!$B$3:$B$5001,$A$5,Base!$V$3:$V$5001,"<>")=0,"",SUMIFS(Base!$V$3:$V$5001,Base!$A$3:$A$5001,I$3,Base!$B$3:$B$5001,$A$5))) | J12: =IF(J$3="","",IF(COUNTIFS(Base!$A$3:$A$5001,J$3,Base!$B$3:$B$5001,$A$5,Base!$V$3:$V$5001,"<>")=0,"",SUMIFS(Base!$V$3:$V$5001,Base!$A$3:$A$5001,J$3,Base!$B$3:$B$5001,$A$5))) | K12: =IF(K$3="","",IF(COUNTIFS(Base!$A$3:$A$5001,K$3,Base!$B$3:$B$5001,$A$5,Base!$V$3:$V$5001,"<>")=0,"",SUMIFS(Base!$V$3:$V$5001,Base!$A$3:$A$5001,K$3,Base!$B$3:$B$5001,$A$5))) | L12: =IF(L$3="","",IF(COUNTIFS(Base!$A$3:$A$5001,L$3,Base!$B$3:$B$5001,$A$5,Base!$V$3:$V$5001,"<>")=0,"",SUMIFS(Base!$V$3:$V$5001,Base!$A$3:$A$5001,L$3,Base!$B$3:$B$5001,$A$5))) | M12: =IF(M$3="","",IF(COUNTIFS(Base!$A$3:$A$5001,M$3,Base!$B$3:$B$5001,$A$5,Base!$V$3:$V$5001,"<>")=0,"",SUMIFS(Base!$V$3:$V$5001,Base!$A$3:$A$5001,M$3,Base!$B$3:$B$5001,$A$5))) | ... AJ12: =IF(AJ$3="","",IF(COUNTIFS(Base!$A$3:$A$5001,AJ$3,Base!$B$3:$B$5001,$A$5,Base!$V$3:$V$5001,"<>")=0,"",SUMIFS(Base!$V$3:$V$5001,Base!$A$3:$A$5001,AJ$3,Base!$B$3:$B$5001,$A$5))) | AK12: =IF(COUNT(F12:AJ12)=0,"",SUM(F12:AJ12))
C13: Backlog | D13: =IFERROR(1/(1/INDEX(calculos!$C$55:$K$83,MATCH("NC Backlog",calculos!$A$55:$A$83,0),MATCH($A$5,calculos!$C$54:$K$54,0))),"") | F13: =IF(F$3="","",IF(COUNTIFS(Base!$A$3:$A$5001,F$3,Base!$B$3:$B$5001,$A$5,Base!$W$3:$W$5001,"<>")=0,"",SUMIFS(Base!$W$3:$W$5001,Base!$A$3:$A$5001,F$3,Base!$B$3:$B$5001,$A$5))) | G13: =IF(G$3="","",IF(COUNTIFS(Base!$A$3:$A$5001,G$3,Base!$B$3:$B$5001,$A$5,Base!$W$3:$W$5001,"<>")=0,"",SUMIFS(Base!$W$3:$W$5001,Base!$A$3:$A$5001,G$3,Base!$B$3:$B$5001,$A$5))) | H13: =IF(H$3="","",IF(COUNTIFS(Base!$A$3:$A$5001,H$3,Base!$B$3:$B$5001,$A$5,Base!$W$3:$W$5001,"<>")=0,"",SUMIFS(Base!$W$3:$W$5001,Base!$A$3:$A$5001,H$3,Base!$B$3:$B$5001,$A$5))) | I13: =IF(I$3="","",IF(COUNTIFS(Base!$A$3:$A$5001,I$3,Base!$B$3:$B$5001,$A$5,Base!$W$3:$W$5001,"<>")=0,"",SUMIFS(Base!$W$3:$W$5001,Base!$A$3:$A$5001,I$3,Base!$B$3:$B$5001,$A$5))) | J13: =IF(J$3="","",IF(COUNTIFS(Base!$A$3:$A$5001,J$3,Base!$B$3:$B$5001,$A$5,Base!$W$3:$W$5001,"<>")=0,"",SUMIFS(Base!$W$3:$W$5001,Base!$A$3:$A$5001,J$3,Base!$B$3:$B$5001,$A$5))) | K13: =IF(K$3="","",IF(COUNTIFS(Base!$A$3:$A$5001,K$3,Base!$B$3:$B$5001,$A$5,Base!$W$3:$W$5001,"<>")=0,"",SUMIFS(Base!$W$3:$W$5001,Base!$A$3:$A$5001,K$3,Base!$B$3:$B$5001,$A$5))) | L13: =IF(L$3="","",IF(COUNTIFS(Base!$A$3:$A$5001,L$3,Base!$B$3:$B$5001,$A$5,Base!$W$3:$W$5001,"<>")=0,"",SUMIFS(Base!$W$3:$W$5001,Base!$A$3:$A$5001,L$3,Base!$B$3:$B$5001,$A$5))) | M13: =IF(M$3="","",IF(COUNTIFS(Base!$A$3:$A$5001,M$3,Base!$B$3:$B$5001,$A$5,Base!$W$3:$W$5001,"<>")=0,"",SUMIFS(Base!$W$3:$W$5001,Base!$A$3:$A$5001,M$3,Base!$B$3:$B$5001,$A$5))) | ... AJ13: =IF(AJ$3="","",IF(COUNTIFS(Base!$A$3:$A$5001,AJ$3,Base!$B$3:$B$5001,$A$5,Base!$W$3:$W$5001,"<>")=0,"",SUMIFS(Base!$W$3:$W$5001,Base!$A$3:$A$5001,AJ$3,Base!$B$3:$B$5001,$A$5))) | AK13: =IFERROR(LOOKUP(9.99E+307,F13:AJ13),"")
B14: OCUPAÇÃO (P.P) | C14: Posições Disponíveis | D14: =IFERROR(1/(1/INDEX(calculos!$C$55:$K$83,MATCH("Posições Disponíveis",calculos!$A$55:$A$83,0),MATCH($A$5,calculos!$C$54:$K$54,0))),"") | F14: =IF(F$3="","",IF(COUNTIFS(Base!$A$3:$A$5001,F$3,Base!$B$3:$B$5001,$A$5,Base!$X$3:$X$5001,"<>")=0,"",SUMIFS(Base!$X$3:$X$5001,Base!$A$3:$A$5001,F$3,Base!$B$3:$B$5001,$A$5))) | G14: =IF(G$3="","",IF(COUNTIFS(Base!$A$3:$A$5001,G$3,Base!$B$3:$B$5001,$A$5,Base!$X$3:$X$5001,"<>")=0,"",SUMIFS(Base!$X$3:$X$5001,Base!$A$3:$A$5001,G$3,Base!$B$3:$B$5001,$A$5))) | H14: =IF(H$3="","",IF(COUNTIFS(Base!$A$3:$A$5001,H$3,Base!$B$3:$B$5001,$A$5,Base!$X$3:$X$5001,"<>")=0,"",SUMIFS(Base!$X$3:$X$5001,Base!$A$3:$A$5001,H$3,Base!$B$3:$B$5001,$A$5))) | I14: =IF(I$3="","",IF(COUNTIFS(Base!$A$3:$A$5001,I$3,Base!$B$3:$B$5001,$A$5,Base!$X$3:$X$5001,"<>")=0,"",SUMIFS(Base!$X$3:$X$5001,Base!$A$3:$A$5001,I$3,Base!$B$3:$B$5001,$A$5))) | J14: =IF(J$3="","",IF(COUNTIFS(Base!$A$3:$A$5001,J$3,Base!$B$3:$B$5001,$A$5,Base!$X$3:$X$5001,"<>")=0,"",SUMIFS(Base!$X$3:$X$5001,Base!$A$3:$A$5001,J$3,Base!$B$3:$B$5001,$A$5))) | K14: =IF(K$3="","",IF(COUNTIFS(Base!$A$3:$A$5001,K$3,Base!$B$3:$B$5001,$A$5,Base!$X$3:$X$5001,"<>")=0,"",SUMIFS(Base!$X$3:$X$5001,Base!$A$3:$A$5001,K$3,Base!$B$3:$B$5001,$A$5))) | L14: =IF(L$3="","",IF(COUNTIFS(Base!$A$3:$A$5001,L$3,Base!$B$3:$B$5001,$A$5,Base!$X$3:$X$5001,"<>")=0,"",SUMIFS(Base!$X$3:$X$5001,Base!$A$3:$A$5001,L$3,Base!$B$3:$B$5001,$A$5))) | M14: =IF(M$3="","",IF(COUNTIFS(Base!$A$3:$A$5001,M$3,Base!$B$3:$B$5001,$A$5,Base!$X$3:$X$5001,"<>")=0,"",SUMIFS(Base!$X$3:$X$5001,Base!$A$3:$A$5001,M$3,Base!$B$3:$B$5001,$A$5))) | ... AJ14: =IF(AJ$3="","",IF(COUNTIFS(Base!$A$3:$A$5001,AJ$3,Base!$B$3:$B$5001,$A$5,Base!$X$3:$X$5001,"<>")=0,"",SUMIFS(Base!$X$3:$X$5001,Base!$A$3:$A$5001,AJ$3,Base!$B$3:$B$5001,$A$5))) | AK14: =IFERROR(LOOKUP(9.99E+307,F14:AJ14),"")
C15: Posições Ocupadas | D15: =IFERROR(1/(1/INDEX(calculos!$C$55:$K$83,MATCH("Posições Ocupadas",calculos!$A$55:$A$83,0),MATCH($A$5,calculos!$C$54:$K$54,0))),"") | F15: =IF(F$3="","",IF(COUNTIFS(Base!$A$3:$A$5001,F$3,Base!$B$3:$B$5001,$A$5,Base!$Y$3:$Y$5001,"<>")=0,"",SUMIFS(Base!$Y$3:$Y$5001,Base!$A$3:$A$5001,F$3,Base!$B$3:$B$5001,$A$5))) | G15: =IF(G$3="","",IF(COUNTIFS(Base!$A$3:$A$5001,G$3,Base!$B$3:$B$5001,$A$5,Base!$Y$3:$Y$5001,"<>")=0,"",SUMIFS(Base!$Y$3:$Y$5001,Base!$A$3:$A$5001,G$3,Base!$B$3:$B$5001,$A$5))) | H15: =IF(H$3="","",IF(COUNTIFS(Base!$A$3:$A$5001,H$3,Base!$B$3:$B$5001,$A$5,Base!$Y$3:$Y$5001,"<>")=0,"",SUMIFS(Base!$Y$3:$Y$5001,Base!$A$3:$A$5001,H$3,Base!$B$3:$B$5001,$A$5))) | I15: =IF(I$3="","",IF(COUNTIFS(Base!$A$3:$A$5001,I$3,Base!$B$3:$B$5001,$A$5,Base!$Y$3:$Y$5001,"<>")=0,"",SUMIFS(Base!$Y$3:$Y$5001,Base!$A$3:$A$5001,I$3,Base!$B$3:$B$5001,$A$5))) | J15: =IF(J$3="","",IF(COUNTIFS(Base!$A$3:$A$5001,J$3,Base!$B$3:$B$5001,$A$5,Base!$Y$3:$Y$5001,"<>")=0,"",SUMIFS(Base!$Y$3:$Y$5001,Base!$A$3:$A$5001,J$3,Base!$B$3:$B$5001,$A$5))) | K15: =IF(K$3="","",IF(COUNTIFS(Base!$A$3:$A$5001,K$3,Base!$B$3:$B$5001,$A$5,Base!$Y$3:$Y$5001,"<>")=0,"",SUMIFS(Base!$Y$3:$Y$5001,Base!$A$3:$A$5001,K$3,Base!$B$3:$B$5001,$A$5))) | L15: =IF(L$3="","",IF(COUNTIFS(Base!$A$3:$A$5001,L$3,Base!$B$3:$B$5001,$A$5,Base!$Y$3:$Y$5001,"<>")=0,"",SUMIFS(Base!$Y$3:$Y$5001,Base!$A$3:$A$5001,L$3,Base!$B$3:$B$5001,$A$5))) | M15: =IF(M$3="","",IF(COUNTIFS(Base!$A$3:$A$5001,M$3,Base!$B$3:$B$5001,$A$5,Base!$Y$3:$Y$5001,"<>")=0,"",SUMIFS(Base!$Y$3:$Y$5001,Base!$A$3:$A$5001,M$3,Base!$B$3:$B$5001,$A$5))) | ... AJ15: =IF(AJ$3="","",IF(COUNTIFS(Base!$A$3:$A$5001,AJ$3,Base!$B$3:$B$5001,$A$5,Base!$Y$3:$Y$5001,"<>")=0,"",SUMIFS(Base!$Y$3:$Y$5001,Base!$A$3:$A$5001,AJ$3,Base!$B$3:$B$5001,$A$5))) | AK15: =IFERROR(LOOKUP(9.99E+307,F15:AJ15),"")
C16: Taxa de Ocupação | D16: =IFERROR(1/(1/INDEX(calculos!$C$55:$K$83,MATCH("Taxa de Ocupação",calculos!$A$55:$A$83,0),MATCH($A$5,calculos!$C$54:$K$54,0))),"") | F16: =IF(AND(ISNUMBER(F14),ISNUMBER(F15)),IF(F14>0,F15/F14,""),"") | G16: =IF(AND(ISNUMBER(G14),ISNUMBER(G15)),IF(G14>0,G15/G14,""),"") | H16: =IF(AND(ISNUMBER(H14),ISNUMBER(H15)),IF(H14>0,H15/H14,""),"") | I16: =IF(AND(ISNUMBER(I14),ISNUMBER(I15)),IF(I14>0,I15/I14,""),"") | J16: =IF(AND(ISNUMBER(J14),ISNUMBER(J15)),IF(J14>0,J15/J14,""),"") | K16: =IF(AND(ISNUMBER(K14),ISNUMBER(K15)),IF(K14>0,K15/K14,""),"") | L16: =IF(AND(ISNUMBER(L14),ISNUMBER(L15)),IF(L14>0,L15/L14,""),"") | M16: =IF(AND(ISNUMBER(M14),ISNUMBER(M15)),IF(M14>0,M15/M14,""),"") | ... AK16: =IF(AND(ISNUMBER(AK14),ISNUMBER(AK15)),IF(AK14>0,AK15/AK14,""),"")
B17: GENTE | C17: Efetivo | D17: =IFERROR(1/(1/INDEX(calculos!$C$55:$K$83,MATCH("Efetivo",calculos!$A$55:$A$83,0),MATCH($A$5,calculos!$C$54:$K$54,0))),"") | F17: =IF(F$3="","",IF(COUNTIFS(Base!$A$3:$A$5001,F$3,Base!$B$3:$B$5001,$A$5,Base!$Z$3:$Z$5001,"<>")=0,"",SUMIFS(Base!$Z$3:$Z$5001,Base!$A$3:$A$5001,F$3,Base!$B$3:$B$5001,$A$5))) | G17: =IF(G$3="","",IF(COUNTIFS(Base!$A$3:$A$5001,G$3,Base!$B$3:$B$5001,$A$5,Base!$Z$3:$Z$5001,"<>")=0,"",SUMIFS(Base!$Z$3:$Z$5001,Base!$A$3:$A$5001,G$3,Base!$B$3:$B$5001,$A$5))) | H17: =IF(H$3="","",IF(COUNTIFS(Base!$A$3:$A$5001,H$3,Base!$B$3:$B$5001,$A$5,Base!$Z$3:$Z$5001,"<>")=0,"",SUMIFS(Base!$Z$3:$Z$5001,Base!$A$3:$A$5001,H$3,Base!$B$3:$B$5001,$A$5))) | I17: =IF(I$3="","",IF(COUNTIFS(Base!$A$3:$A$5001,I$3,Base!$B$3:$B$5001,$A$5,Base!$Z$3:$Z$5001,"<>")=0,"",SUMIFS(Base!$Z$3:$Z$5001,Base!$A$3:$A$5001,I$3,Base!$B$3:$B$5001,$A$5))) | J17: =IF(J$3="","",IF(COUNTIFS(Base!$A$3:$A$5001,J$3,Base!$B$3:$B$5001,$A$5,Base!$Z$3:$Z$5001,"<>")=0,"",SUMIFS(Base!$Z$3:$Z$5001,Base!$A$3:$A$5001,J$3,Base!$B$3:$B$5001,$A$5))) | K17: =IF(K$3="","",IF(COUNTIFS(Base!$A$3:$A$5001,K$3,Base!$B$3:$B$5001,$A$5,Base!$Z$3:$Z$5001,"<>")=0,"",SUMIFS(Base!$Z$3:$Z$5001,Base!$A$3:$A$5001,K$3,Base!$B$3:$B$5001,$A$5))) | L17: =IF(L$3="","",IF(COUNTIFS(Base!$A$3:$A$5001,L$3,Base!$B$3:$B$5001,$A$5,Base!$Z$3:$Z$5001,"<>")=0,"",SUMIFS(Base!$Z$3:$Z$5001,Base!$A$3:$A$5001,L$3,Base!$B$3:$B$5001,$A$5))) | M17: =IF(M$3="","",IF(COUNTIFS(Base!$A$3:$A$5001,M$3,Base!$B$3:$B$5001,$A$5,Base!$Z$3:$Z$5001,"<>")=0,"",SUMIFS(Base!$Z$3:$Z$5001,Base!$A$3:$A$5001,M$3,Base!$B$3:$B$5001,$A$5))) | ... AJ17: =IF(AJ$3="","",IF(COUNTIFS(Base!$A$3:$A$5001,AJ$3,Base!$B$3:$B$5001,$A$5,Base!$Z$3:$Z$5001,"<>")=0,"",SUMIFS(Base!$Z$3:$Z$5001,Base!$A$3:$A$5001,AJ$3,Base!$B$3:$B$5001,$A$5))) | AK17: =IFERROR(LOOKUP(9.99E+307,F17:AJ17),"")
C18: Falta | D18: =IFERROR(1/(1/INDEX(calculos!$C$55:$K$83,MATCH("Falta",calculos!$A$55:$A$83,0),MATCH($A$5,calculos!$C$54:$K$54,0))),"") | F18: =IF(F$3="","",IF(COUNTIFS(Base!$A$3:$A$5001,F$3,Base!$B$3:$B$5001,$A$5,Base!$AA$3:$AA$5001,"<>")=0,"",SUMIFS(Base!$AA$3:$AA$5001,Base!$A$3:$A$5001,F$3,Base!$B$3:$B$5001,$A$5))) | G18: =IF(G$3="","",IF(COUNTIFS(Base!$A$3:$A$5001,G$3,Base!$B$3:$B$5001,$A$5,Base!$AA$3:$AA$5001,"<>")=0,"",SUMIFS(Base!$AA$3:$AA$5001,Base!$A$3:$A$5001,G$3,Base!$B$3:$B$5001,$A$5))) | H18: =IF(H$3="","",IF(COUNTIFS(Base!$A$3:$A$5001,H$3,Base!$B$3:$B$5001,$A$5,Base!$AA$3:$AA$5001,"<>")=0,"",SUMIFS(Base!$AA$3:$AA$5001,Base!$A$3:$A$5001,H$3,Base!$B$3:$B$5001,$A$5))) | I18: =IF(I$3="","",IF(COUNTIFS(Base!$A$3:$A$5001,I$3,Base!$B$3:$B$5001,$A$5,Base!$AA$3:$AA$5001,"<>")=0,"",SUMIFS(Base!$AA$3:$AA$5001,Base!$A$3:$A$5001,I$3,Base!$B$3:$B$5001,$A$5))) | J18: =IF(J$3="","",IF(COUNTIFS(Base!$A$3:$A$5001,J$3,Base!$B$3:$B$5001,$A$5,Base!$AA$3:$AA$5001,"<>")=0,"",SUMIFS(Base!$AA$3:$AA$5001,Base!$A$3:$A$5001,J$3,Base!$B$3:$B$5001,$A$5))) | K18: =IF(K$3="","",IF(COUNTIFS(Base!$A$3:$A$5001,K$3,Base!$B$3:$B$5001,$A$5,Base!$AA$3:$AA$5001,"<>")=0,"",SUMIFS(Base!$AA$3:$AA$5001,Base!$A$3:$A$5001,K$3,Base!$B$3:$B$5001,$A$5))) | L18: =IF(L$3="","",IF(COUNTIFS(Base!$A$3:$A$5001,L$3,Base!$B$3:$B$5001,$A$5,Base!$AA$3:$AA$5001,"<>")=0,"",SUMIFS(Base!$AA$3:$AA$5001,Base!$A$3:$A$5001,L$3,Base!$B$3:$B$5001,$A$5))) | M18: =IF(M$3="","",IF(COUNTIFS(Base!$A$3:$A$5001,M$3,Base!$B$3:$B$5001,$A$5,Base!$AA$3:$AA$5001,"<>")=0,"",SUMIFS(Base!$AA$3:$AA$5001,Base!$A$3:$A$5001,M$3,Base!$B$3:$B$5001,$A$5))) | ... AJ18: =IF(AJ$3="","",IF(COUNTIFS(Base!$A$3:$A$5001,AJ$3,Base!$B$3:$B$5001,$A$5,Base!$AA$3:$AA$5001,"<>")=0,"",SUMIFS(Base!$AA$3:$AA$5001,Base!$A$3:$A$5001,AJ$3,Base!$B$3:$B$5001,$A$5))) | AK18: =IF(COUNT(F18:AJ18)=0,"",SUM(F18:AJ18))
C19: Folga | D19: =IFERROR(1/(1/INDEX(calculos!$C$55:$K$83,MATCH("Folga",calculos!$A$55:$A$83,0),MATCH($A$5,calculos!$C$54:$K$54,0))),"") | F19: =IF(F$3="","",IF(COUNTIFS(Base!$A$3:$A$5001,F$3,Base!$B$3:$B$5001,$A$5,Base!$AB$3:$AB$5001,"<>")=0,"",SUMIFS(Base!$AB$3:$AB$5001,Base!$A$3:$A$5001,F$3,Base!$B$3:$B$5001,$A$5))) | G19: =IF(G$3="","",IF(COUNTIFS(Base!$A$3:$A$5001,G$3,Base!$B$3:$B$5001,$A$5,Base!$AB$3:$AB$5001,"<>")=0,"",SUMIFS(Base!$AB$3:$AB$5001,Base!$A$3:$A$5001,G$3,Base!$B$3:$B$5001,$A$5))) | H19: =IF(H$3="","",IF(COUNTIFS(Base!$A$3:$A$5001,H$3,Base!$B$3:$B$5001,$A$5,Base!$AB$3:$AB$5001,"<>")=0,"",SUMIFS(Base!$AB$3:$AB$5001,Base!$A$3:$A$5001,H$3,Base!$B$3:$B$5001,$A$5))) | I19: =IF(I$3="","",IF(COUNTIFS(Base!$A$3:$A$5001,I$3,Base!$B$3:$B$5001,$A$5,Base!$AB$3:$AB$5001,"<>")=0,"",SUMIFS(Base!$AB$3:$AB$5001,Base!$A$3:$A$5001,I$3,Base!$B$3:$B$5001,$A$5))) | J19: =IF(J$3="","",IF(COUNTIFS(Base!$A$3:$A$5001,J$3,Base!$B$3:$B$5001,$A$5,Base!$AB$3:$AB$5001,"<>")=0,"",SUMIFS(Base!$AB$3:$AB$5001,Base!$A$3:$A$5001,J$3,Base!$B$3:$B$5001,$A$5))) | K19: =IF(K$3="","",IF(COUNTIFS(Base!$A$3:$A$5001,K$3,Base!$B$3:$B$5001,$A$5,Base!$AB$3:$AB$5001,"<>")=0,"",SUMIFS(Base!$AB$3:$AB$5001,Base!$A$3:$A$5001,K$3,Base!$B$3:$B$5001,$A$5))) | L19: =IF(L$3="","",IF(COUNTIFS(Base!$A$3:$A$5001,L$3,Base!$B$3:$B$5001,$A$5,Base!$AB$3:$AB$5001,"<>")=0,"",SUMIFS(Base!$AB$3:$AB$5001,Base!$A$3:$A$5001,L$3,Base!$B$3:$B$5001,$A$5))) | M19: =IF(M$3="","",IF(COUNTIFS(Base!$A$3:$A$5001,M$3,Base!$B$3:$B$5001,$A$5,Base!$AB$3:$AB$5001,"<>")=0,"",SUMIFS(Base!$AB$3:$AB$5001,Base!$A$3:$A$5001,M$3,Base!$B$3:$B$5001,$A$5))) | ... AJ19: =IF(AJ$3="","",IF(COUNTIFS(Base!$A$3:$A$5001,AJ$3,Base!$B$3:$B$5001,$A$5,Base!$AB$3:$AB$5001,"<>")=0,"",SUMIFS(Base!$AB$3:$AB$5001,Base!$A$3:$A$5001,AJ$3,Base!$B$3:$B$5001,$A$5))) | AK19: =IF(COUNT(F19:AJ19)=0,"",SUM(F19:AJ19))
C20: Férias | D20: =IFERROR(1/(1/INDEX(calculos!$C$55:$K$83,MATCH("Férias",calculos!$A$55:$A$83,0),MATCH($A$5,calculos!$C$54:$K$54,0))),"") | F20: =IF(F$3="","",IF(COUNTIFS(Base!$A$3:$A$5001,F$3,Base!$B$3:$B$5001,$A$5,Base!$AC$3:$AC$5001,"<>")=0,"",SUMIFS(Base!$AC$3:$AC$5001,Base!$A$3:$A$5001,F$3,Base!$B$3:$B$5001,$A$5))) | G20: =IF(G$3="","",IF(COUNTIFS(Base!$A$3:$A$5001,G$3,Base!$B$3:$B$5001,$A$5,Base!$AC$3:$AC$5001,"<>")=0,"",SUMIFS(Base!$AC$3:$AC$5001,Base!$A$3:$A$5001,G$3,Base!$B$3:$B$5001,$A$5))) | H20: =IF(H$3="","",IF(COUNTIFS(Base!$A$3:$A$5001,H$3,Base!$B$3:$B$5001,$A$5,Base!$AC$3:$AC$5001,"<>")=0,"",SUMIFS(Base!$AC$3:$AC$5001,Base!$A$3:$A$5001,H$3,Base!$B$3:$B$5001,$A$5))) | I20: =IF(I$3="","",IF(COUNTIFS(Base!$A$3:$A$5001,I$3,Base!$B$3:$B$5001,$A$5,Base!$AC$3:$AC$5001,"<>")=0,"",SUMIFS(Base!$AC$3:$AC$5001,Base!$A$3:$A$5001,I$3,Base!$B$3:$B$5001,$A$5))) | J20: =IF(J$3="","",IF(COUNTIFS(Base!$A$3:$A$5001,J$3,Base!$B$3:$B$5001,$A$5,Base!$AC$3:$AC$5001,"<>")=0,"",SUMIFS(Base!$AC$3:$AC$5001,Base!$A$3:$A$5001,J$3,Base!$B$3:$B$5001,$A$5))) | K20: =IF(K$3="","",IF(COUNTIFS(Base!$A$3:$A$5001,K$3,Base!$B$3:$B$5001,$A$5,Base!$AC$3:$AC$5001,"<>")=0,"",SUMIFS(Base!$AC$3:$AC$5001,Base!$A$3:$A$5001,K$3,Base!$B$3:$B$5001,$A$5))) | L20: =IF(L$3="","",IF(COUNTIFS(Base!$A$3:$A$5001,L$3,Base!$B$3:$B$5001,$A$5,Base!$AC$3:$AC$5001,"<>")=0,"",SUMIFS(Base!$AC$3:$AC$5001,Base!$A$3:$A$5001,L$3,Base!$B$3:$B$5001,$A$5))) | M20: =IF(M$3="","",IF(COUNTIFS(Base!$A$3:$A$5001,M$3,Base!$B$3:$B$5001,$A$5,Base!$AC$3:$AC$5001,"<>")=0,"",SUMIFS(Base!$AC$3:$AC$5001,Base!$A$3:$A$5001,M$3,Base!$B$3:$B$5001,$A$5))) | ... AJ20: =IF(AJ$3="","",IF(COUNTIFS(Base!$A$3:$A$5001,AJ$3,Base!$B$3:$B$5001,$A$5,Base!$AC$3:$AC$5001,"<>")=0,"",SUMIFS(Base!$AC$3:$AC$5001,Base!$A$3:$A$5001,AJ$3,Base!$B$3:$B$5001,$A$5))) | AK20: =IF(COUNT(F20:AJ20)=0,"",SUM(F20:AJ20))
C21: Desligamentos | D21: =IFERROR(1/(1/INDEX(calculos!$C$55:$K$83,MATCH("Desligamentos",calculos!$A$55:$A$83,0),MATCH($A$5,calculos!$C$54:$K$54,0))),"") | F21: =IF(F$3="","",IF(COUNTIFS(Base!$A$3:$A$5001,F$3,Base!$B$3:$B$5001,$A$5,Base!$AD$3:$AD$5001,"<>")=0,"",SUMIFS(Base!$AD$3:$AD$5001,Base!$A$3:$A$5001,F$3,Base!$B$3:$B$5001,$A$5))) | G21: =IF(G$3="","",IF(COUNTIFS(Base!$A$3:$A$5001,G$3,Base!$B$3:$B$5001,$A$5,Base!$AD$3:$AD$5001,"<>")=0,"",SUMIFS(Base!$AD$3:$AD$5001,Base!$A$3:$A$5001,G$3,Base!$B$3:$B$5001,$A$5))) | H21: =IF(H$3="","",IF(COUNTIFS(Base!$A$3:$A$5001,H$3,Base!$B$3:$B$5001,$A$5,Base!$AD$3:$AD$5001,"<>")=0,"",SUMIFS(Base!$AD$3:$AD$5001,Base!$A$3:$A$5001,H$3,Base!$B$3:$B$5001,$A$5))) | I21: =IF(I$3="","",IF(COUNTIFS(Base!$A$3:$A$5001,I$3,Base!$B$3:$B$5001,$A$5,Base!$AD$3:$AD$5001,"<>")=0,"",SUMIFS(Base!$AD$3:$AD$5001,Base!$A$3:$A$5001,I$3,Base!$B$3:$B$5001,$A$5))) | J21: =IF(J$3="","",IF(COUNTIFS(Base!$A$3:$A$5001,J$3,Base!$B$3:$B$5001,$A$5,Base!$AD$3:$AD$5001,"<>")=0,"",SUMIFS(Base!$AD$3:$AD$5001,Base!$A$3:$A$5001,J$3,Base!$B$3:$B$5001,$A$5))) | K21: =IF(K$3="","",IF(COUNTIFS(Base!$A$3:$A$5001,K$3,Base!$B$3:$B$5001,$A$5,Base!$AD$3:$AD$5001,"<>")=0,"",SUMIFS(Base!$AD$3:$AD$5001,Base!$A$3:$A$5001,K$3,Base!$B$3:$B$5001,$A$5))) | L21: =IF(L$3="","",IF(COUNTIFS(Base!$A$3:$A$5001,L$3,Base!$B$3:$B$5001,$A$5,Base!$AD$3:$AD$5001,"<>")=0,"",SUMIFS(Base!$AD$3:$AD$5001,Base!$A$3:$A$5001,L$3,Base!$B$3:$B$5001,$A$5))) | M21: =IF(M$3="","",IF(COUNTIFS(Base!$A$3:$A$5001,M$3,Base!$B$3:$B$5001,$A$5,Base!$AD$3:$AD$5001,"<>")=0,"",SUMIFS(Base!$AD$3:$AD$5001,Base!$A$3:$A$5001,M$3,Base!$B$3:$B$5001,$A$5))) | ... AJ21: =IF(AJ$3="","",IF(COUNTIFS(Base!$A$3:$A$5001,AJ$3,Base!$B$3:$B$5001,$A$5,Base!$AD$3:$AD$5001,"<>")=0,"",SUMIFS(Base!$AD$3:$AD$5001,Base!$A$3:$A$5001,AJ$3,Base!$B$3:$B$5001,$A$5))) | AK21: =IF(COUNT(F21:AJ21)=0,"",SUM(F21:AJ21))
A23: BEAUTYBIZ | B23: IN | C23: Veículos Recebidos | D23: =IFERROR(1/(1/INDEX(calculos!$C$55:$K$83,MATCH("IN Veículos Recebidos",calculos!$A$55:$A$83,0),MATCH($A$23,calculos!$C$54:$K$54,0))),"") | F23: =IF(F$3="","",IF(COUNTIFS(Base!$A$3:$A$5001,F$3,Base!$B$3:$B$5001,$A$23,Base!$C$3:$C$5001,"<>")=0,"",SUMIFS(Base!$C$3:$C$5001,Base!$A$3:$A$5001,F$3,Base!$B$3:$B$5001,$A$23))) | G23: =IF(G$3="","",IF(COUNTIFS(Base!$A$3:$A$5001,G$3,Base!$B$3:$B$5001,$A$23,Base!$C$3:$C$5001,"<>")=0,"",SUMIFS(Base!$C$3:$C$5001,Base!$A$3:$A$5001,G$3,Base!$B$3:$B$5001,$A$23))) | H23: =IF(H$3="","",IF(COUNTIFS(Base!$A$3:$A$5001,H$3,Base!$B$3:$B$5001,$A$23,Base!$C$3:$C$5001,"<>")=0,"",SUMIFS(Base!$C$3:$C$5001,Base!$A$3:$A$5001,H$3,Base!$B$3:$B$5001,$A$23))) | I23: =IF(I$3="","",IF(COUNTIFS(Base!$A$3:$A$5001,I$3,Base!$B$3:$B$5001,$A$23,Base!$C$3:$C$5001,"<>")=0,"",SUMIFS(Base!$C$3:$C$5001,Base!$A$3:$A$5001,I$3,Base!$B$3:$B$5001,$A$23))) | J23: =IF(J$3="","",IF(COUNTIFS(Base!$A$3:$A$5001,J$3,Base!$B$3:$B$5001,$A$23,Base!$C$3:$C$5001,"<>")=0,"",SUMIFS(Base!$C$3:$C$5001,Base!$A$3:$A$5001,J$3,Base!$B$3:$B$5001,$A$23))) | K23: =IF(K$3="","",IF(COUNTIFS(Base!$A$3:$A$5001,K$3,Base!$B$3:$B$5001,$A$23,Base!$C$3:$C$5001,"<>")=0,"",SUMIFS(Base!$C$3:$C$5001,Base!$A$3:$A$5001,K$3,Base!$B$3:$B$5001,$A$23))) | L23: =IF(L$3="","",IF(COUNTIFS(Base!$A$3:$A$5001,L$3,Base!$B$3:$B$5001,$A$23,Base!$C$3:$C$5001,"<>")=0,"",SUMIFS(Base!$C$3:$C$5001,Base!$A$3:$A$5001,L$3,Base!$B$3:$B$5001,$A$23))) | M23: =IF(M$3="","",IF(COUNTIFS(Base!$A$3:$A$5001,M$3,Base!$B$3:$B$5001,$A$23,Base!$C$3:$C$5001,"<>")=0,"",SUMIFS(Base!$C$3:$C$5001,Base!$A$3:$A$5001,M$3,Base!$B$3:$B$5001,$A$23))) | ... AJ23: =IF(AJ$3="","",IF(COUNTIFS(Base!$A$3:$A$5001,AJ$3,Base!$B$3:$B$5001,$A$23,Base!$C$3:$C$5001,"<>")=0,"",SUMIFS(Base!$C$3:$C$5001,Base!$A$3:$A$5001,AJ$3,Base!$B$3:$B$5001,$A$23))) | AK23: =IF(COUNT(F23:AJ23)=0,"",SUM(F23:AJ23))
C24: Pallets Movimentados | D24: =IFERROR(1/(1/INDEX(calculos!$C$55:$K$83,MATCH("IN Pallets Movimentados",calculos!$A$55:$A$83,0),MATCH($A$23,calculos!$C$54:$K$54,0))),"") | F24: =IF(F$3="","",IF(COUNTIFS(Base!$A$3:$A$5001,F$3,Base!$B$3:$B$5001,$A$23,Base!$D$3:$D$5001,"<>")=0,"",SUMIFS(Base!$D$3:$D$5001,Base!$A$3:$A$5001,F$3,Base!$B$3:$B$5001,$A$23))) | G24: =IF(G$3="","",IF(COUNTIFS(Base!$A$3:$A$5001,G$3,Base!$B$3:$B$5001,$A$23,Base!$D$3:$D$5001,"<>")=0,"",SUMIFS(Base!$D$3:$D$5001,Base!$A$3:$A$5001,G$3,Base!$B$3:$B$5001,$A$23))) | H24: =IF(H$3="","",IF(COUNTIFS(Base!$A$3:$A$5001,H$3,Base!$B$3:$B$5001,$A$23,Base!$D$3:$D$5001,"<>")=0,"",SUMIFS(Base!$D$3:$D$5001,Base!$A$3:$A$5001,H$3,Base!$B$3:$B$5001,$A$23))) | I24: =IF(I$3="","",IF(COUNTIFS(Base!$A$3:$A$5001,I$3,Base!$B$3:$B$5001,$A$23,Base!$D$3:$D$5001,"<>")=0,"",SUMIFS(Base!$D$3:$D$5001,Base!$A$3:$A$5001,I$3,Base!$B$3:$B$5001,$A$23))) | J24: =IF(J$3="","",IF(COUNTIFS(Base!$A$3:$A$5001,J$3,Base!$B$3:$B$5001,$A$23,Base!$D$3:$D$5001,"<>")=0,"",SUMIFS(Base!$D$3:$D$5001,Base!$A$3:$A$5001,J$3,Base!$B$3:$B$5001,$A$23))) | K24: =IF(K$3="","",IF(COUNTIFS(Base!$A$3:$A$5001,K$3,Base!$B$3:$B$5001,$A$23,Base!$D$3:$D$5001,"<>")=0,"",SUMIFS(Base!$D$3:$D$5001,Base!$A$3:$A$5001,K$3,Base!$B$3:$B$5001,$A$23))) | L24: =IF(L$3="","",IF(COUNTIFS(Base!$A$3:$A$5001,L$3,Base!$B$3:$B$5001,$A$23,Base!$D$3:$D$5001,"<>")=0,"",SUMIFS(Base!$D$3:$D$5001,Base!$A$3:$A$5001,L$3,Base!$B$3:$B$5001,$A$23))) | M24: =IF(M$3="","",IF(COUNTIFS(Base!$A$3:$A$5001,M$3,Base!$B$3:$B$5001,$A$23,Base!$D$3:$D$5001,"<>")=0,"",SUMIFS(Base!$D$3:$D$5001,Base!$A$3:$A$5001,M$3,Base!$B$3:$B$5001,$A$23))) | ... AJ24: =IF(AJ$3="","",IF(COUNTIFS(Base!$A$3:$A$5001,AJ$3,Base!$B$3:$B$5001,$A$23,Base!$D$3:$D$5001,"<>")=0,"",SUMIFS(Base!$D$3:$D$5001,Base!$A$3:$A$5001,AJ$3,Base!$B$3:$B$5001,$A$23))) | AK24: =IF(COUNT(F24:AJ24)=0,"",SUM(F24:AJ24))
C25: Caixas Movimentadas | D25: =IFERROR(1/(1/INDEX(calculos!$C$55:$K$83,MATCH("IN Caixas Movimentadas",calculos!$A$55:$A$83,0),MATCH($A$23,calculos!$C$54:$K$54,0))),"") | F25: =IF(F$3="","",IF(COUNTIFS(Base!$A$3:$A$5001,F$3,Base!$B$3:$B$5001,$A$23,Base!$F$3:$F$5001,"<>")=0,"",SUMIFS(Base!$F$3:$F$5001,Base!$A$3:$A$5001,F$3,Base!$B$3:$B$5001,$A$23))) | G25: =IF(G$3="","",IF(COUNTIFS(Base!$A$3:$A$5001,G$3,Base!$B$3:$B$5001,$A$23,Base!$F$3:$F$5001,"<>")=0,"",SUMIFS(Base!$F$3:$F$5001,Base!$A$3:$A$5001,G$3,Base!$B$3:$B$5001,$A$23))) | H25: =IF(H$3="","",IF(COUNTIFS(Base!$A$3:$A$5001,H$3,Base!$B$3:$B$5001,$A$23,Base!$F$3:$F$5001,"<>")=0,"",SUMIFS(Base!$F$3:$F$5001,Base!$A$3:$A$5001,H$3,Base!$B$3:$B$5001,$A$23))) | I25: =IF(I$3="","",IF(COUNTIFS(Base!$A$3:$A$5001,I$3,Base!$B$3:$B$5001,$A$23,Base!$F$3:$F$5001,"<>")=0,"",SUMIFS(Base!$F$3:$F$5001,Base!$A$3:$A$5001,I$3,Base!$B$3:$B$5001,$A$23))) | J25: =IF(J$3="","",IF(COUNTIFS(Base!$A$3:$A$5001,J$3,Base!$B$3:$B$5001,$A$23,Base!$F$3:$F$5001,"<>")=0,"",SUMIFS(Base!$F$3:$F$5001,Base!$A$3:$A$5001,J$3,Base!$B$3:$B$5001,$A$23))) | K25: =IF(K$3="","",IF(COUNTIFS(Base!$A$3:$A$5001,K$3,Base!$B$3:$B$5001,$A$23,Base!$F$3:$F$5001,"<>")=0,"",SUMIFS(Base!$F$3:$F$5001,Base!$A$3:$A$5001,K$3,Base!$B$3:$B$5001,$A$23))) | L25: =IF(L$3="","",IF(COUNTIFS(Base!$A$3:$A$5001,L$3,Base!$B$3:$B$5001,$A$23,Base!$F$3:$F$5001,"<>")=0,"",SUMIFS(Base!$F$3:$F$5001,Base!$A$3:$A$5001,L$3,Base!$B$3:$B$5001,$A$23))) | M25: =IF(M$3="","",IF(COUNTIFS(Base!$A$3:$A$5001,M$3,Base!$B$3:$B$5001,$A$23,Base!$F$3:$F$5001,"<>")=0,"",SUMIFS(Base!$F$3:$F$5001,Base!$A$3:$A$5001,M$3,Base!$B$3:$B$5001,$A$23))) | ... AJ25: =IF(AJ$3="","",IF(COUNTIFS(Base!$A$3:$A$5001,AJ$3,Base!$B$3:$B$5001,$A$23,Base!$F$3:$F$5001,"<>")=0,"",SUMIFS(Base!$F$3:$F$5001,Base!$A$3:$A$5001,AJ$3,Base!$B$3:$B$5001,$A$23))) | AK25: =IF(COUNT(F25:AJ25)=0,"",SUM(F25:AJ25))
B26: OUT | C26: Veículos Expedidos | D26: =IFERROR(1/(1/INDEX(calculos!$C$55:$K$83,MATCH("OUT Veículos Expedidos",calculos!$A$55:$A$83,0),MATCH($A$23,calculos!$C$54:$K$54,0))),"") | F26: =IF(F$3="","",IF(COUNTIFS(Base!$A$3:$A$5001,F$3,Base!$B$3:$B$5001,$A$23,Base!$L$3:$L$5001,"<>")=0,"",SUMIFS(Base!$L$3:$L$5001,Base!$A$3:$A$5001,F$3,Base!$B$3:$B$5001,$A$23))) | G26: =IF(G$3="","",IF(COUNTIFS(Base!$A$3:$A$5001,G$3,Base!$B$3:$B$5001,$A$23,Base!$L$3:$L$5001,"<>")=0,"",SUMIFS(Base!$L$3:$L$5001,Base!$A$3:$A$5001,G$3,Base!$B$3:$B$5001,$A$23))) | H26: =IF(H$3="","",IF(COUNTIFS(Base!$A$3:$A$5001,H$3,Base!$B$3:$B$5001,$A$23,Base!$L$3:$L$5001,"<>")=0,"",SUMIFS(Base!$L$3:$L$5001,Base!$A$3:$A$5001,H$3,Base!$B$3:$B$5001,$A$23))) | I26: =IF(I$3="","",IF(COUNTIFS(Base!$A$3:$A$5001,I$3,Base!$B$3:$B$5001,$A$23,Base!$L$3:$L$5001,"<>")=0,"",SUMIFS(Base!$L$3:$L$5001,Base!$A$3:$A$5001,I$3,Base!$B$3:$B$5001,$A$23))) | J26: =IF(J$3="","",IF(COUNTIFS(Base!$A$3:$A$5001,J$3,Base!$B$3:$B$5001,$A$23,Base!$L$3:$L$5001,"<>")=0,"",SUMIFS(Base!$L$3:$L$5001,Base!$A$3:$A$5001,J$3,Base!$B$3:$B$5001,$A$23))) | K26: =IF(K$3="","",IF(COUNTIFS(Base!$A$3:$A$5001,K$3,Base!$B$3:$B$5001,$A$23,Base!$L$3:$L$5001,"<>")=0,"",SUMIFS(Base!$L$3:$L$5001,Base!$A$3:$A$5001,K$3,Base!$B$3:$B$5001,$A$23))) | L26: =IF(L$3="","",IF(COUNTIFS(Base!$A$3:$A$5001,L$3,Base!$B$3:$B$5001,$A$23,Base!$L$3:$L$5001,"<>")=0,"",SUMIFS(Base!$L$3:$L$5001,Base!$A$3:$A$5001,L$3,Base!$B$3:$B$5001,$A$23))) | M26: =IF(M$3="","",IF(COUNTIFS(Base!$A$3:$A$5001,M$3,Base!$B$3:$B$5001,$A$23,Base!$L$3:$L$5001,"<>")=0,"",SUMIFS(Base!$L$3:$L$5001,Base!$A$3:$A$5001,M$3,Base!$B$3:$B$5001,$A$23))) | ... AJ26: =IF(AJ$3="","",IF(COUNTIFS(Base!$A$3:$A$5001,AJ$3,Base!$B$3:$B$5001,$A$23,Base!$L$3:$L$5001,"<>")=0,"",SUMIFS(Base!$L$3:$L$5001,Base!$A$3:$A$5001,AJ$3,Base!$B$3:$B$5001,$A$23))) | AK26: =IF(COUNT(F26:AJ26)=0,"",SUM(F26:AJ26))
C27: Pallets Movimentados | D27: =IFERROR(1/(1/INDEX(calculos!$C$55:$K$83,MATCH("OUT Pallets Movimentados",calculos!$A$55:$A$83,0),MATCH($A$23,calculos!$C$54:$K$54,0))),"") | F27: =IF(F$3="","",IF(COUNTIFS(Base!$A$3:$A$5001,F$3,Base!$B$3:$B$5001,$A$23,Base!$M$3:$M$5001,"<>")=0,"",SUMIFS(Base!$M$3:$M$5001,Base!$A$3:$A$5001,F$3,Base!$B$3:$B$5001,$A$23))) | G27: =IF(G$3="","",IF(COUNTIFS(Base!$A$3:$A$5001,G$3,Base!$B$3:$B$5001,$A$23,Base!$M$3:$M$5001,"<>")=0,"",SUMIFS(Base!$M$3:$M$5001,Base!$A$3:$A$5001,G$3,Base!$B$3:$B$5001,$A$23))) | H27: =IF(H$3="","",IF(COUNTIFS(Base!$A$3:$A$5001,H$3,Base!$B$3:$B$5001,$A$23,Base!$M$3:$M$5001,"<>")=0,"",SUMIFS(Base!$M$3:$M$5001,Base!$A$3:$A$5001,H$3,Base!$B$3:$B$5001,$A$23))) | I27: =IF(I$3="","",IF(COUNTIFS(Base!$A$3:$A$5001,I$3,Base!$B$3:$B$5001,$A$23,Base!$M$3:$M$5001,"<>")=0,"",SUMIFS(Base!$M$3:$M$5001,Base!$A$3:$A$5001,I$3,Base!$B$3:$B$5001,$A$23))) | J27: =IF(J$3="","",IF(COUNTIFS(Base!$A$3:$A$5001,J$3,Base!$B$3:$B$5001,$A$23,Base!$M$3:$M$5001,"<>")=0,"",SUMIFS(Base!$M$3:$M$5001,Base!$A$3:$A$5001,J$3,Base!$B$3:$B$5001,$A$23))) | K27: =IF(K$3="","",IF(COUNTIFS(Base!$A$3:$A$5001,K$3,Base!$B$3:$B$5001,$A$23,Base!$M$3:$M$5001,"<>")=0,"",SUMIFS(Base!$M$3:$M$5001,Base!$A$3:$A$5001,K$3,Base!$B$3:$B$5001,$A$23))) | L27: =IF(L$3="","",IF(COUNTIFS(Base!$A$3:$A$5001,L$3,Base!$B$3:$B$5001,$A$23,Base!$M$3:$M$5001,"<>")=0,"",SUMIFS(Base!$M$3:$M$5001,Base!$A$3:$A$5001,L$3,Base!$B$3:$B$5001,$A$23))) | M27: =IF(M$3="","",IF(COUNTIFS(Base!$A$3:$A$5001,M$3,Base!$B$3:$B$5001,$A$23,Base!$M$3:$M$5001,"<>")=0,"",SUMIFS(Base!$M$3:$M$5001,Base!$A$3:$A$5001,M$3,Base!$B$3:$B$5001,$A$23))) | ... AJ27: =IF(AJ$3="","",IF(COUNTIFS(Base!$A$3:$A$5001,AJ$3,Base!$B$3:$B$5001,$A$23,Base!$M$3:$M$5001,"<>")=0,"",SUMIFS(Base!$M$3:$M$5001,Base!$A$3:$A$5001,AJ$3,Base!$B$3:$B$5001,$A$23))) | AK27: =IF(COUNT(F27:AJ27)=0,"",SUM(F27:AJ27))
C28: Pedidos Expedidos | D28: =IFERROR(1/(1/INDEX(calculos!$C$55:$K$83,MATCH("OUT Pedidos Expedidos",calculos!$A$55:$A$83,0),MATCH($A$23,calculos!$C$54:$K$54,0))),"") | F28: =IF(F$3="","",IF(COUNTIFS(Base!$A$3:$A$5001,F$3,Base!$B$3:$B$5001,$A$23,Base!$P$3:$P$5001,"<>")=0,"",SUMIFS(Base!$P$3:$P$5001,Base!$A$3:$A$5001,F$3,Base!$B$3:$B$5001,$A$23))) | G28: =IF(G$3="","",IF(COUNTIFS(Base!$A$3:$A$5001,G$3,Base!$B$3:$B$5001,$A$23,Base!$P$3:$P$5001,"<>")=0,"",SUMIFS(Base!$P$3:$P$5001,Base!$A$3:$A$5001,G$3,Base!$B$3:$B$5001,$A$23))) | H28: =IF(H$3="","",IF(COUNTIFS(Base!$A$3:$A$5001,H$3,Base!$B$3:$B$5001,$A$23,Base!$P$3:$P$5001,"<>")=0,"",SUMIFS(Base!$P$3:$P$5001,Base!$A$3:$A$5001,H$3,Base!$B$3:$B$5001,$A$23))) | I28: =IF(I$3="","",IF(COUNTIFS(Base!$A$3:$A$5001,I$3,Base!$B$3:$B$5001,$A$23,Base!$P$3:$P$5001,"<>")=0,"",SUMIFS(Base!$P$3:$P$5001,Base!$A$3:$A$5001,I$3,Base!$B$3:$B$5001,$A$23))) | J28: =IF(J$3="","",IF(COUNTIFS(Base!$A$3:$A$5001,J$3,Base!$B$3:$B$5001,$A$23,Base!$P$3:$P$5001,"<>")=0,"",SUMIFS(Base!$P$3:$P$5001,Base!$A$3:$A$5001,J$3,Base!$B$3:$B$5001,$A$23))) | K28: =IF(K$3="","",IF(COUNTIFS(Base!$A$3:$A$5001,K$3,Base!$B$3:$B$5001,$A$23,Base!$P$3:$P$5001,"<>")=0,"",SUMIFS(Base!$P$3:$P$5001,Base!$A$3:$A$5001,K$3,Base!$B$3:$B$5001,$A$23))) | L28: =IF(L$3="","",IF(COUNTIFS(Base!$A$3:$A$5001,L$3,Base!$B$3:$B$5001,$A$23,Base!$P$3:$P$5001,"<>")=0,"",SUMIFS(Base!$P$3:$P$5001,Base!$A$3:$A$5001,L$3,Base!$B$3:$B$5001,$A$23))) | M28: =IF(M$3="","",IF(COUNTIFS(Base!$A$3:$A$5001,M$3,Base!$B$3:$B$5001,$A$23,Base!$P$3:$P$5001,"<>")=0,"",SUMIFS(Base!$P$3:$P$5001,Base!$A$3:$A$5001,M$3,Base!$B$3:$B$5001,$A$23))) | ... AJ28: =IF(AJ$3="","",IF(COUNTIFS(Base!$A$3:$A$5001,AJ$3,Base!$B$3:$B$5001,$A$23,Base!$P$3:$P$5001,"<>")=0,"",SUMIFS(Base!$P$3:$P$5001,Base!$A$3:$A$5001,AJ$3,Base!$B$3:$B$5001,$A$23))) | AK28: =IF(COUNT(F28:AJ28)=0,"",SUM(F28:AJ28))
B29: NC | C29: Incidentes | D29: =IFERROR(1/(1/INDEX(calculos!$C$55:$K$83,MATCH("NC Incidentes",calculos!$A$55:$A$83,0),MATCH($A$23,calculos!$C$54:$K$54,0))),"") | F29: =IF(F$3="","",IF(COUNTIFS(Base!$A$3:$A$5001,F$3,Base!$B$3:$B$5001,$A$23,Base!$U$3:$U$5001,"<>")=0,"",SUMIFS(Base!$U$3:$U$5001,Base!$A$3:$A$5001,F$3,Base!$B$3:$B$5001,$A$23))) | G29: =IF(G$3="","",IF(COUNTIFS(Base!$A$3:$A$5001,G$3,Base!$B$3:$B$5001,$A$23,Base!$U$3:$U$5001,"<>")=0,"",SUMIFS(Base!$U$3:$U$5001,Base!$A$3:$A$5001,G$3,Base!$B$3:$B$5001,$A$23))) | H29: =IF(H$3="","",IF(COUNTIFS(Base!$A$3:$A$5001,H$3,Base!$B$3:$B$5001,$A$23,Base!$U$3:$U$5001,"<>")=0,"",SUMIFS(Base!$U$3:$U$5001,Base!$A$3:$A$5001,H$3,Base!$B$3:$B$5001,$A$23))) | I29: =IF(I$3="","",IF(COUNTIFS(Base!$A$3:$A$5001,I$3,Base!$B$3:$B$5001,$A$23,Base!$U$3:$U$5001,"<>")=0,"",SUMIFS(Base!$U$3:$U$5001,Base!$A$3:$A$5001,I$3,Base!$B$3:$B$5001,$A$23))) | J29: =IF(J$3="","",IF(COUNTIFS(Base!$A$3:$A$5001,J$3,Base!$B$3:$B$5001,$A$23,Base!$U$3:$U$5001,"<>")=0,"",SUMIFS(Base!$U$3:$U$5001,Base!$A$3:$A$5001,J$3,Base!$B$3:$B$5001,$A$23))) | K29: =IF(K$3="","",IF(COUNTIFS(Base!$A$3:$A$5001,K$3,Base!$B$3:$B$5001,$A$23,Base!$U$3:$U$5001,"<>")=0,"",SUMIFS(Base!$U$3:$U$5001,Base!$A$3:$A$5001,K$3,Base!$B$3:$B$5001,$A$23))) | L29: =IF(L$3="","",IF(COUNTIFS(Base!$A$3:$A$5001,L$3,Base!$B$3:$B$5001,$A$23,Base!$U$3:$U$5001,"<>")=0,"",SUMIFS(Base!$U$3:$U$5001,Base!$A$3:$A$5001,L$3,Base!$B$3:$B$5001,$A$23))) | M29: =IF(M$3="","",IF(COUNTIFS(Base!$A$3:$A$5001,M$3,Base!$B$3:$B$5001,$A$23,Base!$U$3:$U$5001,"<>")=0,"",SUMIFS(Base!$U$3:$U$5001,Base!$A$3:$A$5001,M$3,Base!$B$3:$B$5001,$A$23))) | ... AJ29: =IF(AJ$3="","",IF(COUNTIFS(Base!$A$3:$A$5001,AJ$3,Base!$B$3:$B$5001,$A$23,Base!$U$3:$U$5001,"<>")=0,"",SUMIFS(Base!$U$3:$U$5001,Base!$A$3:$A$5001,AJ$3,Base!$B$3:$B$5001,$A$23))) | AK29: =IF(COUNT(F29:AJ29)=0,"",SUM(F29:AJ29))
C30: No show | D30: =IFERROR(1/(1/INDEX(calculos!$C$55:$K$83,MATCH("NC No show",calculos!$A$55:$A$83,0),MATCH($A$23,calculos!$C$54:$K$54,0))),"") | F30: =IF(F$3="","",IF(COUNTIFS(Base!$A$3:$A$5001,F$3,Base!$B$3:$B$5001,$A$23,Base!$V$3:$V$5001,"<>")=0,"",SUMIFS(Base!$V$3:$V$5001,Base!$A$3:$A$5001,F$3,Base!$B$3:$B$5001,$A$23))) | G30: =IF(G$3="","",IF(COUNTIFS(Base!$A$3:$A$5001,G$3,Base!$B$3:$B$5001,$A$23,Base!$V$3:$V$5001,"<>")=0,"",SUMIFS(Base!$V$3:$V$5001,Base!$A$3:$A$5001,G$3,Base!$B$3:$B$5001,$A$23))) | H30: =IF(H$3="","",IF(COUNTIFS(Base!$A$3:$A$5001,H$3,Base!$B$3:$B$5001,$A$23,Base!$V$3:$V$5001,"<>")=0,"",SUMIFS(Base!$V$3:$V$5001,Base!$A$3:$A$5001,H$3,Base!$B$3:$B$5001,$A$23))) | I30: =IF(I$3="","",IF(COUNTIFS(Base!$A$3:$A$5001,I$3,Base!$B$3:$B$5001,$A$23,Base!$V$3:$V$5001,"<>")=0,"",SUMIFS(Base!$V$3:$V$5001,Base!$A$3:$A$5001,I$3,Base!$B$3:$B$5001,$A$23))) | J30: =IF(J$3="","",IF(COUNTIFS(Base!$A$3:$A$5001,J$3,Base!$B$3:$B$5001,$A$23,Base!$V$3:$V$5001,"<>")=0,"",SUMIFS(Base!$V$3:$V$5001,Base!$A$3:$A$5001,J$3,Base!$B$3:$B$5001,$A$23))) | K30: =IF(K$3="","",IF(COUNTIFS(Base!$A$3:$A$5001,K$3,Base!$B$3:$B$5001,$A$23,Base!$V$3:$V$5001,"<>")=0,"",SUMIFS(Base!$V$3:$V$5001,Base!$A$3:$A$5001,K$3,Base!$B$3:$B$5001,$A$23))) | L30: =IF(L$3="","",IF(COUNTIFS(Base!$A$3:$A$5001,L$3,Base!$B$3:$B$5001,$A$23,Base!$V$3:$V$5001,"<>")=0,"",SUMIFS(Base!$V$3:$V$5001,Base!$A$3:$A$5001,L$3,Base!$B$3:$B$5001,$A$23))) | M30: =IF(M$3="","",IF(COUNTIFS(Base!$A$3:$A$5001,M$3,Base!$B$3:$B$5001,$A$23,Base!$V$3:$V$5001,"<>")=0,"",SUMIFS(Base!$V$3:$V$5001,Base!$A$3:$A$5001,M$3,Base!$B$3:$B$5001,$A$23))) | ... AJ30: =IF(AJ$3="","",IF(COUNTIFS(Base!$A$3:$A$5001,AJ$3,Base!$B$3:$B$5001,$A$23,Base!$V$3:$V$5001,"<>")=0,"",SUMIFS(Base!$V$3:$V$5001,Base!$A$3:$A$5001,AJ$3,Base!$B$3:$B$5001,$A$23))) | AK30: =IF(COUNT(F30:AJ30)=0,"",SUM(F30:AJ30))
C31: Backlog | D31: =IFERROR(1/(1/INDEX(calculos!$C$55:$K$83,MATCH("NC Backlog",calculos!$A$55:$A$83,0),MATCH($A$23,calculos!$C$54:$K$54,0))),"") | F31: =IF(F$3="","",IF(COUNTIFS(Base!$A$3:$A$5001,F$3,Base!$B$3:$B$5001,$A$23,Base!$W$3:$W$5001,"<>")=0,"",SUMIFS(Base!$W$3:$W$5001,Base!$A$3:$A$5001,F$3,Base!$B$3:$B$5001,$A$23))) | G31: =IF(G$3="","",IF(COUNTIFS(Base!$A$3:$A$5001,G$3,Base!$B$3:$B$5001,$A$23,Base!$W$3:$W$5001,"<>")=0,"",SUMIFS(Base!$W$3:$W$5001,Base!$A$3:$A$5001,G$3,Base!$B$3:$B$5001,$A$23))) | H31: =IF(H$3="","",IF(COUNTIFS(Base!$A$3:$A$5001,H$3,Base!$B$3:$B$5001,$A$23,Base!$W$3:$W$5001,"<>")=0,"",SUMIFS(Base!$W$3:$W$5001,Base!$A$3:$A$5001,H$3,Base!$B$3:$B$5001,$A$23))) | I31: =IF(I$3="","",IF(COUNTIFS(Base!$A$3:$A$5001,I$3,Base!$B$3:$B$5001,$A$23,Base!$W$3:$W$5001,"<>")=0,"",SUMIFS(Base!$W$3:$W$5001,Base!$A$3:$A$5001,I$3,Base!$B$3:$B$5001,$A$23))) | J31: =IF(J$3="","",IF(COUNTIFS(Base!$A$3:$A$5001,J$3,Base!$B$3:$B$5001,$A$23,Base!$W$3:$W$5001,"<>")=0,"",SUMIFS(Base!$W$3:$W$5001,Base!$A$3:$A$5001,J$3,Base!$B$3:$B$5001,$A$23))) | K31: =IF(K$3="","",IF(COUNTIFS(Base!$A$3:$A$5001,K$3,Base!$B$3:$B$5001,$A$23,Base!$W$3:$W$5001,"<>")=0,"",SUMIFS(Base!$W$3:$W$5001,Base!$A$3:$A$5001,K$3,Base!$B$3:$B$5001,$A$23))) | L31: =IF(L$3="","",IF(COUNTIFS(Base!$A$3:$A$5001,L$3,Base!$B$3:$B$5001,$A$23,Base!$W$3:$W$5001,"<>")=0,"",SUMIFS(Base!$W$3:$W$5001,Base!$A$3:$A$5001,L$3,Base!$B$3:$B$5001,$A$23))) | M31: =IF(M$3="","",IF(COUNTIFS(Base!$A$3:$A$5001,M$3,Base!$B$3:$B$5001,$A$23,Base!$W$3:$W$5001,"<>")=0,"",SUMIFS(Base!$W$3:$W$5001,Base!$A$3:$A$5001,M$3,Base!$B$3:$B$5001,$A$23))) | ... AJ31: =IF(AJ$3="","",IF(COUNTIFS(Base!$A$3:$A$5001,AJ$3,Base!$B$3:$B$5001,$A$23,Base!$W$3:$W$5001,"<>")=0,"",SUMIFS(Base!$W$3:$W$5001,Base!$A$3:$A$5001,AJ$3,Base!$B$3:$B$5001,$A$23))) | AK31: =IFERROR(LOOKUP(9.99E+307,F31:AJ31),"")
B32: OCUPAÇÃO (P.P) | C32: Posições Disponíveis | D32: =IFERROR(1/(1/INDEX(calculos!$C$55:$K$83,MATCH("Posições Disponíveis",calculos!$A$55:$A$83,0),MATCH($A$23,calculos!$C$54:$K$54,0))),"") | F32: =IF(F$3="","",IF(COUNTIFS(Base!$A$3:$A$5001,F$3,Base!$B$3:$B$5001,$A$23,Base!$X$3:$X$5001,"<>")=0,"",SUMIFS(Base!$X$3:$X$5001,Base!$A$3:$A$5001,F$3,Base!$B$3:$B$5001,$A$23))) | G32: =IF(G$3="","",IF(COUNTIFS(Base!$A$3:$A$5001,G$3,Base!$B$3:$B$5001,$A$23,Base!$X$3:$X$5001,"<>")=0,"",SUMIFS(Base!$X$3:$X$5001,Base!$A$3:$A$5001,G$3,Base!$B$3:$B$5001,$A$23))) | H32: =IF(H$3="","",IF(COUNTIFS(Base!$A$3:$A$5001,H$3,Base!$B$3:$B$5001,$A$23,Base!$X$3:$X$5001,"<>")=0,"",SUMIFS(Base!$X$3:$X$5001,Base!$A$3:$A$5001,H$3,Base!$B$3:$B$5001,$A$23))) | I32: =IF(I$3="","",IF(COUNTIFS(Base!$A$3:$A$5001,I$3,Base!$B$3:$B$5001,$A$23,Base!$X$3:$X$5001,"<>")=0,"",SUMIFS(Base!$X$3:$X$5001,Base!$A$3:$A$5001,I$3,Base!$B$3:$B$5001,$A$23))) | J32: =IF(J$3="","",IF(COUNTIFS(Base!$A$3:$A$5001,J$3,Base!$B$3:$B$5001,$A$23,Base!$X$3:$X$5001,"<>")=0,"",SUMIFS(Base!$X$3:$X$5001,Base!$A$3:$A$5001,J$3,Base!$B$3:$B$5001,$A$23))) | K32: =IF(K$3="","",IF(COUNTIFS(Base!$A$3:$A$5001,K$3,Base!$B$3:$B$5001,$A$23,Base!$X$3:$X$5001,"<>")=0,"",SUMIFS(Base!$X$3:$X$5001,Base!$A$3:$A$5001,K$3,Base!$B$3:$B$5001,$A$23))) | L32: =IF(L$3="","",IF(COUNTIFS(Base!$A$3:$A$5001,L$3,Base!$B$3:$B$5001,$A$23,Base!$X$3:$X$5001,"<>")=0,"",SUMIFS(Base!$X$3:$X$5001,Base!$A$3:$A$5001,L$3,Base!$B$3:$B$5001,$A$23))) | M32: =IF(M$3="","",IF(COUNTIFS(Base!$A$3:$A$5001,M$3,Base!$B$3:$B$5001,$A$23,Base!$X$3:$X$5001,"<>")=0,"",SUMIFS(Base!$X$3:$X$5001,Base!$A$3:$A$5001,M$3,Base!$B$3:$B$5001,$A$23))) | ... AJ32: =IF(AJ$3="","",IF(COUNTIFS(Base!$A$3:$A$5001,AJ$3,Base!$B$3:$B$5001,$A$23,Base!$X$3:$X$5001,"<>")=0,"",SUMIFS(Base!$X$3:$X$5001,Base!$A$3:$A$5001,AJ$3,Base!$B$3:$B$5001,$A$23))) | AK32: =IFERROR(LOOKUP(9.99E+307,F32:AJ32),"")
C33: Posições Ocupadas | D33: =IFERROR(1/(1/INDEX(calculos!$C$55:$K$83,MATCH("Posições Ocupadas",calculos!$A$55:$A$83,0),MATCH($A$23,calculos!$C$54:$K$54,0))),"") | F33: =IF(F$3="","",IF(COUNTIFS(Base!$A$3:$A$5001,F$3,Base!$B$3:$B$5001,$A$23,Base!$Y$3:$Y$5001,"<>")=0,"",SUMIFS(Base!$Y$3:$Y$5001,Base!$A$3:$A$5001,F$3,Base!$B$3:$B$5001,$A$23))) | G33: =IF(G$3="","",IF(COUNTIFS(Base!$A$3:$A$5001,G$3,Base!$B$3:$B$5001,$A$23,Base!$Y$3:$Y$5001,"<>")=0,"",SUMIFS(Base!$Y$3:$Y$5001,Base!$A$3:$A$5001,G$3,Base!$B$3:$B$5001,$A$23))) | H33: =IF(H$3="","",IF(COUNTIFS(Base!$A$3:$A$5001,H$3,Base!$B$3:$B$5001,$A$23,Base!$Y$3:$Y$5001,"<>")=0,"",SUMIFS(Base!$Y$3:$Y$5001,Base!$A$3:$A$5001,H$3,Base!$B$3:$B$5001,$A$23))) | I33: =IF(I$3="","",IF(COUNTIFS(Base!$A$3:$A$5001,I$3,Base!$B$3:$B$5001,$A$23,Base!$Y$3:$Y$5001,"<>")=0,"",SUMIFS(Base!$Y$3:$Y$5001,Base!$A$3:$A$5001,I$3,Base!$B$3:$B$5001,$A$23))) | J33: =IF(J$3="","",IF(COUNTIFS(Base!$A$3:$A$5001,J$3,Base!$B$3:$B$5001,$A$23,Base!$Y$3:$Y$5001,"<>")=0,"",SUMIFS(Base!$Y$3:$Y$5001,Base!$A$3:$A$5001,J$3,Base!$B$3:$B$5001,$A$23))) | K33: =IF(K$3="","",IF(COUNTIFS(Base!$A$3:$A$5001,K$3,Base!$B$3:$B$5001,$A$23,Base!$Y$3:$Y$5001,"<>")=0,"",SUMIFS(Base!$Y$3:$Y$5001,Base!$A$3:$A$5001,K$3,Base!$B$3:$B$5001,$A$23))) | L33: =IF(L$3="","",IF(COUNTIFS(Base!$A$3:$A$5001,L$3,Base!$B$3:$B$5001,$A$23,Base!$Y$3:$Y$5001,"<>")=0,"",SUMIFS(Base!$Y$3:$Y$5001,Base!$A$3:$A$5001,L$3,Base!$B$3:$B$5001,$A$23))) | M33: =IF(M$3="","",IF(COUNTIFS(Base!$A$3:$A$5001,M$3,Base!$B$3:$B$5001,$A$23,Base!$Y$3:$Y$5001,"<>")=0,"",SUMIFS(Base!$Y$3:$Y$5001,Base!$A$3:$A$5001,M$3,Base!$B$3:$B$5001,$A$23))) | ... AJ33: =IF(AJ$3="","",IF(COUNTIFS(Base!$A$3:$A$5001,AJ$3,Base!$B$3:$B$5001,$A$23,Base!$Y$3:$Y$5001,"<>")=0,"",SUMIFS(Base!$Y$3:$Y$5001,Base!$A$3:$A$5001,AJ$3,Base!$B$3:$B$5001,$A$23))) | AK33: =IFERROR(LOOKUP(9.99E+307,F33:AJ33),"")
C34: Taxa de Ocupação | D34: =IFERROR(1/(1/INDEX(calculos!$C$55:$K$83,MATCH("Taxa de Ocupação",calculos!$A$55:$A$83,0),MATCH($A$23,calculos!$C$54:$K$54,0))),"") | F34: =IF(AND(ISNUMBER(F32),ISNUMBER(F33)),IF(F32>0,F33/F32,""),"") | G34: =IF(AND(ISNUMBER(G32),ISNUMBER(G33)),IF(G32>0,G33/G32,""),"") | H34: =IF(AND(ISNUMBER(H32),ISNUMBER(H33)),IF(H32>0,H33/H32,""),"") | I34: =IF(AND(ISNUMBER(I32),ISNUMBER(I33)),IF(I32>0,I33/I32,""),"") | J34: =IF(AND(ISNUMBER(J32),ISNUMBER(J33)),IF(J32>0,J33/J32,""),"") | K34: =IF(AND(ISNUMBER(K32),ISNUMBER(K33)),IF(K32>0,K33/K32,""),"") | L34: =IF(AND(ISNUMBER(L32),ISNUMBER(L33)),IF(L32>0,L33/L32,""),"") | M34: =IF(AND(ISNUMBER(M32),ISNUMBER(M33)),IF(M32>0,M33/M32,""),"") | ... AK34: =IF(AND(ISNUMBER(AK32),ISNUMBER(AK33)),IF(AK32>0,AK33/AK32,""),"")
B35: GENTE | C35: Efetivo | D35: =IFERROR(1/(1/INDEX(calculos!$C$55:$K$83,MATCH("Efetivo",calculos!$A$55:$A$83,0),MATCH($A$23,calculos!$C$54:$K$54,0))),"") | F35: =IF(F$3="","",IF(COUNTIFS(Base!$A$3:$A$5001,F$3,Base!$B$3:$B$5001,$A$23,Base!$Z$3:$Z$5001,"<>")=0,"",SUMIFS(Base!$Z$3:$Z$5001,Base!$A$3:$A$5001,F$3,Base!$B$3:$B$5001,$A$23))) | G35: =IF(G$3="","",IF(COUNTIFS(Base!$A$3:$A$5001,G$3,Base!$B$3:$B$5001,$A$23,Base!$Z$3:$Z$5001,"<>")=0,"",SUMIFS(Base!$Z$3:$Z$5001,Base!$A$3:$A$5001,G$3,Base!$B$3:$B$5001,$A$23))) | H35: =IF(H$3="","",IF(COUNTIFS(Base!$A$3:$A$5001,H$3,Base!$B$3:$B$5001,$A$23,Base!$Z$3:$Z$5001,"<>")=0,"",SUMIFS(Base!$Z$3:$Z$5001,Base!$A$3:$A$5001,H$3,Base!$B$3:$B$5001,$A$23))) | I35: =IF(I$3="","",IF(COUNTIFS(Base!$A$3:$A$5001,I$3,Base!$B$3:$B$5001,$A$23,Base!$Z$3:$Z$5001,"<>")=0,"",SUMIFS(Base!$Z$3:$Z$5001,Base!$A$3:$A$5001,I$3,Base!$B$3:$B$5001,$A$23))) | J35: =IF(J$3="","",IF(COUNTIFS(Base!$A$3:$A$5001,J$3,Base!$B$3:$B$5001,$A$23,Base!$Z$3:$Z$5001,"<>")=0,"",SUMIFS(Base!$Z$3:$Z$5001,Base!$A$3:$A$5001,J$3,Base!$B$3:$B$5001,$A$23))) | K35: =IF(K$3="","",IF(COUNTIFS(Base!$A$3:$A$5001,K$3,Base!$B$3:$B$5001,$A$23,Base!$Z$3:$Z$5001,"<>")=0,"",SUMIFS(Base!$Z$3:$Z$5001,Base!$A$3:$A$5001,K$3,Base!$B$3:$B$5001,$A$23))) | L35: =IF(L$3="","",IF(COUNTIFS(Base!$A$3:$A$5001,L$3,Base!$B$3:$B$5001,$A$23,Base!$Z$3:$Z$5001,"<>")=0,"",SUMIFS(Base!$Z$3:$Z$5001,Base!$A$3:$A$5001,L$3,Base!$B$3:$B$5001,$A$23))) | M35: =IF(M$3="","",IF(COUNTIFS(Base!$A$3:$A$5001,M$3,Base!$B$3:$B$5001,$A$23,Base!$Z$3:$Z$5001,"<>")=0,"",SUMIFS(Base!$Z$3:$Z$5001,Base!$A$3:$A$5001,M$3,Base!$B$3:$B$5001,$A$23))) | ... AJ35: =IF(AJ$3="","",IF(COUNTIFS(Base!$A$3:$A$5001,AJ$3,Base!$B$3:$B$5001,$A$23,Base!$Z$3:$Z$5001,"<>")=0,"",SUMIFS(Base!$Z$3:$Z$5001,Base!$A$3:$A$5001,AJ$3,Base!$B$3:$B$5001,$A$23))) | AK35: =IFERROR(LOOKUP(9.99E+307,F35:AJ35),"")
C36: Falta | D36: =IFERROR(1/(1/INDEX(calculos!$C$55:$K$83,MATCH("Falta",calculos!$A$55:$A$83,0),MATCH($A$23,calculos!$C$54:$K$54,0))),"") | F36: =IF(F$3="","",IF(COUNTIFS(Base!$A$3:$A$5001,F$3,Base!$B$3:$B$5001,$A$23,Base!$AA$3:$AA$5001,"<>")=0,"",SUMIFS(Base!$AA$3:$AA$5001,Base!$A$3:$A$5001,F$3,Base!$B$3:$B$5001,$A$23))) | G36: =IF(G$3="","",IF(COUNTIFS(Base!$A$3:$A$5001,G$3,Base!$B$3:$B$5001,$A$23,Base!$AA$3:$AA$5001,"<>")=0,"",SUMIFS(Base!$AA$3:$AA$5001,Base!$A$3:$A$5001,G$3,Base!$B$3:$B$5001,$A$23))) | H36: =IF(H$3="","",IF(COUNTIFS(Base!$A$3:$A$5001,H$3,Base!$B$3:$B$5001,$A$23,Base!$AA$3:$AA$5001,"<>")=0,"",SUMIFS(Base!$AA$3:$AA$5001,Base!$A$3:$A$5001,H$3,Base!$B$3:$B$5001,$A$23))) | I36: =IF(I$3="","",IF(COUNTIFS(Base!$A$3:$A$5001,I$3,Base!$B$3:$B$5001,$A$23,Base!$AA$3:$AA$5001,"<>")=0,"",SUMIFS(Base!$AA$3:$AA$5001,Base!$A$3:$A$5001,I$3,Base!$B$3:$B$5001,$A$23))) | J36: =IF(J$3="","",IF(COUNTIFS(Base!$A$3:$A$5001,J$3,Base!$B$3:$B$5001,$A$23,Base!$AA$3:$AA$5001,"<>")=0,"",SUMIFS(Base!$AA$3:$AA$5001,Base!$A$3:$A$5001,J$3,Base!$B$3:$B$5001,$A$23))) | K36: =IF(K$3="","",IF(COUNTIFS(Base!$A$3:$A$5001,K$3,Base!$B$3:$B$5001,$A$23,Base!$AA$3:$AA$5001,"<>")=0,"",SUMIFS(Base!$AA$3:$AA$5001,Base!$A$3:$A$5001,K$3,Base!$B$3:$B$5001,$A$23))) | L36: =IF(L$3="","",IF(COUNTIFS(Base!$A$3:$A$5001,L$3,Base!$B$3:$B$5001,$A$23,Base!$AA$3:$AA$5001,"<>")=0,"",SUMIFS(Base!$AA$3:$AA$5001,Base!$A$3:$A$5001,L$3,Base!$B$3:$B$5001,$A$23))) | M36: =IF(M$3="","",IF(COUNTIFS(Base!$A$3:$A$5001,M$3,Base!$B$3:$B$5001,$A$23,Base!$AA$3:$AA$5001,"<>")=0,"",SUMIFS(Base!$AA$3:$AA$5001,Base!$A$3:$A$5001,M$3,Base!$B$3:$B$5001,$A$23))) | ... AJ36: =IF(AJ$3="","",IF(COUNTIFS(Base!$A$3:$A$5001,AJ$3,Base!$B$3:$B$5001,$A$23,Base!$AA$3:$AA$5001,"<>")=0,"",SUMIFS(Base!$AA$3:$AA$5001,Base!$A$3:$A$5001,AJ$3,Base!$B$3:$B$5001,$A$23))) | AK36: =IF(COUNT(F36:AJ36)=0,"",SUM(F36:AJ36))
C37: Folga | D37: =IFERROR(1/(1/INDEX(calculos!$C$55:$K$83,MATCH("Folga",calculos!$A$55:$A$83,0),MATCH($A$23,calculos!$C$54:$K$54,0))),"") | F37: =IF(F$3="","",IF(COUNTIFS(Base!$A$3:$A$5001,F$3,Base!$B$3:$B$5001,$A$23,Base!$AB$3:$AB$5001,"<>")=0,"",SUMIFS(Base!$AB$3:$AB$5001,Base!$A$3:$A$5001,F$3,Base!$B$3:$B$5001,$A$23))) | G37: =IF(G$3="","",IF(COUNTIFS(Base!$A$3:$A$5001,G$3,Base!$B$3:$B$5001,$A$23,Base!$AB$3:$AB$5001,"<>")=0,"",SUMIFS(Base!$AB$3:$AB$5001,Base!$A$3:$A$5001,G$3,Base!$B$3:$B$5001,$A$23))) | H37: =IF(H$3="","",IF(COUNTIFS(Base!$A$3:$A$5001,H$3,Base!$B$3:$B$5001,$A$23,Base!$AB$3:$AB$5001,"<>")=0,"",SUMIFS(Base!$AB$3:$AB$5001,Base!$A$3:$A$5001,H$3,Base!$B$3:$B$5001,$A$23))) | I37: =IF(I$3="","",IF(COUNTIFS(Base!$A$3:$A$5001,I$3,Base!$B$3:$B$5001,$A$23,Base!$AB$3:$AB$5001,"<>")=0,"",SUMIFS(Base!$AB$3:$AB$5001,Base!$A$3:$A$5001,I$3,Base!$B$3:$B$5001,$A$23))) | J37: =IF(J$3="","",IF(COUNTIFS(Base!$A$3:$A$5001,J$3,Base!$B$3:$B$5001,$A$23,Base!$AB$3:$AB$5001,"<>")=0,"",SUMIFS(Base!$AB$3:$AB$5001,Base!$A$3:$A$5001,J$3,Base!$B$3:$B$5001,$A$23))) | K37: =IF(K$3="","",IF(COUNTIFS(Base!$A$3:$A$5001,K$3,Base!$B$3:$B$5001,$A$23,Base!$AB$3:$AB$5001,"<>")=0,"",SUMIFS(Base!$AB$3:$AB$5001,Base!$A$3:$A$5001,K$3,Base!$B$3:$B$5001,$A$23))) | L37: =IF(L$3="","",IF(COUNTIFS(Base!$A$3:$A$5001,L$3,Base!$B$3:$B$5001,$A$23,Base!$AB$3:$AB$5001,"<>")=0,"",SUMIFS(Base!$AB$3:$AB$5001,Base!$A$3:$A$5001,L$3,Base!$B$3:$B$5001,$A$23))) | M37: =IF(M$3="","",IF(COUNTIFS(Base!$A$3:$A$5001,M$3,Base!$B$3:$B$5001,$A$23,Base!$AB$3:$AB$5001,"<>")=0,"",SUMIFS(Base!$AB$3:$AB$5001,Base!$A$3:$A$5001,M$3,Base!$B$3:$B$5001,$A$23))) | ... AJ37: =IF(AJ$3="","",IF(COUNTIFS(Base!$A$3:$A$5001,AJ$3,Base!$B$3:$B$5001,$A$23,Base!$AB$3:$AB$5001,"<>")=0,"",SUMIFS(Base!$AB$3:$AB$5001,Base!$A$3:$A$5001,AJ$3,Base!$B$3:$B$5001,$A$23))) | AK37: =IF(COUNT(F37:AJ37)=0,"",SUM(F37:AJ37))
C38: Férias | D38: =IFERROR(1/(1/INDEX(calculos!$C$55:$K$83,MATCH("Férias",calculos!$A$55:$A$83,0),MATCH($A$23,calculos!$C$54:$K$54,0))),"") | F38: =IF(F$3="","",IF(COUNTIFS(Base!$A$3:$A$5001,F$3,Base!$B$3:$B$5001,$A$23,Base!$AC$3:$AC$5001,"<>")=0,"",SUMIFS(Base!$AC$3:$AC$5001,Base!$A$3:$A$5001,F$3,Base!$B$3:$B$5001,$A$23))) | G38: =IF(G$3="","",IF(COUNTIFS(Base!$A$3:$A$5001,G$3,Base!$B$3:$B$5001,$A$23,Base!$AC$3:$AC$5001,"<>")=0,"",SUMIFS(Base!$AC$3:$AC$5001,Base!$A$3:$A$5001,G$3,Base!$B$3:$B$5001,$A$23))) | H38: =IF(H$3="","",IF(COUNTIFS(Base!$A$3:$A$5001,H$3,Base!$B$3:$B$5001,$A$23,Base!$AC$3:$AC$5001,"<>")=0,"",SUMIFS(Base!$AC$3:$AC$5001,Base!$A$3:$A$5001,H$3,Base!$B$3:$B$5001,$A$23))) | I38: =IF(I$3="","",IF(COUNTIFS(Base!$A$3:$A$5001,I$3,Base!$B$3:$B$5001,$A$23,Base!$AC$3:$AC$5001,"<>")=0,"",SUMIFS(Base!$AC$3:$AC$5001,Base!$A$3:$A$5001,I$3,Base!$B$3:$B$5001,$A$23))) | J38: =IF(J$3="","",IF(COUNTIFS(Base!$A$3:$A$5001,J$3,Base!$B$3:$B$5001,$A$23,Base!$AC$3:$AC$5001,"<>")=0,"",SUMIFS(Base!$AC$3:$AC$5001,Base!$A$3:$A$5001,J$3,Base!$B$3:$B$5001,$A$23))) | K38: =IF(K$3="","",IF(COUNTIFS(Base!$A$3:$A$5001,K$3,Base!$B$3:$B$5001,$A$23,Base!$AC$3:$AC$5001,"<>")=0,"",SUMIFS(Base!$AC$3:$AC$5001,Base!$A$3:$A$5001,K$3,Base!$B$3:$B$5001,$A$23))) | L38: =IF(L$3="","",IF(COUNTIFS(Base!$A$3:$A$5001,L$3,Base!$B$3:$B$5001,$A$23,Base!$AC$3:$AC$5001,"<>")=0,"",SUMIFS(Base!$AC$3:$AC$5001,Base!$A$3:$A$5001,L$3,Base!$B$3:$B$5001,$A$23))) | M38: =IF(M$3="","",IF(COUNTIFS(Base!$A$3:$A$5001,M$3,Base!$B$3:$B$5001,$A$23,Base!$AC$3:$AC$5001,"<>")=0,"",SUMIFS(Base!$AC$3:$AC$5001,Base!$A$3:$A$5001,M$3,Base!$B$3:$B$5001,$A$23))) | ... AJ38: =IF(AJ$3="","",IF(COUNTIFS(Base!$A$3:$A$5001,AJ$3,Base!$B$3:$B$5001,$A$23,Base!$AC$3:$AC$5001,"<>")=0,"",SUMIFS(Base!$AC$3:$AC$5001,Base!$A$3:$A$5001,AJ$3,Base!$B$3:$B$5001,$A$23))) | AK38: =IF(COUNT(F38:AJ38)=0,"",SUM(F38:AJ38))
C39: Desligamentos | D39: =IFERROR(1/(1/INDEX(calculos!$C$55:$K$83,MATCH("Desligamentos",calculos!$A$55:$A$83,0),MATCH($A$23,calculos!$C$54:$K$54,0))),"") | F39: =IF(F$3="","",IF(COUNTIFS(Base!$A$3:$A$5001,F$3,Base!$B$3:$B$5001,$A$23,Base!$AD$3:$AD$5001,"<>")=0,"",SUMIFS(Base!$AD$3:$AD$5001,Base!$A$3:$A$5001,F$3,Base!$B$3:$B$5001,$A$23))) | G39: =IF(G$3="","",IF(COUNTIFS(Base!$A$3:$A$5001,G$3,Base!$B$3:$B$5001,$A$23,Base!$AD$3:$AD$5001,"<>")=0,"",SUMIFS(Base!$AD$3:$AD$5001,Base!$A$3:$A$5001,G$3,Base!$B$3:$B$5001,$A$23))) | H39: =IF(H$3="","",IF(COUNTIFS(Base!$A$3:$A$5001,H$3,Base!$B$3:$B$5001,$A$23,Base!$AD$3:$AD$5001,"<>")=0,"",SUMIFS(Base!$AD$3:$AD$5001,Base!$A$3:$A$5001,H$3,Base!$B$3:$B$5001,$A$23))) | I39: =IF(I$3="","",IF(COUNTIFS(Base!$A$3:$A$5001,I$3,Base!$B$3:$B$5001,$A$23,Base!$AD$3:$AD$5001,"<>")=0,"",SUMIFS(Base!$AD$3:$AD$5001,Base!$A$3:$A$5001,I$3,Base!$B$3:$B$5001,$A$23))) | J39: =IF(J$3="","",IF(COUNTIFS(Base!$A$3:$A$5001,J$3,Base!$B$3:$B$5001,$A$23,Base!$AD$3:$AD$5001,"<>")=0,"",SUMIFS(Base!$AD$3:$AD$5001,Base!$A$3:$A$5001,J$3,Base!$B$3:$B$5001,$A$23))) | K39: =IF(K$3="","",IF(COUNTIFS(Base!$A$3:$A$5001,K$3,Base!$B$3:$B$5001,$A$23,Base!$AD$3:$AD$5001,"<>")=0,"",SUMIFS(Base!$AD$3:$AD$5001,Base!$A$3:$A$5001,K$3,Base!$B$3:$B$5001,$A$23))) | L39: =IF(L$3="","",IF(COUNTIFS(Base!$A$3:$A$5001,L$3,Base!$B$3:$B$5001,$A$23,Base!$AD$3:$AD$5001,"<>")=0,"",SUMIFS(Base!$AD$3:$AD$5001,Base!$A$3:$A$5001,L$3,Base!$B$3:$B$5001,$A$23))) | M39: =IF(M$3="","",IF(COUNTIFS(Base!$A$3:$A$5001,M$3,Base!$B$3:$B$5001,$A$23,Base!$AD$3:$AD$5001,"<>")=0,"",SUMIFS(Base!$AD$3:$AD$5001,Base!$A$3:$A$5001,M$3,Base!$B$3:$B$5001,$A$23))) | ... AJ39: =IF(AJ$3="","",IF(COUNTIFS(Base!$A$3:$A$5001,AJ$3,Base!$B$3:$B$5001,$A$23,Base!$AD$3:$AD$5001,"<>")=0,"",SUMIFS(Base!$AD$3:$AD$5001,Base!$A$3:$A$5001,AJ$3,Base!$B$3:$B$5001,$A$23))) | AK39: =IF(COUNT(F39:AJ39)=0,"",SUM(F39:AJ39))
A41: BOTICÁRIO | B41: IN | C41: Veículos Recebidos | D41: =IFERROR(1/(1/INDEX(calculos!$C$55:$K$83,MATCH("IN Veículos Recebidos",calculos!$A$55:$A$83,0),MATCH($A$41,calculos!$C$54:$K$54,0))),"") | F41: =IF(F$3="","",IF(COUNTIFS(Base!$A$3:$A$5001,F$3,Base!$B$3:$B$5001,$A$41,Base!$C$3:$C$5001,"<>")=0,"",SUMIFS(Base!$C$3:$C$5001,Base!$A$3:$A$5001,F$3,Base!$B$3:$B$5001,$A$41))) | G41: =IF(G$3="","",IF(COUNTIFS(Base!$A$3:$A$5001,G$3,Base!$B$3:$B$5001,$A$41,Base!$C$3:$C$5001,"<>")=0,"",SUMIFS(Base!$C$3:$C$5001,Base!$A$3:$A$5001,G$3,Base!$B$3:$B$5001,$A$41))) | H41: =IF(H$3="","",IF(COUNTIFS(Base!$A$3:$A$5001,H$3,Base!$B$3:$B$5001,$A$41,Base!$C$3:$C$5001,"<>")=0,"",SUMIFS(Base!$C$3:$C$5001,Base!$A$3:$A$5001,H$3,Base!$B$3:$B$5001,$A$41))) | I41: =IF(I$3="","",IF(COUNTIFS(Base!$A$3:$A$5001,I$3,Base!$B$3:$B$5001,$A$41,Base!$C$3:$C$5001,"<>")=0,"",SUMIFS(Base!$C$3:$C$5001,Base!$A$3:$A$5001,I$3,Base!$B$3:$B$5001,$A$41))) | J41: =IF(J$3="","",IF(COUNTIFS(Base!$A$3:$A$5001,J$3,Base!$B$3:$B$5001,$A$41,Base!$C$3:$C$5001,"<>")=0,"",SUMIFS(Base!$C$3:$C$5001,Base!$A$3:$A$5001,J$3,Base!$B$3:$B$5001,$A$41))) | K41: =IF(K$3="","",IF(COUNTIFS(Base!$A$3:$A$5001,K$3,Base!$B$3:$B$5001,$A$41,Base!$C$3:$C$5001,"<>")=0,"",SUMIFS(Base!$C$3:$C$5001,Base!$A$3:$A$5001,K$3,Base!$B$3:$B$5001,$A$41))) | L41: =IF(L$3="","",IF(COUNTIFS(Base!$A$3:$A$5001,L$3,Base!$B$3:$B$5001,$A$41,Base!$C$3:$C$5001,"<>")=0,"",SUMIFS(Base!$C$3:$C$5001,Base!$A$3:$A$5001,L$3,Base!$B$3:$B$5001,$A$41))) | M41: =IF(M$3="","",IF(COUNTIFS(Base!$A$3:$A$5001,M$3,Base!$B$3:$B$5001,$A$41,Base!$C$3:$C$5001,"<>")=0,"",SUMIFS(Base!$C$3:$C$5001,Base!$A$3:$A$5001,M$3,Base!$B$3:$B$5001,$A$41))) | ... AJ41: =IF(AJ$3="","",IF(COUNTIFS(Base!$A$3:$A$5001,AJ$3,Base!$B$3:$B$5001,$A$41,Base!$C$3:$C$5001,"<>")=0,"",SUMIFS(Base!$C$3:$C$5001,Base!$A$3:$A$5001,AJ$3,Base!$B$3:$B$5001,$A$41))) | AK41: =IF(COUNT(F41:AJ41)=0,"",SUM(F41:AJ41))
C42: Itens Recebidos CX Mista | D42: =IFERROR(1/(1/INDEX(calculos!$C$55:$K$83,MATCH("IN Itens Recebidos CX Mista",calculos!$A$55:$A$83,0),MATCH($A$41,calculos!$C$54:$K$54,0))),"") | F42: =IF(F$3="","",IF(COUNTIFS(Base!$A$3:$A$5001,F$3,Base!$B$3:$B$5001,$A$41,Base!$G$3:$G$5001,"<>")=0,"",SUMIFS(Base!$G$3:$G$5001,Base!$A$3:$A$5001,F$3,Base!$B$3:$B$5001,$A$41))) | G42: =IF(G$3="","",IF(COUNTIFS(Base!$A$3:$A$5001,G$3,Base!$B$3:$B$5001,$A$41,Base!$G$3:$G$5001,"<>")=0,"",SUMIFS(Base!$G$3:$G$5001,Base!$A$3:$A$5001,G$3,Base!$B$3:$B$5001,$A$41))) | H42: =IF(H$3="","",IF(COUNTIFS(Base!$A$3:$A$5001,H$3,Base!$B$3:$B$5001,$A$41,Base!$G$3:$G$5001,"<>")=0,"",SUMIFS(Base!$G$3:$G$5001,Base!$A$3:$A$5001,H$3,Base!$B$3:$B$5001,$A$41))) | I42: =IF(I$3="","",IF(COUNTIFS(Base!$A$3:$A$5001,I$3,Base!$B$3:$B$5001,$A$41,Base!$G$3:$G$5001,"<>")=0,"",SUMIFS(Base!$G$3:$G$5001,Base!$A$3:$A$5001,I$3,Base!$B$3:$B$5001,$A$41))) | J42: =IF(J$3="","",IF(COUNTIFS(Base!$A$3:$A$5001,J$3,Base!$B$3:$B$5001,$A$41,Base!$G$3:$G$5001,"<>")=0,"",SUMIFS(Base!$G$3:$G$5001,Base!$A$3:$A$5001,J$3,Base!$B$3:$B$5001,$A$41))) | K42: =IF(K$3="","",IF(COUNTIFS(Base!$A$3:$A$5001,K$3,Base!$B$3:$B$5001,$A$41,Base!$G$3:$G$5001,"<>")=0,"",SUMIFS(Base!$G$3:$G$5001,Base!$A$3:$A$5001,K$3,Base!$B$3:$B$5001,$A$41))) | L42: =IF(L$3="","",IF(COUNTIFS(Base!$A$3:$A$5001,L$3,Base!$B$3:$B$5001,$A$41,Base!$G$3:$G$5001,"<>")=0,"",SUMIFS(Base!$G$3:$G$5001,Base!$A$3:$A$5001,L$3,Base!$B$3:$B$5001,$A$41))) | M42: =IF(M$3="","",IF(COUNTIFS(Base!$A$3:$A$5001,M$3,Base!$B$3:$B$5001,$A$41,Base!$G$3:$G$5001,"<>")=0,"",SUMIFS(Base!$G$3:$G$5001,Base!$A$3:$A$5001,M$3,Base!$B$3:$B$5001,$A$41))) | ... AJ42: =IF(AJ$3="","",IF(COUNTIFS(Base!$A$3:$A$5001,AJ$3,Base!$B$3:$B$5001,$A$41,Base!$G$3:$G$5001,"<>")=0,"",SUMIFS(Base!$G$3:$G$5001,Base!$A$3:$A$5001,AJ$3,Base!$B$3:$B$5001,$A$41))) | AK42: =IF(COUNT(F42:AJ42)=0,"",SUM(F42:AJ42))
C43: Caixas Mistas Recebidas | D43: =IFERROR(1/(1/INDEX(calculos!$C$55:$K$83,MATCH("IN Caixas Mistas Recebidas",calculos!$A$55:$A$83,0),MATCH($A$41,calculos!$C$54:$K$54,0))),"") | F43: =IF(F$3="","",IF(COUNTIFS(Base!$A$3:$A$5001,F$3,Base!$B$3:$B$5001,$A$41,Base!$H$3:$H$5001,"<>")=0,"",SUMIFS(Base!$H$3:$H$5001,Base!$A$3:$A$5001,F$3,Base!$B$3:$B$5001,$A$41))) | G43: =IF(G$3="","",IF(COUNTIFS(Base!$A$3:$A$5001,G$3,Base!$B$3:$B$5001,$A$41,Base!$H$3:$H$5001,"<>")=0,"",SUMIFS(Base!$H$3:$H$5001,Base!$A$3:$A$5001,G$3,Base!$B$3:$B$5001,$A$41))) | H43: =IF(H$3="","",IF(COUNTIFS(Base!$A$3:$A$5001,H$3,Base!$B$3:$B$5001,$A$41,Base!$H$3:$H$5001,"<>")=0,"",SUMIFS(Base!$H$3:$H$5001,Base!$A$3:$A$5001,H$3,Base!$B$3:$B$5001,$A$41))) | I43: =IF(I$3="","",IF(COUNTIFS(Base!$A$3:$A$5001,I$3,Base!$B$3:$B$5001,$A$41,Base!$H$3:$H$5001,"<>")=0,"",SUMIFS(Base!$H$3:$H$5001,Base!$A$3:$A$5001,I$3,Base!$B$3:$B$5001,$A$41))) | J43: =IF(J$3="","",IF(COUNTIFS(Base!$A$3:$A$5001,J$3,Base!$B$3:$B$5001,$A$41,Base!$H$3:$H$5001,"<>")=0,"",SUMIFS(Base!$H$3:$H$5001,Base!$A$3:$A$5001,J$3,Base!$B$3:$B$5001,$A$41))) | K43: =IF(K$3="","",IF(COUNTIFS(Base!$A$3:$A$5001,K$3,Base!$B$3:$B$5001,$A$41,Base!$H$3:$H$5001,"<>")=0,"",SUMIFS(Base!$H$3:$H$5001,Base!$A$3:$A$5001,K$3,Base!$B$3:$B$5001,$A$41))) | L43: =IF(L$3="","",IF(COUNTIFS(Base!$A$3:$A$5001,L$3,Base!$B$3:$B$5001,$A$41,Base!$H$3:$H$5001,"<>")=0,"",SUMIFS(Base!$H$3:$H$5001,Base!$A$3:$A$5001,L$3,Base!$B$3:$B$5001,$A$41))) | M43: =IF(M$3="","",IF(COUNTIFS(Base!$A$3:$A$5001,M$3,Base!$B$3:$B$5001,$A$41,Base!$H$3:$H$5001,"<>")=0,"",SUMIFS(Base!$H$3:$H$5001,Base!$A$3:$A$5001,M$3,Base!$B$3:$B$5001,$A$41))) | ... AJ43: =IF(AJ$3="","",IF(COUNTIFS(Base!$A$3:$A$5001,AJ$3,Base!$B$3:$B$5001,$A$41,Base!$H$3:$H$5001,"<>")=0,"",SUMIFS(Base!$H$3:$H$5001,Base!$A$3:$A$5001,AJ$3,Base!$B$3:$B$5001,$A$41))) | AK43: =IF(COUNT(F43:AJ43)=0,"",SUM(F43:AJ43))
C44: Caixas Fechadas | D44: =IFERROR(1/(1/INDEX(calculos!$C$55:$K$83,MATCH("IN Caixas Fechadas",calculos!$A$55:$A$83,0),MATCH($A$41,calculos!$C$54:$K$54,0))),"") | F44: =IF(F$3="","",IF(COUNTIFS(Base!$A$3:$A$5001,F$3,Base!$B$3:$B$5001,$A$41,Base!$I$3:$I$5001,"<>")=0,"",SUMIFS(Base!$I$3:$I$5001,Base!$A$3:$A$5001,F$3,Base!$B$3:$B$5001,$A$41))) | G44: =IF(G$3="","",IF(COUNTIFS(Base!$A$3:$A$5001,G$3,Base!$B$3:$B$5001,$A$41,Base!$I$3:$I$5001,"<>")=0,"",SUMIFS(Base!$I$3:$I$5001,Base!$A$3:$A$5001,G$3,Base!$B$3:$B$5001,$A$41))) | H44: =IF(H$3="","",IF(COUNTIFS(Base!$A$3:$A$5001,H$3,Base!$B$3:$B$5001,$A$41,Base!$I$3:$I$5001,"<>")=0,"",SUMIFS(Base!$I$3:$I$5001,Base!$A$3:$A$5001,H$3,Base!$B$3:$B$5001,$A$41))) | I44: =IF(I$3="","",IF(COUNTIFS(Base!$A$3:$A$5001,I$3,Base!$B$3:$B$5001,$A$41,Base!$I$3:$I$5001,"<>")=0,"",SUMIFS(Base!$I$3:$I$5001,Base!$A$3:$A$5001,I$3,Base!$B$3:$B$5001,$A$41))) | J44: =IF(J$3="","",IF(COUNTIFS(Base!$A$3:$A$5001,J$3,Base!$B$3:$B$5001,$A$41,Base!$I$3:$I$5001,"<>")=0,"",SUMIFS(Base!$I$3:$I$5001,Base!$A$3:$A$5001,J$3,Base!$B$3:$B$5001,$A$41))) | K44: =IF(K$3="","",IF(COUNTIFS(Base!$A$3:$A$5001,K$3,Base!$B$3:$B$5001,$A$41,Base!$I$3:$I$5001,"<>")=0,"",SUMIFS(Base!$I$3:$I$5001,Base!$A$3:$A$5001,K$3,Base!$B$3:$B$5001,$A$41))) | L44: =IF(L$3="","",IF(COUNTIFS(Base!$A$3:$A$5001,L$3,Base!$B$3:$B$5001,$A$41,Base!$I$3:$I$5001,"<>")=0,"",SUMIFS(Base!$I$3:$I$5001,Base!$A$3:$A$5001,L$3,Base!$B$3:$B$5001,$A$41))) | M44: =IF(M$3="","",IF(COUNTIFS(Base!$A$3:$A$5001,M$3,Base!$B$3:$B$5001,$A$41,Base!$I$3:$I$5001,"<>")=0,"",SUMIFS(Base!$I$3:$I$5001,Base!$A$3:$A$5001,M$3,Base!$B$3:$B$5001,$A$41))) | ... AJ44: =IF(AJ$3="","",IF(COUNTIFS(Base!$A$3:$A$5001,AJ$3,Base!$B$3:$B$5001,$A$41,Base!$I$3:$I$5001,"<>")=0,"",SUMIFS(Base!$I$3:$I$5001,Base!$A$3:$A$5001,AJ$3,Base!$B$3:$B$5001,$A$41))) | AK44: =IF(COUNT(F44:AJ44)=0,"",SUM(F44:AJ44))
B45: OUT | C45: Veículos Expedidos | D45: =IFERROR(1/(1/INDEX(calculos!$C$55:$K$83,MATCH("OUT Veículos Expedidos",calculos!$A$55:$A$83,0),MATCH($A$41,calculos!$C$54:$K$54,0))),"") | F45: =IF(F$3="","",IF(COUNTIFS(Base!$A$3:$A$5001,F$3,Base!$B$3:$B$5001,$A$41,Base!$L$3:$L$5001,"<>")=0,"",SUMIFS(Base!$L$3:$L$5001,Base!$A$3:$A$5001,F$3,Base!$B$3:$B$5001,$A$41))) | G45: =IF(G$3="","",IF(COUNTIFS(Base!$A$3:$A$5001,G$3,Base!$B$3:$B$5001,$A$41,Base!$L$3:$L$5001,"<>")=0,"",SUMIFS(Base!$L$3:$L$5001,Base!$A$3:$A$5001,G$3,Base!$B$3:$B$5001,$A$41))) | H45: =IF(H$3="","",IF(COUNTIFS(Base!$A$3:$A$5001,H$3,Base!$B$3:$B$5001,$A$41,Base!$L$3:$L$5001,"<>")=0,"",SUMIFS(Base!$L$3:$L$5001,Base!$A$3:$A$5001,H$3,Base!$B$3:$B$5001,$A$41))) | I45: =IF(I$3="","",IF(COUNTIFS(Base!$A$3:$A$5001,I$3,Base!$B$3:$B$5001,$A$41,Base!$L$3:$L$5001,"<>")=0,"",SUMIFS(Base!$L$3:$L$5001,Base!$A$3:$A$5001,I$3,Base!$B$3:$B$5001,$A$41))) | J45: =IF(J$3="","",IF(COUNTIFS(Base!$A$3:$A$5001,J$3,Base!$B$3:$B$5001,$A$41,Base!$L$3:$L$5001,"<>")=0,"",SUMIFS(Base!$L$3:$L$5001,Base!$A$3:$A$5001,J$3,Base!$B$3:$B$5001,$A$41))) | K45: =IF(K$3="","",IF(COUNTIFS(Base!$A$3:$A$5001,K$3,Base!$B$3:$B$5001,$A$41,Base!$L$3:$L$5001,"<>")=0,"",SUMIFS(Base!$L$3:$L$5001,Base!$A$3:$A$5001,K$3,Base!$B$3:$B$5001,$A$41))) | L45: =IF(L$3="","",IF(COUNTIFS(Base!$A$3:$A$5001,L$3,Base!$B$3:$B$5001,$A$41,Base!$L$3:$L$5001,"<>")=0,"",SUMIFS(Base!$L$3:$L$5001,Base!$A$3:$A$5001,L$3,Base!$B$3:$B$5001,$A$41))) | M45: =IF(M$3="","",IF(COUNTIFS(Base!$A$3:$A$5001,M$3,Base!$B$3:$B$5001,$A$41,Base!$L$3:$L$5001,"<>")=0,"",SUMIFS(Base!$L$3:$L$5001,Base!$A$3:$A$5001,M$3,Base!$B$3:$B$5001,$A$41))) | ... AJ45: =IF(AJ$3="","",IF(COUNTIFS(Base!$A$3:$A$5001,AJ$3,Base!$B$3:$B$5001,$A$41,Base!$L$3:$L$5001,"<>")=0,"",SUMIFS(Base!$L$3:$L$5001,Base!$A$3:$A$5001,AJ$3,Base!$B$3:$B$5001,$A$41))) | AK45: =IF(COUNT(F45:AJ45)=0,"",SUM(F45:AJ45))
C46: Pedidos Faturados | D46: =IFERROR(1/(1/INDEX(calculos!$C$55:$K$83,MATCH("OUT Pedidos Faturados",calculos!$A$55:$A$83,0),MATCH($A$41,calculos!$C$54:$K$54,0))),"") | F46: =IF(F$3="","",IF(COUNTIFS(Base!$A$3:$A$5001,F$3,Base!$B$3:$B$5001,$A$41,Base!$Q$3:$Q$5001,"<>")=0,"",SUMIFS(Base!$Q$3:$Q$5001,Base!$A$3:$A$5001,F$3,Base!$B$3:$B$5001,$A$41))) | G46: =IF(G$3="","",IF(COUNTIFS(Base!$A$3:$A$5001,G$3,Base!$B$3:$B$5001,$A$41,Base!$Q$3:$Q$5001,"<>")=0,"",SUMIFS(Base!$Q$3:$Q$5001,Base!$A$3:$A$5001,G$3,Base!$B$3:$B$5001,$A$41))) | H46: =IF(H$3="","",IF(COUNTIFS(Base!$A$3:$A$5001,H$3,Base!$B$3:$B$5001,$A$41,Base!$Q$3:$Q$5001,"<>")=0,"",SUMIFS(Base!$Q$3:$Q$5001,Base!$A$3:$A$5001,H$3,Base!$B$3:$B$5001,$A$41))) | I46: =IF(I$3="","",IF(COUNTIFS(Base!$A$3:$A$5001,I$3,Base!$B$3:$B$5001,$A$41,Base!$Q$3:$Q$5001,"<>")=0,"",SUMIFS(Base!$Q$3:$Q$5001,Base!$A$3:$A$5001,I$3,Base!$B$3:$B$5001,$A$41))) | J46: =IF(J$3="","",IF(COUNTIFS(Base!$A$3:$A$5001,J$3,Base!$B$3:$B$5001,$A$41,Base!$Q$3:$Q$5001,"<>")=0,"",SUMIFS(Base!$Q$3:$Q$5001,Base!$A$3:$A$5001,J$3,Base!$B$3:$B$5001,$A$41))) | K46: =IF(K$3="","",IF(COUNTIFS(Base!$A$3:$A$5001,K$3,Base!$B$3:$B$5001,$A$41,Base!$Q$3:$Q$5001,"<>")=0,"",SUMIFS(Base!$Q$3:$Q$5001,Base!$A$3:$A$5001,K$3,Base!$B$3:$B$5001,$A$41))) | L46: =IF(L$3="","",IF(COUNTIFS(Base!$A$3:$A$5001,L$3,Base!$B$3:$B$5001,$A$41,Base!$Q$3:$Q$5001,"<>")=0,"",SUMIFS(Base!$Q$3:$Q$5001,Base!$A$3:$A$5001,L$3,Base!$B$3:$B$5001,$A$41))) | M46: =IF(M$3="","",IF(COUNTIFS(Base!$A$3:$A$5001,M$3,Base!$B$3:$B$5001,$A$41,Base!$Q$3:$Q$5001,"<>")=0,"",SUMIFS(Base!$Q$3:$Q$5001,Base!$A$3:$A$5001,M$3,Base!$B$3:$B$5001,$A$41))) | ... AJ46: =IF(AJ$3="","",IF(COUNTIFS(Base!$A$3:$A$5001,AJ$3,Base!$B$3:$B$5001,$A$41,Base!$Q$3:$Q$5001,"<>")=0,"",SUMIFS(Base!$Q$3:$Q$5001,Base!$A$3:$A$5001,AJ$3,Base!$B$3:$B$5001,$A$41))) | AK46: =IF(COUNT(F46:AJ46)=0,"",SUM(F46:AJ46))
C47: Itens Expedidos | D47: =IFERROR(1/(1/INDEX(calculos!$C$55:$K$83,MATCH("OUT Itens Expedidos",calculos!$A$55:$A$83,0),MATCH($A$41,calculos!$C$54:$K$54,0))),"") | F47: =IF(F$3="","",IF(COUNTIFS(Base!$A$3:$A$5001,F$3,Base!$B$3:$B$5001,$A$41,Base!$R$3:$R$5001,"<>")=0,"",SUMIFS(Base!$R$3:$R$5001,Base!$A$3:$A$5001,F$3,Base!$B$3:$B$5001,$A$41))) | G47: =IF(G$3="","",IF(COUNTIFS(Base!$A$3:$A$5001,G$3,Base!$B$3:$B$5001,$A$41,Base!$R$3:$R$5001,"<>")=0,"",SUMIFS(Base!$R$3:$R$5001,Base!$A$3:$A$5001,G$3,Base!$B$3:$B$5001,$A$41))) | H47: =IF(H$3="","",IF(COUNTIFS(Base!$A$3:$A$5001,H$3,Base!$B$3:$B$5001,$A$41,Base!$R$3:$R$5001,"<>")=0,"",SUMIFS(Base!$R$3:$R$5001,Base!$A$3:$A$5001,H$3,Base!$B$3:$B$5001,$A$41))) | I47: =IF(I$3="","",IF(COUNTIFS(Base!$A$3:$A$5001,I$3,Base!$B$3:$B$5001,$A$41,Base!$R$3:$R$5001,"<>")=0,"",SUMIFS(Base!$R$3:$R$5001,Base!$A$3:$A$5001,I$3,Base!$B$3:$B$5001,$A$41))) | J47: =IF(J$3="","",IF(COUNTIFS(Base!$A$3:$A$5001,J$3,Base!$B$3:$B$5001,$A$41,Base!$R$3:$R$5001,"<>")=0,"",SUMIFS(Base!$R$3:$R$5001,Base!$A$3:$A$5001,J$3,Base!$B$3:$B$5001,$A$41))) | K47: =IF(K$3="","",IF(COUNTIFS(Base!$A$3:$A$5001,K$3,Base!$B$3:$B$5001,$A$41,Base!$R$3:$R$5001,"<>")=0,"",SUMIFS(Base!$R$3:$R$5001,Base!$A$3:$A$5001,K$3,Base!$B$3:$B$5001,$A$41))) | L47: =IF(L$3="","",IF(COUNTIFS(Base!$A$3:$A$5001,L$3,Base!$B$3:$B$5001,$A$41,Base!$R$3:$R$5001,"<>")=0,"",SUMIFS(Base!$R$3:$R$5001,Base!$A$3:$A$5001,L$3,Base!$B$3:$B$5001,$A$41))) | M47: =IF(M$3="","",IF(COUNTIFS(Base!$A$3:$A$5001,M$3,Base!$B$3:$B$5001,$A$41,Base!$R$3:$R$5001,"<>")=0,"",SUMIFS(Base!$R$3:$R$5001,Base!$A$3:$A$5001,M$3,Base!$B$3:$B$5001,$A$41))) | ... AJ47: =IF(AJ$3="","",IF(COUNTIFS(Base!$A$3:$A$5001,AJ$3,Base!$B$3:$B$5001,$A$41,Base!$R$3:$R$5001,"<>")=0,"",SUMIFS(Base!$R$3:$R$5001,Base!$A$3:$A$5001,AJ$3,Base!$B$3:$B$5001,$A$41))) | AK47: =IF(COUNT(F47:AJ47)=0,"",SUM(F47:AJ47))
C48: Pallets Movimentados | D48: =IFERROR(1/(1/INDEX(calculos!$C$55:$K$83,MATCH("OUT Pallets Movimentados",calculos!$A$55:$A$83,0),MATCH($A$41,calculos!$C$54:$K$54,0))),"") | F48: =IF(F$3="","",IF(COUNTIFS(Base!$A$3:$A$5001,F$3,Base!$B$3:$B$5001,$A$41,Base!$M$3:$M$5001,"<>")=0,"",SUMIFS(Base!$M$3:$M$5001,Base!$A$3:$A$5001,F$3,Base!$B$3:$B$5001,$A$41))) | G48: =IF(G$3="","",IF(COUNTIFS(Base!$A$3:$A$5001,G$3,Base!$B$3:$B$5001,$A$41,Base!$M$3:$M$5001,"<>")=0,"",SUMIFS(Base!$M$3:$M$5001,Base!$A$3:$A$5001,G$3,Base!$B$3:$B$5001,$A$41))) | H48: =IF(H$3="","",IF(COUNTIFS(Base!$A$3:$A$5001,H$3,Base!$B$3:$B$5001,$A$41,Base!$M$3:$M$5001,"<>")=0,"",SUMIFS(Base!$M$3:$M$5001,Base!$A$3:$A$5001,H$3,Base!$B$3:$B$5001,$A$41))) | I48: =IF(I$3="","",IF(COUNTIFS(Base!$A$3:$A$5001,I$3,Base!$B$3:$B$5001,$A$41,Base!$M$3:$M$5001,"<>")=0,"",SUMIFS(Base!$M$3:$M$5001,Base!$A$3:$A$5001,I$3,Base!$B$3:$B$5001,$A$41))) | J48: =IF(J$3="","",IF(COUNTIFS(Base!$A$3:$A$5001,J$3,Base!$B$3:$B$5001,$A$41,Base!$M$3:$M$5001,"<>")=0,"",SUMIFS(Base!$M$3:$M$5001,Base!$A$3:$A$5001,J$3,Base!$B$3:$B$5001,$A$41))) | K48: =IF(K$3="","",IF(COUNTIFS(Base!$A$3:$A$5001,K$3,Base!$B$3:$B$5001,$A$41,Base!$M$3:$M$5001,"<>")=0,"",SUMIFS(Base!$M$3:$M$5001,Base!$A$3:$A$5001,K$3,Base!$B$3:$B$5001,$A$41))) | L48: =IF(L$3="","",IF(COUNTIFS(Base!$A$3:$A$5001,L$3,Base!$B$3:$B$5001,$A$41,Base!$M$3:$M$5001,"<>")=0,"",SUMIFS(Base!$M$3:$M$5001,Base!$A$3:$A$5001,L$3,Base!$B$3:$B$5001,$A$41))) | M48: =IF(M$3="","",IF(COUNTIFS(Base!$A$3:$A$5001,M$3,Base!$B$3:$B$5001,$A$41,Base!$M$3:$M$5001,"<>")=0,"",SUMIFS(Base!$M$3:$M$5001,Base!$A$3:$A$5001,M$3,Base!$B$3:$B$5001,$A$41))) | ... AJ48: =IF(AJ$3="","",IF(COUNTIFS(Base!$A$3:$A$5001,AJ$3,Base!$B$3:$B$5001,$A$41,Base!$M$3:$M$5001,"<>")=0,"",SUMIFS(Base!$M$3:$M$5001,Base!$A$3:$A$5001,AJ$3,Base!$B$3:$B$5001,$A$41))) | AK48: =IF(COUNT(F48:AJ48)=0,"",SUM(F48:AJ48))
B49: NC | C49: Incidentes | D49: =IFERROR(1/(1/INDEX(calculos!$C$55:$K$83,MATCH("NC Incidentes",calculos!$A$55:$A$83,0),MATCH($A$41,calculos!$C$54:$K$54,0))),"") | F49: =IF(F$3="","",IF(COUNTIFS(Base!$A$3:$A$5001,F$3,Base!$B$3:$B$5001,$A$41,Base!$U$3:$U$5001,"<>")=0,"",SUMIFS(Base!$U$3:$U$5001,Base!$A$3:$A$5001,F$3,Base!$B$3:$B$5001,$A$41))) | G49: =IF(G$3="","",IF(COUNTIFS(Base!$A$3:$A$5001,G$3,Base!$B$3:$B$5001,$A$41,Base!$U$3:$U$5001,"<>")=0,"",SUMIFS(Base!$U$3:$U$5001,Base!$A$3:$A$5001,G$3,Base!$B$3:$B$5001,$A$41))) | H49: =IF(H$3="","",IF(COUNTIFS(Base!$A$3:$A$5001,H$3,Base!$B$3:$B$5001,$A$41,Base!$U$3:$U$5001,"<>")=0,"",SUMIFS(Base!$U$3:$U$5001,Base!$A$3:$A$5001,H$3,Base!$B$3:$B$5001,$A$41))) | I49: =IF(I$3="","",IF(COUNTIFS(Base!$A$3:$A$5001,I$3,Base!$B$3:$B$5001,$A$41,Base!$U$3:$U$5001,"<>")=0,"",SUMIFS(Base!$U$3:$U$5001,Base!$A$3:$A$5001,I$3,Base!$B$3:$B$5001,$A$41))) | J49: =IF(J$3="","",IF(COUNTIFS(Base!$A$3:$A$5001,J$3,Base!$B$3:$B$5001,$A$41,Base!$U$3:$U$5001,"<>")=0,"",SUMIFS(Base!$U$3:$U$5001,Base!$A$3:$A$5001,J$3,Base!$B$3:$B$5001,$A$41))) | K49: =IF(K$3="","",IF(COUNTIFS(Base!$A$3:$A$5001,K$3,Base!$B$3:$B$5001,$A$41,Base!$U$3:$U$5001,"<>")=0,"",SUMIFS(Base!$U$3:$U$5001,Base!$A$3:$A$5001,K$3,Base!$B$3:$B$5001,$A$41))) | L49: =IF(L$3="","",IF(COUNTIFS(Base!$A$3:$A$5001,L$3,Base!$B$3:$B$5001,$A$41,Base!$U$3:$U$5001,"<>")=0,"",SUMIFS(Base!$U$3:$U$5001,Base!$A$3:$A$5001,L$3,Base!$B$3:$B$5001,$A$41))) | M49: =IF(M$3="","",IF(COUNTIFS(Base!$A$3:$A$5001,M$3,Base!$B$3:$B$5001,$A$41,Base!$U$3:$U$5001,"<>")=0,"",SUMIFS(Base!$U$3:$U$5001,Base!$A$3:$A$5001,M$3,Base!$B$3:$B$5001,$A$41))) | ... AJ49: =IF(AJ$3="","",IF(COUNTIFS(Base!$A$3:$A$5001,AJ$3,Base!$B$3:$B$5001,$A$41,Base!$U$3:$U$5001,"<>")=0,"",SUMIFS(Base!$U$3:$U$5001,Base!$A$3:$A$5001,AJ$3,Base!$B$3:$B$5001,$A$41))) | AK49: =IF(COUNT(F49:AJ49)=0,"",SUM(F49:AJ49))
C50: No show | D50: =IFERROR(1/(1/INDEX(calculos!$C$55:$K$83,MATCH("NC No show",calculos!$A$55:$A$83,0),MATCH($A$41,calculos!$C$54:$K$54,0))),"") | F50: =IF(F$3="","",IF(COUNTIFS(Base!$A$3:$A$5001,F$3,Base!$B$3:$B$5001,$A$41,Base!$V$3:$V$5001,"<>")=0,"",SUMIFS(Base!$V$3:$V$5001,Base!$A$3:$A$5001,F$3,Base!$B$3:$B$5001,$A$41))) | G50: =IF(G$3="","",IF(COUNTIFS(Base!$A$3:$A$5001,G$3,Base!$B$3:$B$5001,$A$41,Base!$V$3:$V$5001,"<>")=0,"",SUMIFS(Base!$V$3:$V$5001,Base!$A$3:$A$5001,G$3,Base!$B$3:$B$5001,$A$41))) | H50: =IF(H$3="","",IF(COUNTIFS(Base!$A$3:$A$5001,H$3,Base!$B$3:$B$5001,$A$41,Base!$V$3:$V$5001,"<>")=0,"",SUMIFS(Base!$V$3:$V$5001,Base!$A$3:$A$5001,H$3,Base!$B$3:$B$5001,$A$41))) | I50: =IF(I$3="","",IF(COUNTIFS(Base!$A$3:$A$5001,I$3,Base!$B$3:$B$5001,$A$41,Base!$V$3:$V$5001,"<>")=0,"",SUMIFS(Base!$V$3:$V$5001,Base!$A$3:$A$5001,I$3,Base!$B$3:$B$5001,$A$41))) | J50: =IF(J$3="","",IF(COUNTIFS(Base!$A$3:$A$5001,J$3,Base!$B$3:$B$5001,$A$41,Base!$V$3:$V$5001,"<>")=0,"",SUMIFS(Base!$V$3:$V$5001,Base!$A$3:$A$5001,J$3,Base!$B$3:$B$5001,$A$41))) | K50: =IF(K$3="","",IF(COUNTIFS(Base!$A$3:$A$5001,K$3,Base!$B$3:$B$5001,$A$41,Base!$V$3:$V$5001,"<>")=0,"",SUMIFS(Base!$V$3:$V$5001,Base!$A$3:$A$5001,K$3,Base!$B$3:$B$5001,$A$41))) | L50: =IF(L$3="","",IF(COUNTIFS(Base!$A$3:$A$5001,L$3,Base!$B$3:$B$5001,$A$41,Base!$V$3:$V$5001,"<>")=0,"",SUMIFS(Base!$V$3:$V$5001,Base!$A$3:$A$5001,L$3,Base!$B$3:$B$5001,$A$41))) | M50: =IF(M$3="","",IF(COUNTIFS(Base!$A$3:$A$5001,M$3,Base!$B$3:$B$5001,$A$41,Base!$V$3:$V$5001,"<>")=0,"",SUMIFS(Base!$V$3:$V$5001,Base!$A$3:$A$5001,M$3,Base!$B$3:$B$5001,$A$41))) | ... AJ50: =IF(AJ$3="","",IF(COUNTIFS(Base!$A$3:$A$5001,AJ$3,Base!$B$3:$B$5001,$A$41,Base!$V$3:$V$5001,"<>")=0,"",SUMIFS(Base!$V$3:$V$5001,Base!$A$3:$A$5001,AJ$3,Base!$B$3:$B$5001,$A$41))) | AK50: =IF(COUNT(F50:AJ50)=0,"",SUM(F50:AJ50))
C51: Backlog | D51: =IFERROR(1/(1/INDEX(calculos!$C$55:$K$83,MATCH("NC Backlog",calculos!$A$55:$A$83,0),MATCH($A$41,calculos!$C$54:$K$54,0))),"") | F51: =IF(F$3="","",IF(COUNTIFS(Base!$A$3:$A$5001,F$3,Base!$B$3:$B$5001,$A$41,Base!$W$3:$W$5001,"<>")=0,"",SUMIFS(Base!$W$3:$W$5001,Base!$A$3:$A$5001,F$3,Base!$B$3:$B$5001,$A$41))) | G51: =IF(G$3="","",IF(COUNTIFS(Base!$A$3:$A$5001,G$3,Base!$B$3:$B$5001,$A$41,Base!$W$3:$W$5001,"<>")=0,"",SUMIFS(Base!$W$3:$W$5001,Base!$A$3:$A$5001,G$3,Base!$B$3:$B$5001,$A$41))) | H51: =IF(H$3="","",IF(COUNTIFS(Base!$A$3:$A$5001,H$3,Base!$B$3:$B$5001,$A$41,Base!$W$3:$W$5001,"<>")=0,"",SUMIFS(Base!$W$3:$W$5001,Base!$A$3:$A$5001,H$3,Base!$B$3:$B$5001,$A$41))) | I51: =IF(I$3="","",IF(COUNTIFS(Base!$A$3:$A$5001,I$3,Base!$B$3:$B$5001,$A$41,Base!$W$3:$W$5001,"<>")=0,"",SUMIFS(Base!$W$3:$W$5001,Base!$A$3:$A$5001,I$3,Base!$B$3:$B$5001,$A$41))) | J51: =IF(J$3="","",IF(COUNTIFS(Base!$A$3:$A$5001,J$3,Base!$B$3:$B$5001,$A$41,Base!$W$3:$W$5001,"<>")=0,"",SUMIFS(Base!$W$3:$W$5001,Base!$A$3:$A$5001,J$3,Base!$B$3:$B$5001,$A$41))) | K51: =IF(K$3="","",IF(COUNTIFS(Base!$A$3:$A$5001,K$3,Base!$B$3:$B$5001,$A$41,Base!$W$3:$W$5001,"<>")=0,"",SUMIFS(Base!$W$3:$W$5001,Base!$A$3:$A$5001,K$3,Base!$B$3:$B$5001,$A$41))) | L51: =IF(L$3="","",IF(COUNTIFS(Base!$A$3:$A$5001,L$3,Base!$B$3:$B$5001,$A$41,Base!$W$3:$W$5001,"<>")=0,"",SUMIFS(Base!$W$3:$W$5001,Base!$A$3:$A$5001,L$3,Base!$B$3:$B$5001,$A$41))) | M51: =IF(M$3="","",IF(COUNTIFS(Base!$A$3:$A$5001,M$3,Base!$B$3:$B$5001,$A$41,Base!$W$3:$W$5001,"<>")=0,"",SUMIFS(Base!$W$3:$W$5001,Base!$A$3:$A$5001,M$3,Base!$B$3:$B$5001,$A$41))) | ... AJ51: =IF(AJ$3="","",IF(COUNTIFS(Base!$A$3:$A$5001,AJ$3,Base!$B$3:$B$5001,$A$41,Base!$W$3:$W$5001,"<>")=0,"",SUMIFS(Base!$W$3:$W$5001,Base!$A$3:$A$5001,AJ$3,Base!$B$3:$B$5001,$A$41))) | AK51: =IFERROR(LOOKUP(9.99E+307,F51:AJ51),"")
B52: OCUPAÇÃO (P.P) | C52: Posições Disponíveis | D52: =IFERROR(1/(1/INDEX(calculos!$C$55:$K$83,MATCH("Posições Disponíveis",calculos!$A$55:$A$83,0),MATCH($A$41,calculos!$C$54:$K$54,0))),"") | F52: =IF(F$3="","",IF(COUNTIFS(Base!$A$3:$A$5001,F$3,Base!$B$3:$B$5001,$A$41,Base!$X$3:$X$5001,"<>")=0,"",SUMIFS(Base!$X$3:$X$5001,Base!$A$3:$A$5001,F$3,Base!$B$3:$B$5001,$A$41))) | G52: =IF(G$3="","",IF(COUNTIFS(Base!$A$3:$A$5001,G$3,Base!$B$3:$B$5001,$A$41,Base!$X$3:$X$5001,"<>")=0,"",SUMIFS(Base!$X$3:$X$5001,Base!$A$3:$A$5001,G$3,Base!$B$3:$B$5001,$A$41))) | H52: =IF(H$3="","",IF(COUNTIFS(Base!$A$3:$A$5001,H$3,Base!$B$3:$B$5001,$A$41,Base!$X$3:$X$5001,"<>")=0,"",SUMIFS(Base!$X$3:$X$5001,Base!$A$3:$A$5001,H$3,Base!$B$3:$B$5001,$A$41))) | I52: =IF(I$3="","",IF(COUNTIFS(Base!$A$3:$A$5001,I$3,Base!$B$3:$B$5001,$A$41,Base!$X$3:$X$5001,"<>")=0,"",SUMIFS(Base!$X$3:$X$5001,Base!$A$3:$A$5001,I$3,Base!$B$3:$B$5001,$A$41))) | J52: =IF(J$3="","",IF(COUNTIFS(Base!$A$3:$A$5001,J$3,Base!$B$3:$B$5001,$A$41,Base!$X$3:$X$5001,"<>")=0,"",SUMIFS(Base!$X$3:$X$5001,Base!$A$3:$A$5001,J$3,Base!$B$3:$B$5001,$A$41))) | K52: =IF(K$3="","",IF(COUNTIFS(Base!$A$3:$A$5001,K$3,Base!$B$3:$B$5001,$A$41,Base!$X$3:$X$5001,"<>")=0,"",SUMIFS(Base!$X$3:$X$5001,Base!$A$3:$A$5001,K$3,Base!$B$3:$B$5001,$A$41))) | L52: =IF(L$3="","",IF(COUNTIFS(Base!$A$3:$A$5001,L$3,Base!$B$3:$B$5001,$A$41,Base!$X$3:$X$5001,"<>")=0,"",SUMIFS(Base!$X$3:$X$5001,Base!$A$3:$A$5001,L$3,Base!$B$3:$B$5001,$A$41))) | M52: =IF(M$3="","",IF(COUNTIFS(Base!$A$3:$A$5001,M$3,Base!$B$3:$B$5001,$A$41,Base!$X$3:$X$5001,"<>")=0,"",SUMIFS(Base!$X$3:$X$5001,Base!$A$3:$A$5001,M$3,Base!$B$3:$B$5001,$A$41))) | ... AJ52: =IF(AJ$3="","",IF(COUNTIFS(Base!$A$3:$A$5001,AJ$3,Base!$B$3:$B$5001,$A$41,Base!$X$3:$X$5001,"<>")=0,"",SUMIFS(Base!$X$3:$X$5001,Base!$A$3:$A$5001,AJ$3,Base!$B$3:$B$5001,$A$41))) | AK52: =IFERROR(LOOKUP(9.99E+307,F52:AJ52),"")
C53: Posições Ocupadas | D53: =IFERROR(1/(1/INDEX(calculos!$C$55:$K$83,MATCH("Posições Ocupadas",calculos!$A$55:$A$83,0),MATCH($A$41,calculos!$C$54:$K$54,0))),"") | F53: =IF(F$3="","",IF(COUNTIFS(Base!$A$3:$A$5001,F$3,Base!$B$3:$B$5001,$A$41,Base!$Y$3:$Y$5001,"<>")=0,"",SUMIFS(Base!$Y$3:$Y$5001,Base!$A$3:$A$5001,F$3,Base!$B$3:$B$5001,$A$41))) | G53: =IF(G$3="","",IF(COUNTIFS(Base!$A$3:$A$5001,G$3,Base!$B$3:$B$5001,$A$41,Base!$Y$3:$Y$5001,"<>")=0,"",SUMIFS(Base!$Y$3:$Y$5001,Base!$A$3:$A$5001,G$3,Base!$B$3:$B$5001,$A$41))) | H53: =IF(H$3="","",IF(COUNTIFS(Base!$A$3:$A$5001,H$3,Base!$B$3:$B$5001,$A$41,Base!$Y$3:$Y$5001,"<>")=0,"",SUMIFS(Base!$Y$3:$Y$5001,Base!$A$3:$A$5001,H$3,Base!$B$3:$B$5001,$A$41))) | I53: =IF(I$3="","",IF(COUNTIFS(Base!$A$3:$A$5001,I$3,Base!$B$3:$B$5001,$A$41,Base!$Y$3:$Y$5001,"<>")=0,"",SUMIFS(Base!$Y$3:$Y$5001,Base!$A$3:$A$5001,I$3,Base!$B$3:$B$5001,$A$41))) | J53: =IF(J$3="","",IF(COUNTIFS(Base!$A$3:$A$5001,J$3,Base!$B$3:$B$5001,$A$41,Base!$Y$3:$Y$5001,"<>")=0,"",SUMIFS(Base!$Y$3:$Y$5001,Base!$A$3:$A$5001,J$3,Base!$B$3:$B$5001,$A$41))) | K53: =IF(K$3="","",IF(COUNTIFS(Base!$A$3:$A$5001,K$3,Base!$B$3:$B$5001,$A$41,Base!$Y$3:$Y$5001,"<>")=0,"",SUMIFS(Base!$Y$3:$Y$5001,Base!$A$3:$A$5001,K$3,Base!$B$3:$B$5001,$A$41))) | L53: =IF(L$3="","",IF(COUNTIFS(Base!$A$3:$A$5001,L$3,Base!$B$3:$B$5001,$A$41,Base!$Y$3:$Y$5001,"<>")=0,"",SUMIFS(Base!$Y$3:$Y$5001,Base!$A$3:$A$5001,L$3,Base!$B$3:$B$5001,$A$41))) | M53: =IF(M$3="","",IF(COUNTIFS(Base!$A$3:$A$5001,M$3,Base!$B$3:$B$5001,$A$41,Base!$Y$3:$Y$5001,"<>")=0,"",SUMIFS(Base!$Y$3:$Y$5001,Base!$A$3:$A$5001,M$3,Base!$B$3:$B$5001,$A$41))) | ... AJ53: =IF(AJ$3="","",IF(COUNTIFS(Base!$A$3:$A$5001,AJ$3,Base!$B$3:$B$5001,$A$41,Base!$Y$3:$Y$5001,"<>")=0,"",SUMIFS(Base!$Y$3:$Y$5001,Base!$A$3:$A$5001,AJ$3,Base!$B$3:$B$5001,$A$41))) | AK53: =IFERROR(LOOKUP(9.99E+307,F53:AJ53),"")
C54: Taxa de Ocupação | D54: =IFERROR(1/(1/INDEX(calculos!$C$55:$K$83,MATCH("Taxa de Ocupação",calculos!$A$55:$A$83,0),MATCH($A$41,calculos!$C$54:$K$54,0))),"") | F54: =IF(AND(ISNUMBER(F52),ISNUMBER(F53)),IF(F52>0,F53/F52,""),"") | G54: =IF(AND(ISNUMBER(G52),ISNUMBER(G53)),IF(G52>0,G53/G52,""),"") | H54: =IF(AND(ISNUMBER(H52),ISNUMBER(H53)),IF(H52>0,H53/H52,""),"") | I54: =IF(AND(ISNUMBER(I52),ISNUMBER(I53)),IF(I52>0,I53/I52,""),"") | J54: =IF(AND(ISNUMBER(J52),ISNUMBER(J53)),IF(J52>0,J53/J52,""),"") | K54: =IF(AND(ISNUMBER(K52),ISNUMBER(K53)),IF(K52>0,K53/K52,""),"") | L54: =IF(AND(ISNUMBER(L52),ISNUMBER(L53)),IF(L52>0,L53/L52,""),"") | M54: =IF(AND(ISNUMBER(M52),ISNUMBER(M53)),IF(M52>0,M53/M52,""),"") | ... AK54: =IF(AND(ISNUMBER(AK52),ISNUMBER(AK53)),IF(AK52>0,AK53/AK52,""),"")
B55: GENTE | C55: Efetivo | D55: =IFERROR(1/(1/INDEX(calculos!$C$55:$K$83,MATCH("Efetivo",calculos!$A$55:$A$83,0),MATCH($A$41,calculos!$C$54:$K$54,0))),"") | F55: =IF(F$3="","",IF(COUNTIFS(Base!$A$3:$A$5001,F$3,Base!$B$3:$B$5001,$A$41,Base!$Z$3:$Z$5001,"<>")=0,"",SUMIFS(Base!$Z$3:$Z$5001,Base!$A$3:$A$5001,F$3,Base!$B$3:$B$5001,$A$41))) | G55: =IF(G$3="","",IF(COUNTIFS(Base!$A$3:$A$5001,G$3,Base!$B$3:$B$5001,$A$41,Base!$Z$3:$Z$5001,"<>")=0,"",SUMIFS(Base!$Z$3:$Z$5001,Base!$A$3:$A$5001,G$3,Base!$B$3:$B$5001,$A$41))) | H55: =IF(H$3="","",IF(COUNTIFS(Base!$A$3:$A$5001,H$3,Base!$B$3:$B$5001,$A$41,Base!$Z$3:$Z$5001,"<>")=0,"",SUMIFS(Base!$Z$3:$Z$5001,Base!$A$3:$A$5001,H$3,Base!$B$3:$B$5001,$A$41))) | I55: =IF(I$3="","",IF(COUNTIFS(Base!$A$3:$A$5001,I$3,Base!$B$3:$B$5001,$A$41,Base!$Z$3:$Z$5001,"<>")=0,"",SUMIFS(Base!$Z$3:$Z$5001,Base!$A$3:$A$5001,I$3,Base!$B$3:$B$5001,$A$41))) | J55: =IF(J$3="","",IF(COUNTIFS(Base!$A$3:$A$5001,J$3,Base!$B$3:$B$5001,$A$41,Base!$Z$3:$Z$5001,"<>")=0,"",SUMIFS(Base!$Z$3:$Z$5001,Base!$A$3:$A$5001,J$3,Base!$B$3:$B$5001,$A$41))) | K55: =IF(K$3="","",IF(COUNTIFS(Base!$A$3:$A$5001,K$3,Base!$B$3:$B$5001,$A$41,Base!$Z$3:$Z$5001,"<>")=0,"",SUMIFS(Base!$Z$3:$Z$5001,Base!$A$3:$A$5001,K$3,Base!$B$3:$B$5001,$A$41))) | L55: =IF(L$3="","",IF(COUNTIFS(Base!$A$3:$A$5001,L$3,Base!$B$3:$B$5001,$A$41,Base!$Z$3:$Z$5001,"<>")=0,"",SUMIFS(Base!$Z$3:$Z$5001,Base!$A$3:$A$5001,L$3,Base!$B$3:$B$5001,$A$41))) | M55: =IF(M$3="","",IF(COUNTIFS(Base!$A$3:$A$5001,M$3,Base!$B$3:$B$5001,$A$41,Base!$Z$3:$Z$5001,"<>")=0,"",SUMIFS(Base!$Z$3:$Z$5001,Base!$A$3:$A$5001,M$3,Base!$B$3:$B$5001,$A$41))) | ... AJ55: =IF(AJ$3="","",IF(COUNTIFS(Base!$A$3:$A$5001,AJ$3,Base!$B$3:$B$5001,$A$41,Base!$Z$3:$Z$5001,"<>")=0,"",SUMIFS(Base!$Z$3:$Z$5001,Base!$A$3:$A$5001,AJ$3,Base!$B$3:$B$5001,$A$41))) | AK55: =IFERROR(LOOKUP(9.99E+307,F55:AJ55),"")
C56: Falta | D56: =IFERROR(1/(1/INDEX(calculos!$C$55:$K$83,MATCH("Falta",calculos!$A$55:$A$83,0),MATCH($A$41,calculos!$C$54:$K$54,0))),"") | F56: =IF(F$3="","",IF(COUNTIFS(Base!$A$3:$A$5001,F$3,Base!$B$3:$B$5001,$A$41,Base!$AA$3:$AA$5001,"<>")=0,"",SUMIFS(Base!$AA$3:$AA$5001,Base!$A$3:$A$5001,F$3,Base!$B$3:$B$5001,$A$41))) | G56: =IF(G$3="","",IF(COUNTIFS(Base!$A$3:$A$5001,G$3,Base!$B$3:$B$5001,$A$41,Base!$AA$3:$AA$5001,"<>")=0,"",SUMIFS(Base!$AA$3:$AA$5001,Base!$A$3:$A$5001,G$3,Base!$B$3:$B$5001,$A$41))) | H56: =IF(H$3="","",IF(COUNTIFS(Base!$A$3:$A$5001,H$3,Base!$B$3:$B$5001,$A$41,Base!$AA$3:$AA$5001,"<>")=0,"",SUMIFS(Base!$AA$3:$AA$5001,Base!$A$3:$A$5001,H$3,Base!$B$3:$B$5001,$A$41))) | I56: =IF(I$3="","",IF(COUNTIFS(Base!$A$3:$A$5001,I$3,Base!$B$3:$B$5001,$A$41,Base!$AA$3:$AA$5001,"<>")=0,"",SUMIFS(Base!$AA$3:$AA$5001,Base!$A$3:$A$5001,I$3,Base!$B$3:$B$5001,$A$41))) | J56: =IF(J$3="","",IF(COUNTIFS(Base!$A$3:$A$5001,J$3,Base!$B$3:$B$5001,$A$41,Base!$AA$3:$AA$5001,"<>")=0,"",SUMIFS(Base!$AA$3:$AA$5001,Base!$A$3:$A$5001,J$3,Base!$B$3:$B$5001,$A$41))) | K56: =IF(K$3="","",IF(COUNTIFS(Base!$A$3:$A$5001,K$3,Base!$B$3:$B$5001,$A$41,Base!$AA$3:$AA$5001,"<>")=0,"",SUMIFS(Base!$AA$3:$AA$5001,Base!$A$3:$A$5001,K$3,Base!$B$3:$B$5001,$A$41))) | L56: =IF(L$3="","",IF(COUNTIFS(Base!$A$3:$A$5001,L$3,Base!$B$3:$B$5001,$A$41,Base!$AA$3:$AA$5001,"<>")=0,"",SUMIFS(Base!$AA$3:$AA$5001,Base!$A$3:$A$5001,L$3,Base!$B$3:$B$5001,$A$41))) | M56: =IF(M$3="","",IF(COUNTIFS(Base!$A$3:$A$5001,M$3,Base!$B$3:$B$5001,$A$41,Base!$AA$3:$AA$5001,"<>")=0,"",SUMIFS(Base!$AA$3:$AA$5001,Base!$A$3:$A$5001,M$3,Base!$B$3:$B$5001,$A$41))) | ... AJ56: =IF(AJ$3="","",IF(COUNTIFS(Base!$A$3:$A$5001,AJ$3,Base!$B$3:$B$5001,$A$41,Base!$AA$3:$AA$5001,"<>")=0,"",SUMIFS(Base!$AA$3:$AA$5001,Base!$A$3:$A$5001,AJ$3,Base!$B$3:$B$5001,$A$41))) | AK56: =IF(COUNT(F56:AJ56)=0,"",SUM(F56:AJ56))
C57: Folga | D57: =IFERROR(1/(1/INDEX(calculos!$C$55:$K$83,MATCH("Folga",calculos!$A$55:$A$83,0),MATCH($A$41,calculos!$C$54:$K$54,0))),"") | F57: =IF(F$3="","",IF(COUNTIFS(Base!$A$3:$A$5001,F$3,Base!$B$3:$B$5001,$A$41,Base!$AB$3:$AB$5001,"<>")=0,"",SUMIFS(Base!$AB$3:$AB$5001,Base!$A$3:$A$5001,F$3,Base!$B$3:$B$5001,$A$41))) | G57: =IF(G$3="","",IF(COUNTIFS(Base!$A$3:$A$5001,G$3,Base!$B$3:$B$5001,$A$41,Base!$AB$3:$AB$5001,"<>")=0,"",SUMIFS(Base!$AB$3:$AB$5001,Base!$A$3:$A$5001,G$3,Base!$B$3:$B$5001,$A$41))) | H57: =IF(H$3="","",IF(COUNTIFS(Base!$A$3:$A$5001,H$3,Base!$B$3:$B$5001,$A$41,Base!$AB$3:$AB$5001,"<>")=0,"",SUMIFS(Base!$AB$3:$AB$5001,Base!$A$3:$A$5001,H$3,Base!$B$3:$B$5001,$A$41))) | I57: =IF(I$3="","",IF(COUNTIFS(Base!$A$3:$A$5001,I$3,Base!$B$3:$B$5001,$A$41,Base!$AB$3:$AB$5001,"<>")=0,"",SUMIFS(Base!$AB$3:$AB$5001,Base!$A$3:$A$5001,I$3,Base!$B$3:$B$5001,$A$41))) | J57: =IF(J$3="","",IF(COUNTIFS(Base!$A$3:$A$5001,J$3,Base!$B$3:$B$5001,$A$41,Base!$AB$3:$AB$5001,"<>")=0,"",SUMIFS(Base!$AB$3:$AB$5001,Base!$A$3:$A$5001,J$3,Base!$B$3:$B$5001,$A$41))) | K57: =IF(K$3="","",IF(COUNTIFS(Base!$A$3:$A$5001,K$3,Base!$B$3:$B$5001,$A$41,Base!$AB$3:$AB$5001,"<>")=0,"",SUMIFS(Base!$AB$3:$AB$5001,Base!$A$3:$A$5001,K$3,Base!$B$3:$B$5001,$A$41))) | L57: =IF(L$3="","",IF(COUNTIFS(Base!$A$3:$A$5001,L$3,Base!$B$3:$B$5001,$A$41,Base!$AB$3:$AB$5001,"<>")=0,"",SUMIFS(Base!$AB$3:$AB$5001,Base!$A$3:$A$5001,L$3,Base!$B$3:$B$5001,$A$41))) | M57: =IF(M$3="","",IF(COUNTIFS(Base!$A$3:$A$5001,M$3,Base!$B$3:$B$5001,$A$41,Base!$AB$3:$AB$5001,"<>")=0,"",SUMIFS(Base!$AB$3:$AB$5001,Base!$A$3:$A$5001,M$3,Base!$B$3:$B$5001,$A$41))) | ... AJ57: =IF(AJ$3="","",IF(COUNTIFS(Base!$A$3:$A$5001,AJ$3,Base!$B$3:$B$5001,$A$41,Base!$AB$3:$AB$5001,"<>")=0,"",SUMIFS(Base!$AB$3:$AB$5001,Base!$A$3:$A$5001,AJ$3,Base!$B$3:$B$5001,$A$41))) | AK57: =IF(COUNT(F57:AJ57)=0,"",SUM(F57:AJ57))
C58: Férias | D58: =IFERROR(1/(1/INDEX(calculos!$C$55:$K$83,MATCH("Férias",calculos!$A$55:$A$83,0),MATCH($A$41,calculos!$C$54:$K$54,0))),"") | F58: =IF(F$3="","",IF(COUNTIFS(Base!$A$3:$A$5001,F$3,Base!$B$3:$B$5001,$A$41,Base!$AC$3:$AC$5001,"<>")=0,"",SUMIFS(Base!$AC$3:$AC$5001,Base!$A$3:$A$5001,F$3,Base!$B$3:$B$5001,$A$41))) | G58: =IF(G$3="","",IF(COUNTIFS(Base!$A$3:$A$5001,G$3,Base!$B$3:$B$5001,$A$41,Base!$AC$3:$AC$5001,"<>")=0,"",SUMIFS(Base!$AC$3:$AC$5001,Base!$A$3:$A$5001,G$3,Base!$B$3:$B$5001,$A$41))) | H58: =IF(H$3="","",IF(COUNTIFS(Base!$A$3:$A$5001,H$3,Base!$B$3:$B$5001,$A$41,Base!$AC$3:$AC$5001,"<>")=0,"",SUMIFS(Base!$AC$3:$AC$5001,Base!$A$3:$A$5001,H$3,Base!$B$3:$B$5001,$A$41))) | I58: =IF(I$3="","",IF(COUNTIFS(Base!$A$3:$A$5001,I$3,Base!$B$3:$B$5001,$A$41,Base!$AC$3:$AC$5001,"<>")=0,"",SUMIFS(Base!$AC$3:$AC$5001,Base!$A$3:$A$5001,I$3,Base!$B$3:$B$5001,$A$41))) | J58: =IF(J$3="","",IF(COUNTIFS(Base!$A$3:$A$5001,J$3,Base!$B$3:$B$5001,$A$41,Base!$AC$3:$AC$5001,"<>")=0,"",SUMIFS(Base!$AC$3:$AC$5001,Base!$A$3:$A$5001,J$3,Base!$B$3:$B$5001,$A$41))) | K58: =IF(K$3="","",IF(COUNTIFS(Base!$A$3:$A$5001,K$3,Base!$B$3:$B$5001,$A$41,Base!$AC$3:$AC$5001,"<>")=0,"",SUMIFS(Base!$AC$3:$AC$5001,Base!$A$3:$A$5001,K$3,Base!$B$3:$B$5001,$A$41))) | L58: =IF(L$3="","",IF(COUNTIFS(Base!$A$3:$A$5001,L$3,Base!$B$3:$B$5001,$A$41,Base!$AC$3:$AC$5001,"<>")=0,"",SUMIFS(Base!$AC$3:$AC$5001,Base!$A$3:$A$5001,L$3,Base!$B$3:$B$5001,$A$41))) | M58: =IF(M$3="","",IF(COUNTIFS(Base!$A$3:$A$5001,M$3,Base!$B$3:$B$5001,$A$41,Base!$AC$3:$AC$5001,"<>")=0,"",SUMIFS(Base!$AC$3:$AC$5001,Base!$A$3:$A$5001,M$3,Base!$B$3:$B$5001,$A$41))) | ... AJ58: =IF(AJ$3="","",IF(COUNTIFS(Base!$A$3:$A$5001,AJ$3,Base!$B$3:$B$5001,$A$41,Base!$AC$3:$AC$5001,"<>")=0,"",SUMIFS(Base!$AC$3:$AC$5001,Base!$A$3:$A$5001,AJ$3,Base!$B$3:$B$5001,$A$41))) | AK58: =IF(COUNT(F58:AJ58)=0,"",SUM(F58:AJ58))
C59: Desligamentos | D59: =IFERROR(1/(1/INDEX(calculos!$C$55:$K$83,MATCH("Desligamentos",calculos!$A$55:$A$83,0),MATCH($A$41,calculos!$C$54:$K$54,0))),"") | F59: =IF(F$3="","",IF(COUNTIFS(Base!$A$3:$A$5001,F$3,Base!$B$3:$B$5001,$A$41,Base!$AD$3:$AD$5001,"<>")=0,"",SUMIFS(Base!$AD$3:$AD$5001,Base!$A$3:$A$5001,F$3,Base!$B$3:$B$5001,$A$41))) | G59: =IF(G$3="","",IF(COUNTIFS(Base!$A$3:$A$5001,G$3,Base!$B$3:$B$5001,$A$41,Base!$AD$3:$AD$5001,"<>")=0,"",SUMIFS(Base!$AD$3:$AD$5001,Base!$A$3:$A$5001,G$3,Base!$B$3:$B$5001,$A$41))) | H59: =IF(H$3="","",IF(COUNTIFS(Base!$A$3:$A$5001,H$3,Base!$B$3:$B$5001,$A$41,Base!$AD$3:$AD$5001,"<>")=0,"",SUMIFS(Base!$AD$3:$AD$5001,Base!$A$3:$A$5001,H$3,Base!$B$3:$B$5001,$A$41))) | I59: =IF(I$3="","",IF(COUNTIFS(Base!$A$3:$A$5001,I$3,Base!$B$3:$B$5001,$A$41,Base!$AD$3:$AD$5001,"<>")=0,"",SUMIFS(Base!$AD$3:$AD$5001,Base!$A$3:$A$5001,I$3,Base!$B$3:$B$5001,$A$41))) | J59: =IF(J$3="","",IF(COUNTIFS(Base!$A$3:$A$5001,J$3,Base!$B$3:$B$5001,$A$41,Base!$AD$3:$AD$5001,"<>")=0,"",SUMIFS(Base!$AD$3:$AD$5001,Base!$A$3:$A$5001,J$3,Base!$B$3:$B$5001,$A$41))) | K59: =IF(K$3="","",IF(COUNTIFS(Base!$A$3:$A$5001,K$3,Base!$B$3:$B$5001,$A$41,Base!$AD$3:$AD$5001,"<>")=0,"",SUMIFS(Base!$AD$3:$AD$5001,Base!$A$3:$A$5001,K$3,Base!$B$3:$B$5001,$A$41))) | L59: =IF(L$3="","",IF(COUNTIFS(Base!$A$3:$A$5001,L$3,Base!$B$3:$B$5001,$A$41,Base!$AD$3:$AD$5001,"<>")=0,"",SUMIFS(Base!$AD$3:$AD$5001,Base!$A$3:$A$5001,L$3,Base!$B$3:$B$5001,$A$41))) | M59: =IF(M$3="","",IF(COUNTIFS(Base!$A$3:$A$5001,M$3,Base!$B$3:$B$5001,$A$41,Base!$AD$3:$AD$5001,"<>")=0,"",SUMIFS(Base!$AD$3:$AD$5001,Base!$A$3:$A$5001,M$3,Base!$B$3:$B$5001,$A$41))) | ... AJ59: =IF(AJ$3="","",IF(COUNTIFS(Base!$A$3:$A$5001,AJ$3,Base!$B$3:$B$5001,$A$41,Base!$AD$3:$AD$5001,"<>")=0,"",SUMIFS(Base!$AD$3:$AD$5001,Base!$A$3:$A$5001,AJ$3,Base!$B$3:$B$5001,$A$41))) | AK59: =IF(COUNT(F59:AJ59)=0,"",SUM(F59:AJ59))
A61: SUPPLY | B61: IN | C61: Veículos Recebidos | D61: =IFERROR(1/(1/INDEX(calculos!$C$55:$K$83,MATCH("IN Veículos Recebidos",calculos!$A$55:$A$83,0),MATCH($A$61,calculos!$C$54:$K$54,0))),"") | F61: =IF(F$3="","",IF(COUNTIFS(Base!$A$3:$A$5001,F$3,Base!$B$3:$B$5001,$A$61,Base!$C$3:$C$5001,"<>")=0,"",SUMIFS(Base!$C$3:$C$5001,Base!$A$3:$A$5001,F$3,Base!$B$3:$B$5001,$A$61))) | G61: =IF(G$3="","",IF(COUNTIFS(Base!$A$3:$A$5001,G$3,Base!$B$3:$B$5001,$A$61,Base!$C$3:$C$5001,"<>")=0,"",SUMIFS(Base!$C$3:$C$5001,Base!$A$3:$A$5001,G$3,Base!$B$3:$B$5001,$A$61))) | H61: =IF(H$3="","",IF(COUNTIFS(Base!$A$3:$A$5001,H$3,Base!$B$3:$B$5001,$A$61,Base!$C$3:$C$5001,"<>")=0,"",SUMIFS(Base!$C$3:$C$5001,Base!$A$3:$A$5001,H$3,Base!$B$3:$B$5001,$A$61))) | I61: =IF(I$3="","",IF(COUNTIFS(Base!$A$3:$A$5001,I$3,Base!$B$3:$B$5001,$A$61,Base!$C$3:$C$5001,"<>")=0,"",SUMIFS(Base!$C$3:$C$5001,Base!$A$3:$A$5001,I$3,Base!$B$3:$B$5001,$A$61))) | J61: =IF(J$3="","",IF(COUNTIFS(Base!$A$3:$A$5001,J$3,Base!$B$3:$B$5001,$A$61,Base!$C$3:$C$5001,"<>")=0,"",SUMIFS(Base!$C$3:$C$5001,Base!$A$3:$A$5001,J$3,Base!$B$3:$B$5001,$A$61))) | K61: =IF(K$3="","",IF(COUNTIFS(Base!$A$3:$A$5001,K$3,Base!$B$3:$B$5001,$A$61,Base!$C$3:$C$5001,"<>")=0,"",SUMIFS(Base!$C$3:$C$5001,Base!$A$3:$A$5001,K$3,Base!$B$3:$B$5001,$A$61))) | L61: =IF(L$3="","",IF(COUNTIFS(Base!$A$3:$A$5001,L$3,Base!$B$3:$B$5001,$A$61,Base!$C$3:$C$5001,"<>")=0,"",SUMIFS(Base!$C$3:$C$5001,Base!$A$3:$A$5001,L$3,Base!$B$3:$B$5001,$A$61))) | M61: =IF(M$3="","",IF(COUNTIFS(Base!$A$3:$A$5001,M$3,Base!$B$3:$B$5001,$A$61,Base!$C$3:$C$5001,"<>")=0,"",SUMIFS(Base!$C$3:$C$5001,Base!$A$3:$A$5001,M$3,Base!$B$3:$B$5001,$A$61))) | ... AJ61: =IF(AJ$3="","",IF(COUNTIFS(Base!$A$3:$A$5001,AJ$3,Base!$B$3:$B$5001,$A$61,Base!$C$3:$C$5001,"<>")=0,"",SUMIFS(Base!$C$3:$C$5001,Base!$A$3:$A$5001,AJ$3,Base!$B$3:$B$5001,$A$61))) | AK61: =IF(COUNT(F61:AJ61)=0,"",SUM(F61:AJ61))
C62: Pallets Movimentados | D62: =IFERROR(1/(1/INDEX(calculos!$C$55:$K$83,MATCH("IN Pallets Movimentados",calculos!$A$55:$A$83,0),MATCH($A$61,calculos!$C$54:$K$54,0))),"") | F62: =IF(F$3="","",IF(COUNTIFS(Base!$A$3:$A$5001,F$3,Base!$B$3:$B$5001,$A$61,Base!$D$3:$D$5001,"<>")=0,"",SUMIFS(Base!$D$3:$D$5001,Base!$A$3:$A$5001,F$3,Base!$B$3:$B$5001,$A$61))) | G62: =IF(G$3="","",IF(COUNTIFS(Base!$A$3:$A$5001,G$3,Base!$B$3:$B$5001,$A$61,Base!$D$3:$D$5001,"<>")=0,"",SUMIFS(Base!$D$3:$D$5001,Base!$A$3:$A$5001,G$3,Base!$B$3:$B$5001,$A$61))) | H62: =IF(H$3="","",IF(COUNTIFS(Base!$A$3:$A$5001,H$3,Base!$B$3:$B$5001,$A$61,Base!$D$3:$D$5001,"<>")=0,"",SUMIFS(Base!$D$3:$D$5001,Base!$A$3:$A$5001,H$3,Base!$B$3:$B$5001,$A$61))) | I62: =IF(I$3="","",IF(COUNTIFS(Base!$A$3:$A$5001,I$3,Base!$B$3:$B$5001,$A$61,Base!$D$3:$D$5001,"<>")=0,"",SUMIFS(Base!$D$3:$D$5001,Base!$A$3:$A$5001,I$3,Base!$B$3:$B$5001,$A$61))) | J62: =IF(J$3="","",IF(COUNTIFS(Base!$A$3:$A$5001,J$3,Base!$B$3:$B$5001,$A$61,Base!$D$3:$D$5001,"<>")=0,"",SUMIFS(Base!$D$3:$D$5001,Base!$A$3:$A$5001,J$3,Base!$B$3:$B$5001,$A$61))) | K62: =IF(K$3="","",IF(COUNTIFS(Base!$A$3:$A$5001,K$3,Base!$B$3:$B$5001,$A$61,Base!$D$3:$D$5001,"<>")=0,"",SUMIFS(Base!$D$3:$D$5001,Base!$A$3:$A$5001,K$3,Base!$B$3:$B$5001,$A$61))) | L62: =IF(L$3="","",IF(COUNTIFS(Base!$A$3:$A$5001,L$3,Base!$B$3:$B$5001,$A$61,Base!$D$3:$D$5001,"<>")=0,"",SUMIFS(Base!$D$3:$D$5001,Base!$A$3:$A$5001,L$3,Base!$B$3:$B$5001,$A$61))) | M62: =IF(M$3="","",IF(COUNTIFS(Base!$A$3:$A$5001,M$3,Base!$B$3:$B$5001,$A$61,Base!$D$3:$D$5001,"<>")=0,"",SUMIFS(Base!$D$3:$D$5001,Base!$A$3:$A$5001,M$3,Base!$B$3:$B$5001,$A$61))) | ... AJ62: =IF(AJ$3="","",IF(COUNTIFS(Base!$A$3:$A$5001,AJ$3,Base!$B$3:$B$5001,$A$61,Base!$D$3:$D$5001,"<>")=0,"",SUMIFS(Base!$D$3:$D$5001,Base!$A$3:$A$5001,AJ$3,Base!$B$3:$B$5001,$A$61))) | AK62: =IF(COUNT(F62:AJ62)=0,"",SUM(F62:AJ62))
C63: Toneladas Movimentadas | D63: =IFERROR(1/(1/INDEX(calculos!$C$55:$K$83,MATCH("IN Toneladas Movimentadas",calculos!$A$55:$A$83,0),MATCH($A$61,calculos!$C$54:$K$54,0))),"") | F63: =IF(F$3="","",IF(COUNTIFS(Base!$A$3:$A$5001,F$3,Base!$B$3:$B$5001,$A$61,Base!$E$3:$E$5001,"<>")=0,"",SUMIFS(Base!$E$3:$E$5001,Base!$A$3:$A$5001,F$3,Base!$B$3:$B$5001,$A$61))) | G63: =IF(G$3="","",IF(COUNTIFS(Base!$A$3:$A$5001,G$3,Base!$B$3:$B$5001,$A$61,Base!$E$3:$E$5001,"<>")=0,"",SUMIFS(Base!$E$3:$E$5001,Base!$A$3:$A$5001,G$3,Base!$B$3:$B$5001,$A$61))) | H63: =IF(H$3="","",IF(COUNTIFS(Base!$A$3:$A$5001,H$3,Base!$B$3:$B$5001,$A$61,Base!$E$3:$E$5001,"<>")=0,"",SUMIFS(Base!$E$3:$E$5001,Base!$A$3:$A$5001,H$3,Base!$B$3:$B$5001,$A$61))) | I63: =IF(I$3="","",IF(COUNTIFS(Base!$A$3:$A$5001,I$3,Base!$B$3:$B$5001,$A$61,Base!$E$3:$E$5001,"<>")=0,"",SUMIFS(Base!$E$3:$E$5001,Base!$A$3:$A$5001,I$3,Base!$B$3:$B$5001,$A$61))) | J63: =IF(J$3="","",IF(COUNTIFS(Base!$A$3:$A$5001,J$3,Base!$B$3:$B$5001,$A$61,Base!$E$3:$E$5001,"<>")=0,"",SUMIFS(Base!$E$3:$E$5001,Base!$A$3:$A$5001,J$3,Base!$B$3:$B$5001,$A$61))) | K63: =IF(K$3="","",IF(COUNTIFS(Base!$A$3:$A$5001,K$3,Base!$B$3:$B$5001,$A$61,Base!$E$3:$E$5001,"<>")=0,"",SUMIFS(Base!$E$3:$E$5001,Base!$A$3:$A$5001,K$3,Base!$B$3:$B$5001,$A$61))) | L63: =IF(L$3="","",IF(COUNTIFS(Base!$A$3:$A$5001,L$3,Base!$B$3:$B$5001,$A$61,Base!$E$3:$E$5001,"<>")=0,"",SUMIFS(Base!$E$3:$E$5001,Base!$A$3:$A$5001,L$3,Base!$B$3:$B$5001,$A$61))) | M63: =IF(M$3="","",IF(COUNTIFS(Base!$A$3:$A$5001,M$3,Base!$B$3:$B$5001,$A$61,Base!$E$3:$E$5001,"<>")=0,"",SUMIFS(Base!$E$3:$E$5001,Base!$A$3:$A$5001,M$3,Base!$B$3:$B$5001,$A$61))) | ... AJ63: =IF(AJ$3="","",IF(COUNTIFS(Base!$A$3:$A$5001,AJ$3,Base!$B$3:$B$5001,$A$61,Base!$E$3:$E$5001,"<>")=0,"",SUMIFS(Base!$E$3:$E$5001,Base!$A$3:$A$5001,AJ$3,Base!$B$3:$B$5001,$A$61))) | AK63: =IF(COUNT(F63:AJ63)=0,"",SUM(F63:AJ63))
B64: OUT | C64: Veículos Expedidos | D64: =IFERROR(1/(1/INDEX(calculos!$C$55:$K$83,MATCH("OUT Veículos Expedidos",calculos!$A$55:$A$83,0),MATCH($A$61,calculos!$C$54:$K$54,0))),"") | F64: =IF(F$3="","",IF(COUNTIFS(Base!$A$3:$A$5001,F$3,Base!$B$3:$B$5001,$A$61,Base!$L$3:$L$5001,"<>")=0,"",SUMIFS(Base!$L$3:$L$5001,Base!$A$3:$A$5001,F$3,Base!$B$3:$B$5001,$A$61))) | G64: =IF(G$3="","",IF(COUNTIFS(Base!$A$3:$A$5001,G$3,Base!$B$3:$B$5001,$A$61,Base!$L$3:$L$5001,"<>")=0,"",SUMIFS(Base!$L$3:$L$5001,Base!$A$3:$A$5001,G$3,Base!$B$3:$B$5001,$A$61))) | H64: =IF(H$3="","",IF(COUNTIFS(Base!$A$3:$A$5001,H$3,Base!$B$3:$B$5001,$A$61,Base!$L$3:$L$5001,"<>")=0,"",SUMIFS(Base!$L$3:$L$5001,Base!$A$3:$A$5001,H$3,Base!$B$3:$B$5001,$A$61))) | I64: =IF(I$3="","",IF(COUNTIFS(Base!$A$3:$A$5001,I$3,Base!$B$3:$B$5001,$A$61,Base!$L$3:$L$5001,"<>")=0,"",SUMIFS(Base!$L$3:$L$5001,Base!$A$3:$A$5001,I$3,Base!$B$3:$B$5001,$A$61))) | J64: =IF(J$3="","",IF(COUNTIFS(Base!$A$3:$A$5001,J$3,Base!$B$3:$B$5001,$A$61,Base!$L$3:$L$5001,"<>")=0,"",SUMIFS(Base!$L$3:$L$5001,Base!$A$3:$A$5001,J$3,Base!$B$3:$B$5001,$A$61))) | K64: =IF(K$3="","",IF(COUNTIFS(Base!$A$3:$A$5001,K$3,Base!$B$3:$B$5001,$A$61,Base!$L$3:$L$5001,"<>")=0,"",SUMIFS(Base!$L$3:$L$5001,Base!$A$3:$A$5001,K$3,Base!$B$3:$B$5001,$A$61))) | L64: =IF(L$3="","",IF(COUNTIFS(Base!$A$3:$A$5001,L$3,Base!$B$3:$B$5001,$A$61,Base!$L$3:$L$5001,"<>")=0,"",SUMIFS(Base!$L$3:$L$5001,Base!$A$3:$A$5001,L$3,Base!$B$3:$B$5001,$A$61))) | M64: =IF(M$3="","",IF(COUNTIFS(Base!$A$3:$A$5001,M$3,Base!$B$3:$B$5001,$A$61,Base!$L$3:$L$5001,"<>")=0,"",SUMIFS(Base!$L$3:$L$5001,Base!$A$3:$A$5001,M$3,Base!$B$3:$B$5001,$A$61))) | ... AJ64: =IF(AJ$3="","",IF(COUNTIFS(Base!$A$3:$A$5001,AJ$3,Base!$B$3:$B$5001,$A$61,Base!$L$3:$L$5001,"<>")=0,"",SUMIFS(Base!$L$3:$L$5001,Base!$A$3:$A$5001,AJ$3,Base!$B$3:$B$5001,$A$61))) | AK64: =IF(COUNT(F64:AJ64)=0,"",SUM(F64:AJ64))
C65: Pallets Movimentados | D65: =IFERROR(1/(1/INDEX(calculos!$C$55:$K$83,MATCH("OUT Pallets Movimentados",calculos!$A$55:$A$83,0),MATCH($A$61,calculos!$C$54:$K$54,0))),"") | F65: =IF(F$3="","",IF(COUNTIFS(Base!$A$3:$A$5001,F$3,Base!$B$3:$B$5001,$A$61,Base!$M$3:$M$5001,"<>")=0,"",SUMIFS(Base!$M$3:$M$5001,Base!$A$3:$A$5001,F$3,Base!$B$3:$B$5001,$A$61))) | G65: =IF(G$3="","",IF(COUNTIFS(Base!$A$3:$A$5001,G$3,Base!$B$3:$B$5001,$A$61,Base!$M$3:$M$5001,"<>")=0,"",SUMIFS(Base!$M$3:$M$5001,Base!$A$3:$A$5001,G$3,Base!$B$3:$B$5001,$A$61))) | H65: =IF(H$3="","",IF(COUNTIFS(Base!$A$3:$A$5001,H$3,Base!$B$3:$B$5001,$A$61,Base!$M$3:$M$5001,"<>")=0,"",SUMIFS(Base!$M$3:$M$5001,Base!$A$3:$A$5001,H$3,Base!$B$3:$B$5001,$A$61))) | I65: =IF(I$3="","",IF(COUNTIFS(Base!$A$3:$A$5001,I$3,Base!$B$3:$B$5001,$A$61,Base!$M$3:$M$5001,"<>")=0,"",SUMIFS(Base!$M$3:$M$5001,Base!$A$3:$A$5001,I$3,Base!$B$3:$B$5001,$A$61))) | J65: =IF(J$3="","",IF(COUNTIFS(Base!$A$3:$A$5001,J$3,Base!$B$3:$B$5001,$A$61,Base!$M$3:$M$5001,"<>")=0,"",SUMIFS(Base!$M$3:$M$5001,Base!$A$3:$A$5001,J$3,Base!$B$3:$B$5001,$A$61))) | K65: =IF(K$3="","",IF(COUNTIFS(Base!$A$3:$A$5001,K$3,Base!$B$3:$B$5001,$A$61,Base!$M$3:$M$5001,"<>")=0,"",SUMIFS(Base!$M$3:$M$5001,Base!$A$3:$A$5001,K$3,Base!$B$3:$B$5001,$A$61))) | L65: =IF(L$3="","",IF(COUNTIFS(Base!$A$3:$A$5001,L$3,Base!$B$3:$B$5001,$A$61,Base!$M$3:$M$5001,"<>")=0,"",SUMIFS(Base!$M$3:$M$5001,Base!$A$3:$A$5001,L$3,Base!$B$3:$B$5001,$A$61))) | M65: =IF(M$3="","",IF(COUNTIFS(Base!$A$3:$A$5001,M$3,Base!$B$3:$B$5001,$A$61,Base!$M$3:$M$5001,"<>")=0,"",SUMIFS(Base!$M$3:$M$5001,Base!$A$3:$A$5001,M$3,Base!$B$3:$B$5001,$A$61))) | ... AJ65: =IF(AJ$3="","",IF(COUNTIFS(Base!$A$3:$A$5001,AJ$3,Base!$B$3:$B$5001,$A$61,Base!$M$3:$M$5001,"<>")=0,"",SUMIFS(Base!$M$3:$M$5001,Base!$A$3:$A$5001,AJ$3,Base!$B$3:$B$5001,$A$61))) | AK65: =IF(COUNT(F65:AJ65)=0,"",SUM(F65:AJ65))
C66: Toneladas Movimentadas | D66: =IFERROR(1/(1/INDEX(calculos!$C$55:$K$83,MATCH("OUT Toneladas Movimentadas",calculos!$A$55:$A$83,0),MATCH($A$61,calculos!$C$54:$K$54,0))),"") | F66: =IF(F$3="","",IF(COUNTIFS(Base!$A$3:$A$5001,F$3,Base!$B$3:$B$5001,$A$61,Base!$N$3:$N$5001,"<>")=0,"",SUMIFS(Base!$N$3:$N$5001,Base!$A$3:$A$5001,F$3,Base!$B$3:$B$5001,$A$61))) | G66: =IF(G$3="","",IF(COUNTIFS(Base!$A$3:$A$5001,G$3,Base!$B$3:$B$5001,$A$61,Base!$N$3:$N$5001,"<>")=0,"",SUMIFS(Base!$N$3:$N$5001,Base!$A$3:$A$5001,G$3,Base!$B$3:$B$5001,$A$61))) | H66: =IF(H$3="","",IF(COUNTIFS(Base!$A$3:$A$5001,H$3,Base!$B$3:$B$5001,$A$61,Base!$N$3:$N$5001,"<>")=0,"",SUMIFS(Base!$N$3:$N$5001,Base!$A$3:$A$5001,H$3,Base!$B$3:$B$5001,$A$61))) | I66: =IF(I$3="","",IF(COUNTIFS(Base!$A$3:$A$5001,I$3,Base!$B$3:$B$5001,$A$61,Base!$N$3:$N$5001,"<>")=0,"",SUMIFS(Base!$N$3:$N$5001,Base!$A$3:$A$5001,I$3,Base!$B$3:$B$5001,$A$61))) | J66: =IF(J$3="","",IF(COUNTIFS(Base!$A$3:$A$5001,J$3,Base!$B$3:$B$5001,$A$61,Base!$N$3:$N$5001,"<>")=0,"",SUMIFS(Base!$N$3:$N$5001,Base!$A$3:$A$5001,J$3,Base!$B$3:$B$5001,$A$61))) | K66: =IF(K$3="","",IF(COUNTIFS(Base!$A$3:$A$5001,K$3,Base!$B$3:$B$5001,$A$61,Base!$N$3:$N$5001,"<>")=0,"",SUMIFS(Base!$N$3:$N$5001,Base!$A$3:$A$5001,K$3,Base!$B$3:$B$5001,$A$61))) | L66: =IF(L$3="","",IF(COUNTIFS(Base!$A$3:$A$5001,L$3,Base!$B$3:$B$5001,$A$61,Base!$N$3:$N$5001,"<>")=0,"",SUMIFS(Base!$N$3:$N$5001,Base!$A$3:$A$5001,L$3,Base!$B$3:$B$5001,$A$61))) | M66: =IF(M$3="","",IF(COUNTIFS(Base!$A$3:$A$5001,M$3,Base!$B$3:$B$5001,$A$61,Base!$N$3:$N$5001,"<>")=0,"",SUMIFS(Base!$N$3:$N$5001,Base!$A$3:$A$5001,M$3,Base!$B$3:$B$5001,$A$61))) | ... AJ66: =IF(AJ$3="","",IF(COUNTIFS(Base!$A$3:$A$5001,AJ$3,Base!$B$3:$B$5001,$A$61,Base!$N$3:$N$5001,"<>")=0,"",SUMIFS(Base!$N$3:$N$5001,Base!$A$3:$A$5001,AJ$3,Base!$B$3:$B$5001,$A$61))) | AK66: =IF(COUNT(F66:AJ66)=0,"",SUM(F66:AJ66))
B67: NC | C67: Incidentes | D67: =IFERROR(1/(1/INDEX(calculos!$C$55:$K$83,MATCH("NC Incidentes",calculos!$A$55:$A$83,0),MATCH($A$61,calculos!$C$54:$K$54,0))),"") | F67: =IF(F$3="","",IF(COUNTIFS(Base!$A$3:$A$5001,F$3,Base!$B$3:$B$5001,$A$61,Base!$U$3:$U$5001,"<>")=0,"",SUMIFS(Base!$U$3:$U$5001,Base!$A$3:$A$5001,F$3,Base!$B$3:$B$5001,$A$61))) | G67: =IF(G$3="","",IF(COUNTIFS(Base!$A$3:$A$5001,G$3,Base!$B$3:$B$5001,$A$61,Base!$U$3:$U$5001,"<>")=0,"",SUMIFS(Base!$U$3:$U$5001,Base!$A$3:$A$5001,G$3,Base!$B$3:$B$5001,$A$61))) | H67: =IF(H$3="","",IF(COUNTIFS(Base!$A$3:$A$5001,H$3,Base!$B$3:$B$5001,$A$61,Base!$U$3:$U$5001,"<>")=0,"",SUMIFS(Base!$U$3:$U$5001,Base!$A$3:$A$5001,H$3,Base!$B$3:$B$5001,$A$61))) | I67: =IF(I$3="","",IF(COUNTIFS(Base!$A$3:$A$5001,I$3,Base!$B$3:$B$5001,$A$61,Base!$U$3:$U$5001,"<>")=0,"",SUMIFS(Base!$U$3:$U$5001,Base!$A$3:$A$5001,I$3,Base!$B$3:$B$5001,$A$61))) | J67: =IF(J$3="","",IF(COUNTIFS(Base!$A$3:$A$5001,J$3,Base!$B$3:$B$5001,$A$61,Base!$U$3:$U$5001,"<>")=0,"",SUMIFS(Base!$U$3:$U$5001,Base!$A$3:$A$5001,J$3,Base!$B$3:$B$5001,$A$61))) | K67: =IF(K$3="","",IF(COUNTIFS(Base!$A$3:$A$5001,K$3,Base!$B$3:$B$5001,$A$61,Base!$U$3:$U$5001,"<>")=0,"",SUMIFS(Base!$U$3:$U$5001,Base!$A$3:$A$5001,K$3,Base!$B$3:$B$5001,$A$61))) | L67: =IF(L$3="","",IF(COUNTIFS(Base!$A$3:$A$5001,L$3,Base!$B$3:$B$5001,$A$61,Base!$U$3:$U$5001,"<>")=0,"",SUMIFS(Base!$U$3:$U$5001,Base!$A$3:$A$5001,L$3,Base!$B$3:$B$5001,$A$61))) | M67: =IF(M$3="","",IF(COUNTIFS(Base!$A$3:$A$5001,M$3,Base!$B$3:$B$5001,$A$61,Base!$U$3:$U$5001,"<>")=0,"",SUMIFS(Base!$U$3:$U$5001,Base!$A$3:$A$5001,M$3,Base!$B$3:$B$5001,$A$61))) | ... AJ67: =IF(AJ$3="","",IF(COUNTIFS(Base!$A$3:$A$5001,AJ$3,Base!$B$3:$B$5001,$A$61,Base!$U$3:$U$5001,"<>")=0,"",SUMIFS(Base!$U$3:$U$5001,Base!$A$3:$A$5001,AJ$3,Base!$B$3:$B$5001,$A$61))) | AK67: =IF(COUNT(F67:AJ67)=0,"",SUM(F67:AJ67))
C68: No show | D68: =IFERROR(1/(1/INDEX(calculos!$C$55:$K$83,MATCH("NC No show",calculos!$A$55:$A$83,0),MATCH($A$61,calculos!$C$54:$K$54,0))),"") | F68: =IF(F$3="","",IF(COUNTIFS(Base!$A$3:$A$5001,F$3,Base!$B$3:$B$5001,$A$61,Base!$V$3:$V$5001,"<>")=0,"",SUMIFS(Base!$V$3:$V$5001,Base!$A$3:$A$5001,F$3,Base!$B$3:$B$5001,$A$61))) | G68: =IF(G$3="","",IF(COUNTIFS(Base!$A$3:$A$5001,G$3,Base!$B$3:$B$5001,$A$61,Base!$V$3:$V$5001,"<>")=0,"",SUMIFS(Base!$V$3:$V$5001,Base!$A$3:$A$5001,G$3,Base!$B$3:$B$5001,$A$61))) | H68: =IF(H$3="","",IF(COUNTIFS(Base!$A$3:$A$5001,H$3,Base!$B$3:$B$5001,$A$61,Base!$V$3:$V$5001,"<>")=0,"",SUMIFS(Base!$V$3:$V$5001,Base!$A$3:$A$5001,H$3,Base!$B$3:$B$5001,$A$61))) | I68: =IF(I$3="","",IF(COUNTIFS(Base!$A$3:$A$5001,I$3,Base!$B$3:$B$5001,$A$61,Base!$V$3:$V$5001,"<>")=0,"",SUMIFS(Base!$V$3:$V$5001,Base!$A$3:$A$5001,I$3,Base!$B$3:$B$5001,$A$61))) | J68: =IF(J$3="","",IF(COUNTIFS(Base!$A$3:$A$5001,J$3,Base!$B$3:$B$5001,$A$61,Base!$V$3:$V$5001,"<>")=0,"",SUMIFS(Base!$V$3:$V$5001,Base!$A$3:$A$5001,J$3,Base!$B$3:$B$5001,$A$61))) | K68: =IF(K$3="","",IF(COUNTIFS(Base!$A$3:$A$5001,K$3,Base!$B$3:$B$5001,$A$61,Base!$V$3:$V$5001,"<>")=0,"",SUMIFS(Base!$V$3:$V$5001,Base!$A$3:$A$5001,K$3,Base!$B$3:$B$5001,$A$61))) | L68: =IF(L$3="","",IF(COUNTIFS(Base!$A$3:$A$5001,L$3,Base!$B$3:$B$5001,$A$61,Base!$V$3:$V$5001,"<>")=0,"",SUMIFS(Base!$V$3:$V$5001,Base!$A$3:$A$5001,L$3,Base!$B$3:$B$5001,$A$61))) | M68: =IF(M$3="","",IF(COUNTIFS(Base!$A$3:$A$5001,M$3,Base!$B$3:$B$5001,$A$61,Base!$V$3:$V$5001,"<>")=0,"",SUMIFS(Base!$V$3:$V$5001,Base!$A$3:$A$5001,M$3,Base!$B$3:$B$5001,$A$61))) | ... AJ68: =IF(AJ$3="","",IF(COUNTIFS(Base!$A$3:$A$5001,AJ$3,Base!$B$3:$B$5001,$A$61,Base!$V$3:$V$5001,"<>")=0,"",SUMIFS(Base!$V$3:$V$5001,Base!$A$3:$A$5001,AJ$3,Base!$B$3:$B$5001,$A$61))) | AK68: =IF(COUNT(F68:AJ68)=0,"",SUM(F68:AJ68))
C69: Backlog | D69: =IFERROR(1/(1/INDEX(calculos!$C$55:$K$83,MATCH("NC Backlog",calculos!$A$55:$A$83,0),MATCH($A$61,calculos!$C$54:$K$54,0))),"") | F69: =IF(F$3="","",IF(COUNTIFS(Base!$A$3:$A$5001,F$3,Base!$B$3:$B$5001,$A$61,Base!$W$3:$W$5001,"<>")=0,"",SUMIFS(Base!$W$3:$W$5001,Base!$A$3:$A$5001,F$3,Base!$B$3:$B$5001,$A$61))) | G69: =IF(G$3="","",IF(COUNTIFS(Base!$A$3:$A$5001,G$3,Base!$B$3:$B$5001,$A$61,Base!$W$3:$W$5001,"<>")=0,"",SUMIFS(Base!$W$3:$W$5001,Base!$A$3:$A$5001,G$3,Base!$B$3:$B$5001,$A$61))) | H69: =IF(H$3="","",IF(COUNTIFS(Base!$A$3:$A$5001,H$3,Base!$B$3:$B$5001,$A$61,Base!$W$3:$W$5001,"<>")=0,"",SUMIFS(Base!$W$3:$W$5001,Base!$A$3:$A$5001,H$3,Base!$B$3:$B$5001,$A$61))) | I69: =IF(I$3="","",IF(COUNTIFS(Base!$A$3:$A$5001,I$3,Base!$B$3:$B$5001,$A$61,Base!$W$3:$W$5001,"<>")=0,"",SUMIFS(Base!$W$3:$W$5001,Base!$A$3:$A$5001,I$3,Base!$B$3:$B$5001,$A$61))) | J69: =IF(J$3="","",IF(COUNTIFS(Base!$A$3:$A$5001,J$3,Base!$B$3:$B$5001,$A$61,Base!$W$3:$W$5001,"<>")=0,"",SUMIFS(Base!$W$3:$W$5001,Base!$A$3:$A$5001,J$3,Base!$B$3:$B$5001,$A$61))) | K69: =IF(K$3="","",IF(COUNTIFS(Base!$A$3:$A$5001,K$3,Base!$B$3:$B$5001,$A$61,Base!$W$3:$W$5001,"<>")=0,"",SUMIFS(Base!$W$3:$W$5001,Base!$A$3:$A$5001,K$3,Base!$B$3:$B$5001,$A$61))) | L69: =IF(L$3="","",IF(COUNTIFS(Base!$A$3:$A$5001,L$3,Base!$B$3:$B$5001,$A$61,Base!$W$3:$W$5001,"<>")=0,"",SUMIFS(Base!$W$3:$W$5001,Base!$A$3:$A$5001,L$3,Base!$B$3:$B$5001,$A$61))) | M69: =IF(M$3="","",IF(COUNTIFS(Base!$A$3:$A$5001,M$3,Base!$B$3:$B$5001,$A$61,Base!$W$3:$W$5001,"<>")=0,"",SUMIFS(Base!$W$3:$W$5001,Base!$A$3:$A$5001,M$3,Base!$B$3:$B$5001,$A$61))) | ... AJ69: =IF(AJ$3="","",IF(COUNTIFS(Base!$A$3:$A$5001,AJ$3,Base!$B$3:$B$5001,$A$61,Base!$W$3:$W$5001,"<>")=0,"",SUMIFS(Base!$W$3:$W$5001,Base!$A$3:$A$5001,AJ$3,Base!$B$3:$B$5001,$A$61))) | AK69: =IFERROR(LOOKUP(9.99E+307,F69:AJ69),"")
B70: OCUPAÇÃO (P.P) | C70: Posições Disponíveis | D70: =IFERROR(1/(1/INDEX(calculos!$C$55:$K$83,MATCH("Posições Disponíveis",calculos!$A$55:$A$83,0),MATCH($A$61,calculos!$C$54:$K$54,0))),"") | F70: =IF(F$3="","",IF(COUNTIFS(Base!$A$3:$A$5001,F$3,Base!$B$3:$B$5001,$A$61,Base!$X$3:$X$5001,"<>")=0,"",SUMIFS(Base!$X$3:$X$5001,Base!$A$3:$A$5001,F$3,Base!$B$3:$B$5001,$A$61))) | G70: =IF(G$3="","",IF(COUNTIFS(Base!$A$3:$A$5001,G$3,Base!$B$3:$B$5001,$A$61,Base!$X$3:$X$5001,"<>")=0,"",SUMIFS(Base!$X$3:$X$5001,Base!$A$3:$A$5001,G$3,Base!$B$3:$B$5001,$A$61))) | H70: =IF(H$3="","",IF(COUNTIFS(Base!$A$3:$A$5001,H$3,Base!$B$3:$B$5001,$A$61,Base!$X$3:$X$5001,"<>")=0,"",SUMIFS(Base!$X$3:$X$5001,Base!$A$3:$A$5001,H$3,Base!$B$3:$B$5001,$A$61))) | I70: =IF(I$3="","",IF(COUNTIFS(Base!$A$3:$A$5001,I$3,Base!$B$3:$B$5001,$A$61,Base!$X$3:$X$5001,"<>")=0,"",SUMIFS(Base!$X$3:$X$5001,Base!$A$3:$A$5001,I$3,Base!$B$3:$B$5001,$A$61))) | J70: =IF(J$3="","",IF(COUNTIFS(Base!$A$3:$A$5001,J$3,Base!$B$3:$B$5001,$A$61,Base!$X$3:$X$5001,"<>")=0,"",SUMIFS(Base!$X$3:$X$5001,Base!$A$3:$A$5001,J$3,Base!$B$3:$B$5001,$A$61))) | K70: =IF(K$3="","",IF(COUNTIFS(Base!$A$3:$A$5001,K$3,Base!$B$3:$B$5001,$A$61,Base!$X$3:$X$5001,"<>")=0,"",SUMIFS(Base!$X$3:$X$5001,Base!$A$3:$A$5001,K$3,Base!$B$3:$B$5001,$A$61))) | L70: =IF(L$3="","",IF(COUNTIFS(Base!$A$3:$A$5001,L$3,Base!$B$3:$B$5001,$A$61,Base!$X$3:$X$5001,"<>")=0,"",SUMIFS(Base!$X$3:$X$5001,Base!$A$3:$A$5001,L$3,Base!$B$3:$B$5001,$A$61))) | M70: =IF(M$3="","",IF(COUNTIFS(Base!$A$3:$A$5001,M$3,Base!$B$3:$B$5001,$A$61,Base!$X$3:$X$5001,"<>")=0,"",SUMIFS(Base!$X$3:$X$5001,Base!$A$3:$A$5001,M$3,Base!$B$3:$B$5001,$A$61))) | ... AJ70: =IF(AJ$3="","",IF(COUNTIFS(Base!$A$3:$A$5001,AJ$3,Base!$B$3:$B$5001,$A$61,Base!$X$3:$X$5001,"<>")=0,"",SUMIFS(Base!$X$3:$X$5001,Base!$A$3:$A$5001,AJ$3,Base!$B$3:$B$5001,$A$61))) | AK70: =IFERROR(LOOKUP(9.99E+307,F70:AJ70),"")
C71: Posições Ocupadas | D71: =IFERROR(1/(1/INDEX(calculos!$C$55:$K$83,MATCH("Posições Ocupadas",calculos!$A$55:$A$83,0),MATCH($A$61,calculos!$C$54:$K$54,0))),"") | F71: =IF(F$3="","",IF(COUNTIFS(Base!$A$3:$A$5001,F$3,Base!$B$3:$B$5001,$A$61,Base!$Y$3:$Y$5001,"<>")=0,"",SUMIFS(Base!$Y$3:$Y$5001,Base!$A$3:$A$5001,F$3,Base!$B$3:$B$5001,$A$61))) | G71: =IF(G$3="","",IF(COUNTIFS(Base!$A$3:$A$5001,G$3,Base!$B$3:$B$5001,$A$61,Base!$Y$3:$Y$5001,"<>")=0,"",SUMIFS(Base!$Y$3:$Y$5001,Base!$A$3:$A$5001,G$3,Base!$B$3:$B$5001,$A$61))) | H71: =IF(H$3="","",IF(COUNTIFS(Base!$A$3:$A$5001,H$3,Base!$B$3:$B$5001,$A$61,Base!$Y$3:$Y$5001,"<>")=0,"",SUMIFS(Base!$Y$3:$Y$5001,Base!$A$3:$A$5001,H$3,Base!$B$3:$B$5001,$A$61))) | I71: =IF(I$3="","",IF(COUNTIFS(Base!$A$3:$A$5001,I$3,Base!$B$3:$B$5001,$A$61,Base!$Y$3:$Y$5001,"<>")=0,"",SUMIFS(Base!$Y$3:$Y$5001,Base!$A$3:$A$5001,I$3,Base!$B$3:$B$5001,$A$61))) | J71: =IF(J$3="","",IF(COUNTIFS(Base!$A$3:$A$5001,J$3,Base!$B$3:$B$5001,$A$61,Base!$Y$3:$Y$5001,"<>")=0,"",SUMIFS(Base!$Y$3:$Y$5001,Base!$A$3:$A$5001,J$3,Base!$B$3:$B$5001,$A$61))) | K71: =IF(K$3="","",IF(COUNTIFS(Base!$A$3:$A$5001,K$3,Base!$B$3:$B$5001,$A$61,Base!$Y$3:$Y$5001,"<>")=0,"",SUMIFS(Base!$Y$3:$Y$5001,Base!$A$3:$A$5001,K$3,Base!$B$3:$B$5001,$A$61))) | L71: =IF(L$3="","",IF(COUNTIFS(Base!$A$3:$A$5001,L$3,Base!$B$3:$B$5001,$A$61,Base!$Y$3:$Y$5001,"<>")=0,"",SUMIFS(Base!$Y$3:$Y$5001,Base!$A$3:$A$5001,L$3,Base!$B$3:$B$5001,$A$61))) | M71: =IF(M$3="","",IF(COUNTIFS(Base!$A$3:$A$5001,M$3,Base!$B$3:$B$5001,$A$61,Base!$Y$3:$Y$5001,"<>")=0,"",SUMIFS(Base!$Y$3:$Y$5001,Base!$A$3:$A$5001,M$3,Base!$B$3:$B$5001,$A$61))) | ... AJ71: =IF(AJ$3="","",IF(COUNTIFS(Base!$A$3:$A$5001,AJ$3,Base!$B$3:$B$5001,$A$61,Base!$Y$3:$Y$5001,"<>")=0,"",SUMIFS(Base!$Y$3:$Y$5001,Base!$A$3:$A$5001,AJ$3,Base!$B$3:$B$5001,$A$61))) | AK71: =IFERROR(LOOKUP(9.99E+307,F71:AJ71),"")
C72: Taxa de Ocupação | D72: =IFERROR(1/(1/INDEX(calculos!$C$55:$K$83,MATCH("Taxa de Ocupação",calculos!$A$55:$A$83,0),MATCH($A$61,calculos!$C$54:$K$54,0))),"") | F72: =IF(AND(ISNUMBER(F70),ISNUMBER(F71)),IF(F70>0,F71/F70,""),"") | G72: =IF(AND(ISNUMBER(G70),ISNUMBER(G71)),IF(G70>0,G71/G70,""),"") | H72: =IF(AND(ISNUMBER(H70),ISNUMBER(H71)),IF(H70>0,H71/H70,""),"") | I72: =IF(AND(ISNUMBER(I70),ISNUMBER(I71)),IF(I70>0,I71/I70,""),"") | J72: =IF(AND(ISNUMBER(J70),ISNUMBER(J71)),IF(J70>0,J71/J70,""),"") | K72: =IF(AND(ISNUMBER(K70),ISNUMBER(K71)),IF(K70>0,K71/K70,""),"") | L72: =IF(AND(ISNUMBER(L70),ISNUMBER(L71)),IF(L70>0,L71/L70,""),"") | M72: =IF(AND(ISNUMBER(M70),ISNUMBER(M71)),IF(M70>0,M71/M70,""),"") | ... AK72: =IF(AND(ISNUMBER(AK70),ISNUMBER(AK71)),IF(AK70>0,AK71/AK70,""),"")
B73: GENTE | C73: Efetivo | D73: =IFERROR(1/(1/INDEX(calculos!$C$55:$K$83,MATCH("Efetivo",calculos!$A$55:$A$83,0),MATCH($A$61,calculos!$C$54:$K$54,0))),"") | F73: =IF(F$3="","",IF(COUNTIFS(Base!$A$3:$A$5001,F$3,Base!$B$3:$B$5001,$A$61,Base!$Z$3:$Z$5001,"<>")=0,"",SUMIFS(Base!$Z$3:$Z$5001,Base!$A$3:$A$5001,F$3,Base!$B$3:$B$5001,$A$61))) | G73: =IF(G$3="","",IF(COUNTIFS(Base!$A$3:$A$5001,G$3,Base!$B$3:$B$5001,$A$61,Base!$Z$3:$Z$5001,"<>")=0,"",SUMIFS(Base!$Z$3:$Z$5001,Base!$A$3:$A$5001,G$3,Base!$B$3:$B$5001,$A$61))) | H73: =IF(H$3="","",IF(COUNTIFS(Base!$A$3:$A$5001,H$3,Base!$B$3:$B$5001,$A$61,Base!$Z$3:$Z$5001,"<>")=0,"",SUMIFS(Base!$Z$3:$Z$5001,Base!$A$3:$A$5001,H$3,Base!$B$3:$B$5001,$A$61))) | I73: =IF(I$3="","",IF(COUNTIFS(Base!$A$3:$A$5001,I$3,Base!$B$3:$B$5001,$A$61,Base!$Z$3:$Z$5001,"<>")=0,"",SUMIFS(Base!$Z$3:$Z$5001,Base!$A$3:$A$5001,I$3,Base!$B$3:$B$5001,$A$61))) | J73: =IF(J$3="","",IF(COUNTIFS(Base!$A$3:$A$5001,J$3,Base!$B$3:$B$5001,$A$61,Base!$Z$3:$Z$5001,"<>")=0,"",SUMIFS(Base!$Z$3:$Z$5001,Base!$A$3:$A$5001,J$3,Base!$B$3:$B$5001,$A$61))) | K73: =IF(K$3="","",IF(COUNTIFS(Base!$A$3:$A$5001,K$3,Base!$B$3:$B$5001,$A$61,Base!$Z$3:$Z$5001,"<>")=0,"",SUMIFS(Base!$Z$3:$Z$5001,Base!$A$3:$A$5001,K$3,Base!$B$3:$B$5001,$A$61))) | L73: =IF(L$3="","",IF(COUNTIFS(Base!$A$3:$A$5001,L$3,Base!$B$3:$B$5001,$A$61,Base!$Z$3:$Z$5001,"<>")=0,"",SUMIFS(Base!$Z$3:$Z$5001,Base!$A$3:$A$5001,L$3,Base!$B$3:$B$5001,$A$61))) | M73: =IF(M$3="","",IF(COUNTIFS(Base!$A$3:$A$5001,M$3,Base!$B$3:$B$5001,$A$61,Base!$Z$3:$Z$5001,"<>")=0,"",SUMIFS(Base!$Z$3:$Z$5001,Base!$A$3:$A$5001,M$3,Base!$B$3:$B$5001,$A$61))) | ... AJ73: =IF(AJ$3="","",IF(COUNTIFS(Base!$A$3:$A$5001,AJ$3,Base!$B$3:$B$5001,$A$61,Base!$Z$3:$Z$5001,"<>")=0,"",SUMIFS(Base!$Z$3:$Z$5001,Base!$A$3:$A$5001,AJ$3,Base!$B$3:$B$5001,$A$61))) | AK73: =IFERROR(LOOKUP(9.99E+307,F73:AJ73),"")
C74: Falta | D74: =IFERROR(1/(1/INDEX(calculos!$C$55:$K$83,MATCH("Falta",calculos!$A$55:$A$83,0),MATCH($A$61,calculos!$C$54:$K$54,0))),"") | F74: =IF(F$3="","",IF(COUNTIFS(Base!$A$3:$A$5001,F$3,Base!$B$3:$B$5001,$A$61,Base!$AA$3:$AA$5001,"<>")=0,"",SUMIFS(Base!$AA$3:$AA$5001,Base!$A$3:$A$5001,F$3,Base!$B$3:$B$5001,$A$61))) | G74: =IF(G$3="","",IF(COUNTIFS(Base!$A$3:$A$5001,G$3,Base!$B$3:$B$5001,$A$61,Base!$AA$3:$AA$5001,"<>")=0,"",SUMIFS(Base!$AA$3:$AA$5001,Base!$A$3:$A$5001,G$3,Base!$B$3:$B$5001,$A$61))) | H74: =IF(H$3="","",IF(COUNTIFS(Base!$A$3:$A$5001,H$3,Base!$B$3:$B$5001,$A$61,Base!$AA$3:$AA$5001,"<>")=0,"",SUMIFS(Base!$AA$3:$AA$5001,Base!$A$3:$A$5001,H$3,Base!$B$3:$B$5001,$A$61))) | I74: =IF(I$3="","",IF(COUNTIFS(Base!$A$3:$A$5001,I$3,Base!$B$3:$B$5001,$A$61,Base!$AA$3:$AA$5001,"<>")=0,"",SUMIFS(Base!$AA$3:$AA$5001,Base!$A$3:$A$5001,I$3,Base!$B$3:$B$5001,$A$61))) | J74: =IF(J$3="","",IF(COUNTIFS(Base!$A$3:$A$5001,J$3,Base!$B$3:$B$5001,$A$61,Base!$AA$3:$AA$5001,"<>")=0,"",SUMIFS(Base!$AA$3:$AA$5001,Base!$A$3:$A$5001,J$3,Base!$B$3:$B$5001,$A$61))) | K74: =IF(K$3="","",IF(COUNTIFS(Base!$A$3:$A$5001,K$3,Base!$B$3:$B$5001,$A$61,Base!$AA$3:$AA$5001,"<>")=0,"",SUMIFS(Base!$AA$3:$AA$5001,Base!$A$3:$A$5001,K$3,Base!$B$3:$B$5001,$A$61))) | L74: =IF(L$3="","",IF(COUNTIFS(Base!$A$3:$A$5001,L$3,Base!$B$3:$B$5001,$A$61,Base!$AA$3:$AA$5001,"<>")=0,"",SUMIFS(Base!$AA$3:$AA$5001,Base!$A$3:$A$5001,L$3,Base!$B$3:$B$5001,$A$61))) | M74: =IF(M$3="","",IF(COUNTIFS(Base!$A$3:$A$5001,M$3,Base!$B$3:$B$5001,$A$61,Base!$AA$3:$AA$5001,"<>")=0,"",SUMIFS(Base!$AA$3:$AA$5001,Base!$A$3:$A$5001,M$3,Base!$B$3:$B$5001,$A$61))) | ... AJ74: =IF(AJ$3="","",IF(COUNTIFS(Base!$A$3:$A$5001,AJ$3,Base!$B$3:$B$5001,$A$61,Base!$AA$3:$AA$5001,"<>")=0,"",SUMIFS(Base!$AA$3:$AA$5001,Base!$A$3:$A$5001,AJ$3,Base!$B$3:$B$5001,$A$61))) | AK74: =IF(COUNT(F74:AJ74)=0,"",SUM(F74:AJ74))
C75: Folga | D75: =IFERROR(1/(1/INDEX(calculos!$C$55:$K$83,MATCH("Folga",calculos!$A$55:$A$83,0),MATCH($A$61,calculos!$C$54:$K$54,0))),"") | F75: =IF(F$3="","",IF(COUNTIFS(Base!$A$3:$A$5001,F$3,Base!$B$3:$B$5001,$A$61,Base!$AB$3:$AB$5001,"<>")=0,"",SUMIFS(Base!$AB$3:$AB$5001,Base!$A$3:$A$5001,F$3,Base!$B$3:$B$5001,$A$61))) | G75: =IF(G$3="","",IF(COUNTIFS(Base!$A$3:$A$5001,G$3,Base!$B$3:$B$5001,$A$61,Base!$AB$3:$AB$5001,"<>")=0,"",SUMIFS(Base!$AB$3:$AB$5001,Base!$A$3:$A$5001,G$3,Base!$B$3:$B$5001,$A$61))) | H75: =IF(H$3="","",IF(COUNTIFS(Base!$A$3:$A$5001,H$3,Base!$B$3:$B$5001,$A$61,Base!$AB$3:$AB$5001,"<>")=0,"",SUMIFS(Base!$AB$3:$AB$5001,Base!$A$3:$A$5001,H$3,Base!$B$3:$B$5001,$A$61))) | I75: =IF(I$3="","",IF(COUNTIFS(Base!$A$3:$A$5001,I$3,Base!$B$3:$B$5001,$A$61,Base!$AB$3:$AB$5001,"<>")=0,"",SUMIFS(Base!$AB$3:$AB$5001,Base!$A$3:$A$5001,I$3,Base!$B$3:$B$5001,$A$61))) | J75: =IF(J$3="","",IF(COUNTIFS(Base!$A$3:$A$5001,J$3,Base!$B$3:$B$5001,$A$61,Base!$AB$3:$AB$5001,"<>")=0,"",SUMIFS(Base!$AB$3:$AB$5001,Base!$A$3:$A$5001,J$3,Base!$B$3:$B$5001,$A$61))) | K75: =IF(K$3="","",IF(COUNTIFS(Base!$A$3:$A$5001,K$3,Base!$B$3:$B$5001,$A$61,Base!$AB$3:$AB$5001,"<>")=0,"",SUMIFS(Base!$AB$3:$AB$5001,Base!$A$3:$A$5001,K$3,Base!$B$3:$B$5001,$A$61))) | L75: =IF(L$3="","",IF(COUNTIFS(Base!$A$3:$A$5001,L$3,Base!$B$3:$B$5001,$A$61,Base!$AB$3:$AB$5001,"<>")=0,"",SUMIFS(Base!$AB$3:$AB$5001,Base!$A$3:$A$5001,L$3,Base!$B$3:$B$5001,$A$61))) | M75: =IF(M$3="","",IF(COUNTIFS(Base!$A$3:$A$5001,M$3,Base!$B$3:$B$5001,$A$61,Base!$AB$3:$AB$5001,"<>")=0,"",SUMIFS(Base!$AB$3:$AB$5001,Base!$A$3:$A$5001,M$3,Base!$B$3:$B$5001,$A$61))) | ... AJ75: =IF(AJ$3="","",IF(COUNTIFS(Base!$A$3:$A$5001,AJ$3,Base!$B$3:$B$5001,$A$61,Base!$AB$3:$AB$5001,"<>")=0,"",SUMIFS(Base!$AB$3:$AB$5001,Base!$A$3:$A$5001,AJ$3,Base!$B$3:$B$5001,$A$61))) | AK75: =IF(COUNT(F75:AJ75)=0,"",SUM(F75:AJ75))
C76: Férias | D76: =IFERROR(1/(1/INDEX(calculos!$C$55:$K$83,MATCH("Férias",calculos!$A$55:$A$83,0),MATCH($A$61,calculos!$C$54:$K$54,0))),"") | F76: =IF(F$3="","",IF(COUNTIFS(Base!$A$3:$A$5001,F$3,Base!$B$3:$B$5001,$A$61,Base!$AC$3:$AC$5001,"<>")=0,"",SUMIFS(Base!$AC$3:$AC$5001,Base!$A$3:$A$5001,F$3,Base!$B$3:$B$5001,$A$61))) | G76: =IF(G$3="","",IF(COUNTIFS(Base!$A$3:$A$5001,G$3,Base!$B$3:$B$5001,$A$61,Base!$AC$3:$AC$5001,"<>")=0,"",SUMIFS(Base!$AC$3:$AC$5001,Base!$A$3:$A$5001,G$3,Base!$B$3:$B$5001,$A$61))) | H76: =IF(H$3="","",IF(COUNTIFS(Base!$A$3:$A$5001,H$3,Base!$B$3:$B$5001,$A$61,Base!$AC$3:$AC$5001,"<>")=0,"",SUMIFS(Base!$AC$3:$AC$5001,Base!$A$3:$A$5001,H$3,Base!$B$3:$B$5001,$A$61))) | I76: =IF(I$3="","",IF(COUNTIFS(Base!$A$3:$A$5001,I$3,Base!$B$3:$B$5001,$A$61,Base!$AC$3:$AC$5001,"<>")=0,"",SUMIFS(Base!$AC$3:$AC$5001,Base!$A$3:$A$5001,I$3,Base!$B$3:$B$5001,$A$61))) | J76: =IF(J$3="","",IF(COUNTIFS(Base!$A$3:$A$5001,J$3,Base!$B$3:$B$5001,$A$61,Base!$AC$3:$AC$5001,"<>")=0,"",SUMIFS(Base!$AC$3:$AC$5001,Base!$A$3:$A$5001,J$3,Base!$B$3:$B$5001,$A$61))) | K76: =IF(K$3="","",IF(COUNTIFS(Base!$A$3:$A$5001,K$3,Base!$B$3:$B$5001,$A$61,Base!$AC$3:$AC$5001,"<>")=0,"",SUMIFS(Base!$AC$3:$AC$5001,Base!$A$3:$A$5001,K$3,Base!$B$3:$B$5001,$A$61))) | L76: =IF(L$3="","",IF(COUNTIFS(Base!$A$3:$A$5001,L$3,Base!$B$3:$B$5001,$A$61,Base!$AC$3:$AC$5001,"<>")=0,"",SUMIFS(Base!$AC$3:$AC$5001,Base!$A$3:$A$5001,L$3,Base!$B$3:$B$5001,$A$61))) | M76: =IF(M$3="","",IF(COUNTIFS(Base!$A$3:$A$5001,M$3,Base!$B$3:$B$5001,$A$61,Base!$AC$3:$AC$5001,"<>")=0,"",SUMIFS(Base!$AC$3:$AC$5001,Base!$A$3:$A$5001,M$3,Base!$B$3:$B$5001,$A$61))) | ... AJ76: =IF(AJ$3="","",IF(COUNTIFS(Base!$A$3:$A$5001,AJ$3,Base!$B$3:$B$5001,$A$61,Base!$AC$3:$AC$5001,"<>")=0,"",SUMIFS(Base!$AC$3:$AC$5001,Base!$A$3:$A$5001,AJ$3,Base!$B$3:$B$5001,$A$61))) | AK76: =IF(COUNT(F76:AJ76)=0,"",SUM(F76:AJ76))
C77: Desligamentos | D77: =IFERROR(1/(1/INDEX(calculos!$C$55:$K$83,MATCH("Desligamentos",calculos!$A$55:$A$83,0),MATCH($A$61,calculos!$C$54:$K$54,0))),"") | F77: =IF(F$3="","",IF(COUNTIFS(Base!$A$3:$A$5001,F$3,Base!$B$3:$B$5001,$A$61,Base!$AD$3:$AD$5001,"<>")=0,"",SUMIFS(Base!$AD$3:$AD$5001,Base!$A$3:$A$5001,F$3,Base!$B$3:$B$5001,$A$61))) | G77: =IF(G$3="","",IF(COUNTIFS(Base!$A$3:$A$5001,G$3,Base!$B$3:$B$5001,$A$61,Base!$AD$3:$AD$5001,"<>")=0,"",SUMIFS(Base!$AD$3:$AD$5001,Base!$A$3:$A$5001,G$3,Base!$B$3:$B$5001,$A$61))) | H77: =IF(H$3="","",IF(COUNTIFS(Base!$A$3:$A$5001,H$3,Base!$B$3:$B$5001,$A$61,Base!$AD$3:$AD$5001,"<>")=0,"",SUMIFS(Base!$AD$3:$AD$5001,Base!$A$3:$A$5001,H$3,Base!$B$3:$B$5001,$A$61))) | I77: =IF(I$3="","",IF(COUNTIFS(Base!$A$3:$A$5001,I$3,Base!$B$3:$B$5001,$A$61,Base!$AD$3:$AD$5001,"<>")=0,"",SUMIFS(Base!$AD$3:$AD$5001,Base!$A$3:$A$5001,I$3,Base!$B$3:$B$5001,$A$61))) | J77: =IF(J$3="","",IF(COUNTIFS(Base!$A$3:$A$5001,J$3,Base!$B$3:$B$5001,$A$61,Base!$AD$3:$AD$5001,"<>")=0,"",SUMIFS(Base!$AD$3:$AD$5001,Base!$A$3:$A$5001,J$3,Base!$B$3:$B$5001,$A$61))) | K77: =IF(K$3="","",IF(COUNTIFS(Base!$A$3:$A$5001,K$3,Base!$B$3:$B$5001,$A$61,Base!$AD$3:$AD$5001,"<>")=0,"",SUMIFS(Base!$AD$3:$AD$5001,Base!$A$3:$A$5001,K$3,Base!$B$3:$B$5001,$A$61))) | L77: =IF(L$3="","",IF(COUNTIFS(Base!$A$3:$A$5001,L$3,Base!$B$3:$B$5001,$A$61,Base!$AD$3:$AD$5001,"<>")=0,"",SUMIFS(Base!$AD$3:$AD$5001,Base!$A$3:$A$5001,L$3,Base!$B$3:$B$5001,$A$61))) | M77: =IF(M$3="","",IF(COUNTIFS(Base!$A$3:$A$5001,M$3,Base!$B$3:$B$5001,$A$61,Base!$AD$3:$AD$5001,"<>")=0,"",SUMIFS(Base!$AD$3:$AD$5001,Base!$A$3:$A$5001,M$3,Base!$B$3:$B$5001,$A$61))) | ... AJ77: =IF(AJ$3="","",IF(COUNTIFS(Base!$A$3:$A$5001,AJ$3,Base!$B$3:$B$5001,$A$61,Base!$AD$3:$AD$5001,"<>")=0,"",SUMIFS(Base!$AD$3:$AD$5001,Base!$A$3:$A$5001,AJ$3,Base!$B$3:$B$5001,$A$61))) | AK77: =IF(COUNT(F77:AJ77)=0,"",SUM(F77:AJ77))
A79: GE VERNOVA | B79: IN | C79: Veículos Recebidos | D79: =IFERROR(1/(1/INDEX(calculos!$C$55:$K$83,MATCH("IN Veículos Recebidos",calculos!$A$55:$A$83,0),MATCH($A$79,calculos!$C$54:$K$54,0))),"") | F79: =IF(F$3="","",IF(COUNTIFS(Base!$A$3:$A$5001,F$3,Base!$B$3:$B$5001,$A$79,Base!$C$3:$C$5001,"<>")=0,"",SUMIFS(Base!$C$3:$C$5001,Base!$A$3:$A$5001,F$3,Base!$B$3:$B$5001,$A$79))) | G79: =IF(G$3="","",IF(COUNTIFS(Base!$A$3:$A$5001,G$3,Base!$B$3:$B$5001,$A$79,Base!$C$3:$C$5001,"<>")=0,"",SUMIFS(Base!$C$3:$C$5001,Base!$A$3:$A$5001,G$3,Base!$B$3:$B$5001,$A$79))) | H79: =IF(H$3="","",IF(COUNTIFS(Base!$A$3:$A$5001,H$3,Base!$B$3:$B$5001,$A$79,Base!$C$3:$C$5001,"<>")=0,"",SUMIFS(Base!$C$3:$C$5001,Base!$A$3:$A$5001,H$3,Base!$B$3:$B$5001,$A$79))) | I79: =IF(I$3="","",IF(COUNTIFS(Base!$A$3:$A$5001,I$3,Base!$B$3:$B$5001,$A$79,Base!$C$3:$C$5001,"<>")=0,"",SUMIFS(Base!$C$3:$C$5001,Base!$A$3:$A$5001,I$3,Base!$B$3:$B$5001,$A$79))) | J79: =IF(J$3="","",IF(COUNTIFS(Base!$A$3:$A$5001,J$3,Base!$B$3:$B$5001,$A$79,Base!$C$3:$C$5001,"<>")=0,"",SUMIFS(Base!$C$3:$C$5001,Base!$A$3:$A$5001,J$3,Base!$B$3:$B$5001,$A$79))) | K79: =IF(K$3="","",IF(COUNTIFS(Base!$A$3:$A$5001,K$3,Base!$B$3:$B$5001,$A$79,Base!$C$3:$C$5001,"<>")=0,"",SUMIFS(Base!$C$3:$C$5001,Base!$A$3:$A$5001,K$3,Base!$B$3:$B$5001,$A$79))) | L79: =IF(L$3="","",IF(COUNTIFS(Base!$A$3:$A$5001,L$3,Base!$B$3:$B$5001,$A$79,Base!$C$3:$C$5001,"<>")=0,"",SUMIFS(Base!$C$3:$C$5001,Base!$A$3:$A$5001,L$3,Base!$B$3:$B$5001,$A$79))) | M79: =IF(M$3="","",IF(COUNTIFS(Base!$A$3:$A$5001,M$3,Base!$B$3:$B$5001,$A$79,Base!$C$3:$C$5001,"<>")=0,"",SUMIFS(Base!$C$3:$C$5001,Base!$A$3:$A$5001,M$3,Base!$B$3:$B$5001,$A$79))) | ... AJ79: =IF(AJ$3="","",IF(COUNTIFS(Base!$A$3:$A$5001,AJ$3,Base!$B$3:$B$5001,$A$79,Base!$C$3:$C$5001,"<>")=0,"",SUMIFS(Base!$C$3:$C$5001,Base!$A$3:$A$5001,AJ$3,Base!$B$3:$B$5001,$A$79))) | AK79: =IF(COUNT(F79:AJ79)=0,"",SUM(F79:AJ79))
C80: Pallets Movimentados | D80: =IFERROR(1/(1/INDEX(calculos!$C$55:$K$83,MATCH("IN Pallets Movimentados",calculos!$A$55:$A$83,0),MATCH($A$79,calculos!$C$54:$K$54,0))),"") | F80: =IF(F$3="","",IF(COUNTIFS(Base!$A$3:$A$5001,F$3,Base!$B$3:$B$5001,$A$79,Base!$D$3:$D$5001,"<>")=0,"",SUMIFS(Base!$D$3:$D$5001,Base!$A$3:$A$5001,F$3,Base!$B$3:$B$5001,$A$79))) | G80: =IF(G$3="","",IF(COUNTIFS(Base!$A$3:$A$5001,G$3,Base!$B$3:$B$5001,$A$79,Base!$D$3:$D$5001,"<>")=0,"",SUMIFS(Base!$D$3:$D$5001,Base!$A$3:$A$5001,G$3,Base!$B$3:$B$5001,$A$79))) | H80: =IF(H$3="","",IF(COUNTIFS(Base!$A$3:$A$5001,H$3,Base!$B$3:$B$5001,$A$79,Base!$D$3:$D$5001,"<>")=0,"",SUMIFS(Base!$D$3:$D$5001,Base!$A$3:$A$5001,H$3,Base!$B$3:$B$5001,$A$79))) | I80: =IF(I$3="","",IF(COUNTIFS(Base!$A$3:$A$5001,I$3,Base!$B$3:$B$5001,$A$79,Base!$D$3:$D$5001,"<>")=0,"",SUMIFS(Base!$D$3:$D$5001,Base!$A$3:$A$5001,I$3,Base!$B$3:$B$5001,$A$79))) | J80: =IF(J$3="","",IF(COUNTIFS(Base!$A$3:$A$5001,J$3,Base!$B$3:$B$5001,$A$79,Base!$D$3:$D$5001,"<>")=0,"",SUMIFS(Base!$D$3:$D$5001,Base!$A$3:$A$5001,J$3,Base!$B$3:$B$5001,$A$79))) | K80: =IF(K$3="","",IF(COUNTIFS(Base!$A$3:$A$5001,K$3,Base!$B$3:$B$5001,$A$79,Base!$D$3:$D$5001,"<>")=0,"",SUMIFS(Base!$D$3:$D$5001,Base!$A$3:$A$5001,K$3,Base!$B$3:$B$5001,$A$79))) | L80: =IF(L$3="","",IF(COUNTIFS(Base!$A$3:$A$5001,L$3,Base!$B$3:$B$5001,$A$79,Base!$D$3:$D$5001,"<>")=0,"",SUMIFS(Base!$D$3:$D$5001,Base!$A$3:$A$5001,L$3,Base!$B$3:$B$5001,$A$79))) | M80: =IF(M$3="","",IF(COUNTIFS(Base!$A$3:$A$5001,M$3,Base!$B$3:$B$5001,$A$79,Base!$D$3:$D$5001,"<>")=0,"",SUMIFS(Base!$D$3:$D$5001,Base!$A$3:$A$5001,M$3,Base!$B$3:$B$5001,$A$79))) | ... AJ80: =IF(AJ$3="","",IF(COUNTIFS(Base!$A$3:$A$5001,AJ$3,Base!$B$3:$B$5001,$A$79,Base!$D$3:$D$5001,"<>")=0,"",SUMIFS(Base!$D$3:$D$5001,Base!$A$3:$A$5001,AJ$3,Base!$B$3:$B$5001,$A$79))) | AK80: =IF(COUNT(F80:AJ80)=0,"",SUM(F80:AJ80))
C81: Peças Movimentadas | D81: =IFERROR(1/(1/INDEX(calculos!$C$55:$K$83,MATCH("IN Peças Movimentadas",calculos!$A$55:$A$83,0),MATCH($A$79,calculos!$C$54:$K$54,0))),"") | F81: =IF(F$3="","",IF(COUNTIFS(Base!$A$3:$A$5001,F$3,Base!$B$3:$B$5001,$A$79,Base!$J$3:$J$5001,"<>")=0,"",SUMIFS(Base!$J$3:$J$5001,Base!$A$3:$A$5001,F$3,Base!$B$3:$B$5001,$A$79))) | G81: =IF(G$3="","",IF(COUNTIFS(Base!$A$3:$A$5001,G$3,Base!$B$3:$B$5001,$A$79,Base!$J$3:$J$5001,"<>")=0,"",SUMIFS(Base!$J$3:$J$5001,Base!$A$3:$A$5001,G$3,Base!$B$3:$B$5001,$A$79))) | H81: =IF(H$3="","",IF(COUNTIFS(Base!$A$3:$A$5001,H$3,Base!$B$3:$B$5001,$A$79,Base!$J$3:$J$5001,"<>")=0,"",SUMIFS(Base!$J$3:$J$5001,Base!$A$3:$A$5001,H$3,Base!$B$3:$B$5001,$A$79))) | I81: =IF(I$3="","",IF(COUNTIFS(Base!$A$3:$A$5001,I$3,Base!$B$3:$B$5001,$A$79,Base!$J$3:$J$5001,"<>")=0,"",SUMIFS(Base!$J$3:$J$5001,Base!$A$3:$A$5001,I$3,Base!$B$3:$B$5001,$A$79))) | J81: =IF(J$3="","",IF(COUNTIFS(Base!$A$3:$A$5001,J$3,Base!$B$3:$B$5001,$A$79,Base!$J$3:$J$5001,"<>")=0,"",SUMIFS(Base!$J$3:$J$5001,Base!$A$3:$A$5001,J$3,Base!$B$3:$B$5001,$A$79))) | K81: =IF(K$3="","",IF(COUNTIFS(Base!$A$3:$A$5001,K$3,Base!$B$3:$B$5001,$A$79,Base!$J$3:$J$5001,"<>")=0,"",SUMIFS(Base!$J$3:$J$5001,Base!$A$3:$A$5001,K$3,Base!$B$3:$B$5001,$A$79))) | L81: =IF(L$3="","",IF(COUNTIFS(Base!$A$3:$A$5001,L$3,Base!$B$3:$B$5001,$A$79,Base!$J$3:$J$5001,"<>")=0,"",SUMIFS(Base!$J$3:$J$5001,Base!$A$3:$A$5001,L$3,Base!$B$3:$B$5001,$A$79))) | M81: =IF(M$3="","",IF(COUNTIFS(Base!$A$3:$A$5001,M$3,Base!$B$3:$B$5001,$A$79,Base!$J$3:$J$5001,"<>")=0,"",SUMIFS(Base!$J$3:$J$5001,Base!$A$3:$A$5001,M$3,Base!$B$3:$B$5001,$A$79))) | ... AJ81: =IF(AJ$3="","",IF(COUNTIFS(Base!$A$3:$A$5001,AJ$3,Base!$B$3:$B$5001,$A$79,Base!$J$3:$J$5001,"<>")=0,"",SUMIFS(Base!$J$3:$J$5001,Base!$A$3:$A$5001,AJ$3,Base!$B$3:$B$5001,$A$79))) | AK81: =IF(COUNT(F81:AJ81)=0,"",SUM(F81:AJ81))
C82: Linhas NF | D82: =IFERROR(1/(1/INDEX(calculos!$C$55:$K$83,MATCH("IN Linhas NF",calculos!$A$55:$A$83,0),MATCH($A$79,calculos!$C$54:$K$54,0))),"") | F82: =IF(F$3="","",IF(COUNTIFS(Base!$A$3:$A$5001,F$3,Base!$B$3:$B$5001,$A$79,Base!$K$3:$K$5001,"<>")=0,"",SUMIFS(Base!$K$3:$K$5001,Base!$A$3:$A$5001,F$3,Base!$B$3:$B$5001,$A$79))) | G82: =IF(G$3="","",IF(COUNTIFS(Base!$A$3:$A$5001,G$3,Base!$B$3:$B$5001,$A$79,Base!$K$3:$K$5001,"<>")=0,"",SUMIFS(Base!$K$3:$K$5001,Base!$A$3:$A$5001,G$3,Base!$B$3:$B$5001,$A$79))) | H82: =IF(H$3="","",IF(COUNTIFS(Base!$A$3:$A$5001,H$3,Base!$B$3:$B$5001,$A$79,Base!$K$3:$K$5001,"<>")=0,"",SUMIFS(Base!$K$3:$K$5001,Base!$A$3:$A$5001,H$3,Base!$B$3:$B$5001,$A$79))) | I82: =IF(I$3="","",IF(COUNTIFS(Base!$A$3:$A$5001,I$3,Base!$B$3:$B$5001,$A$79,Base!$K$3:$K$5001,"<>")=0,"",SUMIFS(Base!$K$3:$K$5001,Base!$A$3:$A$5001,I$3,Base!$B$3:$B$5001,$A$79))) | J82: =IF(J$3="","",IF(COUNTIFS(Base!$A$3:$A$5001,J$3,Base!$B$3:$B$5001,$A$79,Base!$K$3:$K$5001,"<>")=0,"",SUMIFS(Base!$K$3:$K$5001,Base!$A$3:$A$5001,J$3,Base!$B$3:$B$5001,$A$79))) | K82: =IF(K$3="","",IF(COUNTIFS(Base!$A$3:$A$5001,K$3,Base!$B$3:$B$5001,$A$79,Base!$K$3:$K$5001,"<>")=0,"",SUMIFS(Base!$K$3:$K$5001,Base!$A$3:$A$5001,K$3,Base!$B$3:$B$5001,$A$79))) | L82: =IF(L$3="","",IF(COUNTIFS(Base!$A$3:$A$5001,L$3,Base!$B$3:$B$5001,$A$79,Base!$K$3:$K$5001,"<>")=0,"",SUMIFS(Base!$K$3:$K$5001,Base!$A$3:$A$5001,L$3,Base!$B$3:$B$5001,$A$79))) | M82: =IF(M$3="","",IF(COUNTIFS(Base!$A$3:$A$5001,M$3,Base!$B$3:$B$5001,$A$79,Base!$K$3:$K$5001,"<>")=0,"",SUMIFS(Base!$K$3:$K$5001,Base!$A$3:$A$5001,M$3,Base!$B$3:$B$5001,$A$79))) | ... AJ82: =IF(AJ$3="","",IF(COUNTIFS(Base!$A$3:$A$5001,AJ$3,Base!$B$3:$B$5001,$A$79,Base!$K$3:$K$5001,"<>")=0,"",SUMIFS(Base!$K$3:$K$5001,Base!$A$3:$A$5001,AJ$3,Base!$B$3:$B$5001,$A$79))) | AK82: =IF(COUNT(F82:AJ82)=0,"",SUM(F82:AJ82))
B83: OUT | C83: Veículos Expedidos | D83: =IFERROR(1/(1/INDEX(calculos!$C$55:$K$83,MATCH("OUT Veículos Expedidos",calculos!$A$55:$A$83,0),MATCH($A$79,calculos!$C$54:$K$54,0))),"") | F83: =IF(F$3="","",IF(COUNTIFS(Base!$A$3:$A$5001,F$3,Base!$B$3:$B$5001,$A$79,Base!$L$3:$L$5001,"<>")=0,"",SUMIFS(Base!$L$3:$L$5001,Base!$A$3:$A$5001,F$3,Base!$B$3:$B$5001,$A$79))) | G83: =IF(G$3="","",IF(COUNTIFS(Base!$A$3:$A$5001,G$3,Base!$B$3:$B$5001,$A$79,Base!$L$3:$L$5001,"<>")=0,"",SUMIFS(Base!$L$3:$L$5001,Base!$A$3:$A$5001,G$3,Base!$B$3:$B$5001,$A$79))) | H83: =IF(H$3="","",IF(COUNTIFS(Base!$A$3:$A$5001,H$3,Base!$B$3:$B$5001,$A$79,Base!$L$3:$L$5001,"<>")=0,"",SUMIFS(Base!$L$3:$L$5001,Base!$A$3:$A$5001,H$3,Base!$B$3:$B$5001,$A$79))) | I83: =IF(I$3="","",IF(COUNTIFS(Base!$A$3:$A$5001,I$3,Base!$B$3:$B$5001,$A$79,Base!$L$3:$L$5001,"<>")=0,"",SUMIFS(Base!$L$3:$L$5001,Base!$A$3:$A$5001,I$3,Base!$B$3:$B$5001,$A$79))) | J83: =IF(J$3="","",IF(COUNTIFS(Base!$A$3:$A$5001,J$3,Base!$B$3:$B$5001,$A$79,Base!$L$3:$L$5001,"<>")=0,"",SUMIFS(Base!$L$3:$L$5001,Base!$A$3:$A$5001,J$3,Base!$B$3:$B$5001,$A$79))) | K83: =IF(K$3="","",IF(COUNTIFS(Base!$A$3:$A$5001,K$3,Base!$B$3:$B$5001,$A$79,Base!$L$3:$L$5001,"<>")=0,"",SUMIFS(Base!$L$3:$L$5001,Base!$A$3:$A$5001,K$3,Base!$B$3:$B$5001,$A$79))) | L83: =IF(L$3="","",IF(COUNTIFS(Base!$A$3:$A$5001,L$3,Base!$B$3:$B$5001,$A$79,Base!$L$3:$L$5001,"<>")=0,"",SUMIFS(Base!$L$3:$L$5001,Base!$A$3:$A$5001,L$3,Base!$B$3:$B$5001,$A$79))) | M83: =IF(M$3="","",IF(COUNTIFS(Base!$A$3:$A$5001,M$3,Base!$B$3:$B$5001,$A$79,Base!$L$3:$L$5001,"<>")=0,"",SUMIFS(Base!$L$3:$L$5001,Base!$A$3:$A$5001,M$3,Base!$B$3:$B$5001,$A$79))) | ... AJ83: =IF(AJ$3="","",IF(COUNTIFS(Base!$A$3:$A$5001,AJ$3,Base!$B$3:$B$5001,$A$79,Base!$L$3:$L$5001,"<>")=0,"",SUMIFS(Base!$L$3:$L$5001,Base!$A$3:$A$5001,AJ$3,Base!$B$3:$B$5001,$A$79))) | AK83: =IF(COUNT(F83:AJ83)=0,"",SUM(F83:AJ83))
C84: Pallets Movimentados | D84: =IFERROR(1/(1/INDEX(calculos!$C$55:$K$83,MATCH("OUT Pallets Movimentados",calculos!$A$55:$A$83,0),MATCH($A$79,calculos!$C$54:$K$54,0))),"") | F84: =IF(F$3="","",IF(COUNTIFS(Base!$A$3:$A$5001,F$3,Base!$B$3:$B$5001,$A$79,Base!$M$3:$M$5001,"<>")=0,"",SUMIFS(Base!$M$3:$M$5001,Base!$A$3:$A$5001,F$3,Base!$B$3:$B$5001,$A$79))) | G84: =IF(G$3="","",IF(COUNTIFS(Base!$A$3:$A$5001,G$3,Base!$B$3:$B$5001,$A$79,Base!$M$3:$M$5001,"<>")=0,"",SUMIFS(Base!$M$3:$M$5001,Base!$A$3:$A$5001,G$3,Base!$B$3:$B$5001,$A$79))) | H84: =IF(H$3="","",IF(COUNTIFS(Base!$A$3:$A$5001,H$3,Base!$B$3:$B$5001,$A$79,Base!$M$3:$M$5001,"<>")=0,"",SUMIFS(Base!$M$3:$M$5001,Base!$A$3:$A$5001,H$3,Base!$B$3:$B$5001,$A$79))) | I84: =IF(I$3="","",IF(COUNTIFS(Base!$A$3:$A$5001,I$3,Base!$B$3:$B$5001,$A$79,Base!$M$3:$M$5001,"<>")=0,"",SUMIFS(Base!$M$3:$M$5001,Base!$A$3:$A$5001,I$3,Base!$B$3:$B$5001,$A$79))) | J84: =IF(J$3="","",IF(COUNTIFS(Base!$A$3:$A$5001,J$3,Base!$B$3:$B$5001,$A$79,Base!$M$3:$M$5001,"<>")=0,"",SUMIFS(Base!$M$3:$M$5001,Base!$A$3:$A$5001,J$3,Base!$B$3:$B$5001,$A$79))) | K84: =IF(K$3="","",IF(COUNTIFS(Base!$A$3:$A$5001,K$3,Base!$B$3:$B$5001,$A$79,Base!$M$3:$M$5001,"<>")=0,"",SUMIFS(Base!$M$3:$M$5001,Base!$A$3:$A$5001,K$3,Base!$B$3:$B$5001,$A$79))) | L84: =IF(L$3="","",IF(COUNTIFS(Base!$A$3:$A$5001,L$3,Base!$B$3:$B$5001,$A$79,Base!$M$3:$M$5001,"<>")=0,"",SUMIFS(Base!$M$3:$M$5001,Base!$A$3:$A$5001,L$3,Base!$B$3:$B$5001,$A$79))) | M84: =IF(M$3="","",IF(COUNTIFS(Base!$A$3:$A$5001,M$3,Base!$B$3:$B$5001,$A$79,Base!$M$3:$M$5001,"<>")=0,"",SUMIFS(Base!$M$3:$M$5001,Base!$A$3:$A$5001,M$3,Base!$B$3:$B$5001,$A$79))) | ... AJ84: =IF(AJ$3="","",IF(COUNTIFS(Base!$A$3:$A$5001,AJ$3,Base!$B$3:$B$5001,$A$79,Base!$M$3:$M$5001,"<>")=0,"",SUMIFS(Base!$M$3:$M$5001,Base!$A$3:$A$5001,AJ$3,Base!$B$3:$B$5001,$A$79))) | AK84: =IF(COUNT(F84:AJ84)=0,"",SUM(F84:AJ84))
C85: Peças Movimentadas | D85: =IFERROR(1/(1/INDEX(calculos!$C$55:$K$83,MATCH("OUT Peças Movimentadas",calculos!$A$55:$A$83,0),MATCH($A$79,calculos!$C$54:$K$54,0))),"") | F85: =IF(F$3="","",IF(COUNTIFS(Base!$A$3:$A$5001,F$3,Base!$B$3:$B$5001,$A$79,Base!$S$3:$S$5001,"<>")=0,"",SUMIFS(Base!$S$3:$S$5001,Base!$A$3:$A$5001,F$3,Base!$B$3:$B$5001,$A$79))) | G85: =IF(G$3="","",IF(COUNTIFS(Base!$A$3:$A$5001,G$3,Base!$B$3:$B$5001,$A$79,Base!$S$3:$S$5001,"<>")=0,"",SUMIFS(Base!$S$3:$S$5001,Base!$A$3:$A$5001,G$3,Base!$B$3:$B$5001,$A$79))) | H85: =IF(H$3="","",IF(COUNTIFS(Base!$A$3:$A$5001,H$3,Base!$B$3:$B$5001,$A$79,Base!$S$3:$S$5001,"<>")=0,"",SUMIFS(Base!$S$3:$S$5001,Base!$A$3:$A$5001,H$3,Base!$B$3:$B$5001,$A$79))) | I85: =IF(I$3="","",IF(COUNTIFS(Base!$A$3:$A$5001,I$3,Base!$B$3:$B$5001,$A$79,Base!$S$3:$S$5001,"<>")=0,"",SUMIFS(Base!$S$3:$S$5001,Base!$A$3:$A$5001,I$3,Base!$B$3:$B$5001,$A$79))) | J85: =IF(J$3="","",IF(COUNTIFS(Base!$A$3:$A$5001,J$3,Base!$B$3:$B$5001,$A$79,Base!$S$3:$S$5001,"<>")=0,"",SUMIFS(Base!$S$3:$S$5001,Base!$A$3:$A$5001,J$3,Base!$B$3:$B$5001,$A$79))) | K85: =IF(K$3="","",IF(COUNTIFS(Base!$A$3:$A$5001,K$3,Base!$B$3:$B$5001,$A$79,Base!$S$3:$S$5001,"<>")=0,"",SUMIFS(Base!$S$3:$S$5001,Base!$A$3:$A$5001,K$3,Base!$B$3:$B$5001,$A$79))) | L85: =IF(L$3="","",IF(COUNTIFS(Base!$A$3:$A$5001,L$3,Base!$B$3:$B$5001,$A$79,Base!$S$3:$S$5001,"<>")=0,"",SUMIFS(Base!$S$3:$S$5001,Base!$A$3:$A$5001,L$3,Base!$B$3:$B$5001,$A$79))) | M85: =IF(M$3="","",IF(COUNTIFS(Base!$A$3:$A$5001,M$3,Base!$B$3:$B$5001,$A$79,Base!$S$3:$S$5001,"<>")=0,"",SUMIFS(Base!$S$3:$S$5001,Base!$A$3:$A$5001,M$3,Base!$B$3:$B$5001,$A$79))) | ... AJ85: =IF(AJ$3="","",IF(COUNTIFS(Base!$A$3:$A$5001,AJ$3,Base!$B$3:$B$5001,$A$79,Base!$S$3:$S$5001,"<>")=0,"",SUMIFS(Base!$S$3:$S$5001,Base!$A$3:$A$5001,AJ$3,Base!$B$3:$B$5001,$A$79))) | AK85: =IF(COUNT(F85:AJ85)=0,"",SUM(F85:AJ85))
C86: Linhas NF | D86: =IFERROR(1/(1/INDEX(calculos!$C$55:$K$83,MATCH("OUT Linhas NF",calculos!$A$55:$A$83,0),MATCH($A$79,calculos!$C$54:$K$54,0))),"") | F86: =IF(F$3="","",IF(COUNTIFS(Base!$A$3:$A$5001,F$3,Base!$B$3:$B$5001,$A$79,Base!$T$3:$T$5001,"<>")=0,"",SUMIFS(Base!$T$3:$T$5001,Base!$A$3:$A$5001,F$3,Base!$B$3:$B$5001,$A$79))) | G86: =IF(G$3="","",IF(COUNTIFS(Base!$A$3:$A$5001,G$3,Base!$B$3:$B$5001,$A$79,Base!$T$3:$T$5001,"<>")=0,"",SUMIFS(Base!$T$3:$T$5001,Base!$A$3:$A$5001,G$3,Base!$B$3:$B$5001,$A$79))) | H86: =IF(H$3="","",IF(COUNTIFS(Base!$A$3:$A$5001,H$3,Base!$B$3:$B$5001,$A$79,Base!$T$3:$T$5001,"<>")=0,"",SUMIFS(Base!$T$3:$T$5001,Base!$A$3:$A$5001,H$3,Base!$B$3:$B$5001,$A$79))) | I86: =IF(I$3="","",IF(COUNTIFS(Base!$A$3:$A$5001,I$3,Base!$B$3:$B$5001,$A$79,Base!$T$3:$T$5001,"<>")=0,"",SUMIFS(Base!$T$3:$T$5001,Base!$A$3:$A$5001,I$3,Base!$B$3:$B$5001,$A$79))) | J86: =IF(J$3="","",IF(COUNTIFS(Base!$A$3:$A$5001,J$3,Base!$B$3:$B$5001,$A$79,Base!$T$3:$T$5001,"<>")=0,"",SUMIFS(Base!$T$3:$T$5001,Base!$A$3:$A$5001,J$3,Base!$B$3:$B$5001,$A$79))) | K86: =IF(K$3="","",IF(COUNTIFS(Base!$A$3:$A$5001,K$3,Base!$B$3:$B$5001,$A$79,Base!$T$3:$T$5001,"<>")=0,"",SUMIFS(Base!$T$3:$T$5001,Base!$A$3:$A$5001,K$3,Base!$B$3:$B$5001,$A$79))) | L86: =IF(L$3="","",IF(COUNTIFS(Base!$A$3:$A$5001,L$3,Base!$B$3:$B$5001,$A$79,Base!$T$3:$T$5001,"<>")=0,"",SUMIFS(Base!$T$3:$T$5001,Base!$A$3:$A$5001,L$3,Base!$B$3:$B$5001,$A$79))) | M86: =IF(M$3="","",IF(COUNTIFS(Base!$A$3:$A$5001,M$3,Base!$B$3:$B$5001,$A$79,Base!$T$3:$T$5001,"<>")=0,"",SUMIFS(Base!$T$3:$T$5001,Base!$A$3:$A$5001,M$3,Base!$B$3:$B$5001,$A$79))) | ... AJ86: =IF(AJ$3="","",IF(COUNTIFS(Base!$A$3:$A$5001,AJ$3,Base!$B$3:$B$5001,$A$79,Base!$T$3:$T$5001,"<>")=0,"",SUMIFS(Base!$T$3:$T$5001,Base!$A$3:$A$5001,AJ$3,Base!$B$3:$B$5001,$A$79))) | AK86: =IF(COUNT(F86:AJ86)=0,"",SUM(F86:AJ86))
B87: NC | C87: Incidentes | D87: =IFERROR(1/(1/INDEX(calculos!$C$55:$K$83,MATCH("NC Incidentes",calculos!$A$55:$A$83,0),MATCH($A$79,calculos!$C$54:$K$54,0))),"") | F87: =IF(F$3="","",IF(COUNTIFS(Base!$A$3:$A$5001,F$3,Base!$B$3:$B$5001,$A$79,Base!$U$3:$U$5001,"<>")=0,"",SUMIFS(Base!$U$3:$U$5001,Base!$A$3:$A$5001,F$3,Base!$B$3:$B$5001,$A$79))) | G87: =IF(G$3="","",IF(COUNTIFS(Base!$A$3:$A$5001,G$3,Base!$B$3:$B$5001,$A$79,Base!$U$3:$U$5001,"<>")=0,"",SUMIFS(Base!$U$3:$U$5001,Base!$A$3:$A$5001,G$3,Base!$B$3:$B$5001,$A$79))) | H87: =IF(H$3="","",IF(COUNTIFS(Base!$A$3:$A$5001,H$3,Base!$B$3:$B$5001,$A$79,Base!$U$3:$U$5001,"<>")=0,"",SUMIFS(Base!$U$3:$U$5001,Base!$A$3:$A$5001,H$3,Base!$B$3:$B$5001,$A$79))) | I87: =IF(I$3="","",IF(COUNTIFS(Base!$A$3:$A$5001,I$3,Base!$B$3:$B$5001,$A$79,Base!$U$3:$U$5001,"<>")=0,"",SUMIFS(Base!$U$3:$U$5001,Base!$A$3:$A$5001,I$3,Base!$B$3:$B$5001,$A$79))) | J87: =IF(J$3="","",IF(COUNTIFS(Base!$A$3:$A$5001,J$3,Base!$B$3:$B$5001,$A$79,Base!$U$3:$U$5001,"<>")=0,"",SUMIFS(Base!$U$3:$U$5001,Base!$A$3:$A$5001,J$3,Base!$B$3:$B$5001,$A$79))) | K87: =IF(K$3="","",IF(COUNTIFS(Base!$A$3:$A$5001,K$3,Base!$B$3:$B$5001,$A$79,Base!$U$3:$U$5001,"<>")=0,"",SUMIFS(Base!$U$3:$U$5001,Base!$A$3:$A$5001,K$3,Base!$B$3:$B$5001,$A$79))) | L87: =IF(L$3="","",IF(COUNTIFS(Base!$A$3:$A$5001,L$3,Base!$B$3:$B$5001,$A$79,Base!$U$3:$U$5001,"<>")=0,"",SUMIFS(Base!$U$3:$U$5001,Base!$A$3:$A$5001,L$3,Base!$B$3:$B$5001,$A$79))) | M87: =IF(M$3="","",IF(COUNTIFS(Base!$A$3:$A$5001,M$3,Base!$B$3:$B$5001,$A$79,Base!$U$3:$U$5001,"<>")=0,"",SUMIFS(Base!$U$3:$U$5001,Base!$A$3:$A$5001,M$3,Base!$B$3:$B$5001,$A$79))) | ... AJ87: =IF(AJ$3="","",IF(COUNTIFS(Base!$A$3:$A$5001,AJ$3,Base!$B$3:$B$5001,$A$79,Base!$U$3:$U$5001,"<>")=0,"",SUMIFS(Base!$U$3:$U$5001,Base!$A$3:$A$5001,AJ$3,Base!$B$3:$B$5001,$A$79))) | AK87: =IF(COUNT(F87:AJ87)=0,"",SUM(F87:AJ87))
C88: No show | D88: =IFERROR(1/(1/INDEX(calculos!$C$55:$K$83,MATCH("NC No show",calculos!$A$55:$A$83,0),MATCH($A$79,calculos!$C$54:$K$54,0))),"") | F88: =IF(F$3="","",IF(COUNTIFS(Base!$A$3:$A$5001,F$3,Base!$B$3:$B$5001,$A$79,Base!$V$3:$V$5001,"<>")=0,"",SUMIFS(Base!$V$3:$V$5001,Base!$A$3:$A$5001,F$3,Base!$B$3:$B$5001,$A$79))) | G88: =IF(G$3="","",IF(COUNTIFS(Base!$A$3:$A$5001,G$3,Base!$B$3:$B$5001,$A$79,Base!$V$3:$V$5001,"<>")=0,"",SUMIFS(Base!$V$3:$V$5001,Base!$A$3:$A$5001,G$3,Base!$B$3:$B$5001,$A$79))) | H88: =IF(H$3="","",IF(COUNTIFS(Base!$A$3:$A$5001,H$3,Base!$B$3:$B$5001,$A$79,Base!$V$3:$V$5001,"<>")=0,"",SUMIFS(Base!$V$3:$V$5001,Base!$A$3:$A$5001,H$3,Base!$B$3:$B$5001,$A$79))) | I88: =IF(I$3="","",IF(COUNTIFS(Base!$A$3:$A$5001,I$3,Base!$B$3:$B$5001,$A$79,Base!$V$3:$V$5001,"<>")=0,"",SUMIFS(Base!$V$3:$V$5001,Base!$A$3:$A$5001,I$3,Base!$B$3:$B$5001,$A$79))) | J88: =IF(J$3="","",IF(COUNTIFS(Base!$A$3:$A$5001,J$3,Base!$B$3:$B$5001,$A$79,Base!$V$3:$V$5001,"<>")=0,"",SUMIFS(Base!$V$3:$V$5001,Base!$A$3:$A$5001,J$3,Base!$B$3:$B$5001,$A$79))) | K88: =IF(K$3="","",IF(COUNTIFS(Base!$A$3:$A$5001,K$3,Base!$B$3:$B$5001,$A$79,Base!$V$3:$V$5001,"<>")=0,"",SUMIFS(Base!$V$3:$V$5001,Base!$A$3:$A$5001,K$3,Base!$B$3:$B$5001,$A$79))) | L88: =IF(L$3="","",IF(COUNTIFS(Base!$A$3:$A$5001,L$3,Base!$B$3:$B$5001,$A$79,Base!$V$3:$V$5001,"<>")=0,"",SUMIFS(Base!$V$3:$V$5001,Base!$A$3:$A$5001,L$3,Base!$B$3:$B$5001,$A$79))) | M88: =IF(M$3="","",IF(COUNTIFS(Base!$A$3:$A$5001,M$3,Base!$B$3:$B$5001,$A$79,Base!$V$3:$V$5001,"<>")=0,"",SUMIFS(Base!$V$3:$V$5001,Base!$A$3:$A$5001,M$3,Base!$B$3:$B$5001,$A$79))) | ... AJ88: =IF(AJ$3="","",IF(COUNTIFS(Base!$A$3:$A$5001,AJ$3,Base!$B$3:$B$5001,$A$79,Base!$V$3:$V$5001,"<>")=0,"",SUMIFS(Base!$V$3:$V$5001,Base!$A$3:$A$5001,AJ$3,Base!$B$3:$B$5001,$A$79))) | AK88: =IF(COUNT(F88:AJ88)=0,"",SUM(F88:AJ88))
C89: Backlog | D89: =IFERROR(1/(1/INDEX(calculos!$C$55:$K$83,MATCH("NC Backlog",calculos!$A$55:$A$83,0),MATCH($A$79,calculos!$C$54:$K$54,0))),"") | F89: =IF(F$3="","",IF(COUNTIFS(Base!$A$3:$A$5001,F$3,Base!$B$3:$B$5001,$A$79,Base!$W$3:$W$5001,"<>")=0,"",SUMIFS(Base!$W$3:$W$5001,Base!$A$3:$A$5001,F$3,Base!$B$3:$B$5001,$A$79))) | G89: =IF(G$3="","",IF(COUNTIFS(Base!$A$3:$A$5001,G$3,Base!$B$3:$B$5001,$A$79,Base!$W$3:$W$5001,"<>")=0,"",SUMIFS(Base!$W$3:$W$5001,Base!$A$3:$A$5001,G$3,Base!$B$3:$B$5001,$A$79))) | H89: =IF(H$3="","",IF(COUNTIFS(Base!$A$3:$A$5001,H$3,Base!$B$3:$B$5001,$A$79,Base!$W$3:$W$5001,"<>")=0,"",SUMIFS(Base!$W$3:$W$5001,Base!$A$3:$A$5001,H$3,Base!$B$3:$B$5001,$A$79))) | I89: =IF(I$3="","",IF(COUNTIFS(Base!$A$3:$A$5001,I$3,Base!$B$3:$B$5001,$A$79,Base!$W$3:$W$5001,"<>")=0,"",SUMIFS(Base!$W$3:$W$5001,Base!$A$3:$A$5001,I$3,Base!$B$3:$B$5001,$A$79))) | J89: =IF(J$3="","",IF(COUNTIFS(Base!$A$3:$A$5001,J$3,Base!$B$3:$B$5001,$A$79,Base!$W$3:$W$5001,"<>")=0,"",SUMIFS(Base!$W$3:$W$5001,Base!$A$3:$A$5001,J$3,Base!$B$3:$B$5001,$A$79))) | K89: =IF(K$3="","",IF(COUNTIFS(Base!$A$3:$A$5001,K$3,Base!$B$3:$B$5001,$A$79,Base!$W$3:$W$5001,"<>")=0,"",SUMIFS(Base!$W$3:$W$5001,Base!$A$3:$A$5001,K$3,Base!$B$3:$B$5001,$A$79))) | L89: =IF(L$3="","",IF(COUNTIFS(Base!$A$3:$A$5001,L$3,Base!$B$3:$B$5001,$A$79,Base!$W$3:$W$5001,"<>")=0,"",SUMIFS(Base!$W$3:$W$5001,Base!$A$3:$A$5001,L$3,Base!$B$3:$B$5001,$A$79))) | M89: =IF(M$3="","",IF(COUNTIFS(Base!$A$3:$A$5001,M$3,Base!$B$3:$B$5001,$A$79,Base!$W$3:$W$5001,"<>")=0,"",SUMIFS(Base!$W$3:$W$5001,Base!$A$3:$A$5001,M$3,Base!$B$3:$B$5001,$A$79))) | ... AJ89: =IF(AJ$3="","",IF(COUNTIFS(Base!$A$3:$A$5001,AJ$3,Base!$B$3:$B$5001,$A$79,Base!$W$3:$W$5001,"<>")=0,"",SUMIFS(Base!$W$3:$W$5001,Base!$A$3:$A$5001,AJ$3,Base!$B$3:$B$5001,$A$79))) | AK89: =IFERROR(LOOKUP(9.99E+307,F89:AJ89),"")
B90: OCUPAÇÃO (P.P) | C90: Posições Disponíveis | D90: =IFERROR(1/(1/INDEX(calculos!$C$55:$K$83,MATCH("Posições Disponíveis",calculos!$A$55:$A$83,0),MATCH($A$79,calculos!$C$54:$K$54,0))),"") | F90: =IF(F$3="","",IF(COUNTIFS(Base!$A$3:$A$5001,F$3,Base!$B$3:$B$5001,$A$79,Base!$X$3:$X$5001,"<>")=0,"",SUMIFS(Base!$X$3:$X$5001,Base!$A$3:$A$5001,F$3,Base!$B$3:$B$5001,$A$79))) | G90: =IF(G$3="","",IF(COUNTIFS(Base!$A$3:$A$5001,G$3,Base!$B$3:$B$5001,$A$79,Base!$X$3:$X$5001,"<>")=0,"",SUMIFS(Base!$X$3:$X$5001,Base!$A$3:$A$5001,G$3,Base!$B$3:$B$5001,$A$79))) | H90: =IF(H$3="","",IF(COUNTIFS(Base!$A$3:$A$5001,H$3,Base!$B$3:$B$5001,$A$79,Base!$X$3:$X$5001,"<>")=0,"",SUMIFS(Base!$X$3:$X$5001,Base!$A$3:$A$5001,H$3,Base!$B$3:$B$5001,$A$79))) | I90: =IF(I$3="","",IF(COUNTIFS(Base!$A$3:$A$5001,I$3,Base!$B$3:$B$5001,$A$79,Base!$X$3:$X$5001,"<>")=0,"",SUMIFS(Base!$X$3:$X$5001,Base!$A$3:$A$5001,I$3,Base!$B$3:$B$5001,$A$79))) | J90: =IF(J$3="","",IF(COUNTIFS(Base!$A$3:$A$5001,J$3,Base!$B$3:$B$5001,$A$79,Base!$X$3:$X$5001,"<>")=0,"",SUMIFS(Base!$X$3:$X$5001,Base!$A$3:$A$5001,J$3,Base!$B$3:$B$5001,$A$79))) | K90: =IF(K$3="","",IF(COUNTIFS(Base!$A$3:$A$5001,K$3,Base!$B$3:$B$5001,$A$79,Base!$X$3:$X$5001,"<>")=0,"",SUMIFS(Base!$X$3:$X$5001,Base!$A$3:$A$5001,K$3,Base!$B$3:$B$5001,$A$79))) | L90: =IF(L$3="","",IF(COUNTIFS(Base!$A$3:$A$5001,L$3,Base!$B$3:$B$5001,$A$79,Base!$X$3:$X$5001,"<>")=0,"",SUMIFS(Base!$X$3:$X$5001,Base!$A$3:$A$5001,L$3,Base!$B$3:$B$5001,$A$79))) | M90: =IF(M$3="","",IF(COUNTIFS(Base!$A$3:$A$5001,M$3,Base!$B$3:$B$5001,$A$79,Base!$X$3:$X$5001,"<>")=0,"",SUMIFS(Base!$X$3:$X$5001,Base!$A$3:$A$5001,M$3,Base!$B$3:$B$5001,$A$79))) | ... AJ90: =IF(AJ$3="","",IF(COUNTIFS(Base!$A$3:$A$5001,AJ$3,Base!$B$3:$B$5001,$A$79,Base!$X$3:$X$5001,"<>")=0,"",SUMIFS(Base!$X$3:$X$5001,Base!$A$3:$A$5001,AJ$3,Base!$B$3:$B$5001,$A$79))) | AK90: =IFERROR(LOOKUP(9.99E+307,F90:AJ90),"")
C91: Posições Ocupadas | D91: =IFERROR(1/(1/INDEX(calculos!$C$55:$K$83,MATCH("Posições Ocupadas",calculos!$A$55:$A$83,0),MATCH($A$79,calculos!$C$54:$K$54,0))),"") | F91: =IF(F$3="","",IF(COUNTIFS(Base!$A$3:$A$5001,F$3,Base!$B$3:$B$5001,$A$79,Base!$Y$3:$Y$5001,"<>")=0,"",SUMIFS(Base!$Y$3:$Y$5001,Base!$A$3:$A$5001,F$3,Base!$B$3:$B$5001,$A$79))) | G91: =IF(G$3="","",IF(COUNTIFS(Base!$A$3:$A$5001,G$3,Base!$B$3:$B$5001,$A$79,Base!$Y$3:$Y$5001,"<>")=0,"",SUMIFS(Base!$Y$3:$Y$5001,Base!$A$3:$A$5001,G$3,Base!$B$3:$B$5001,$A$79))) | H91: =IF(H$3="","",IF(COUNTIFS(Base!$A$3:$A$5001,H$3,Base!$B$3:$B$5001,$A$79,Base!$Y$3:$Y$5001,"<>")=0,"",SUMIFS(Base!$Y$3:$Y$5001,Base!$A$3:$A$5001,H$3,Base!$B$3:$B$5001,$A$79))) | I91: =IF(I$3="","",IF(COUNTIFS(Base!$A$3:$A$5001,I$3,Base!$B$3:$B$5001,$A$79,Base!$Y$3:$Y$5001,"<>")=0,"",SUMIFS(Base!$Y$3:$Y$5001,Base!$A$3:$A$5001,I$3,Base!$B$3:$B$5001,$A$79))) | J91: =IF(J$3="","",IF(COUNTIFS(Base!$A$3:$A$5001,J$3,Base!$B$3:$B$5001,$A$79,Base!$Y$3:$Y$5001,"<>")=0,"",SUMIFS(Base!$Y$3:$Y$5001,Base!$A$3:$A$5001,J$3,Base!$B$3:$B$5001,$A$79))) | K91: =IF(K$3="","",IF(COUNTIFS(Base!$A$3:$A$5001,K$3,Base!$B$3:$B$5001,$A$79,Base!$Y$3:$Y$5001,"<>")=0,"",SUMIFS(Base!$Y$3:$Y$5001,Base!$A$3:$A$5001,K$3,Base!$B$3:$B$5001,$A$79))) | L91: =IF(L$3="","",IF(COUNTIFS(Base!$A$3:$A$5001,L$3,Base!$B$3:$B$5001,$A$79,Base!$Y$3:$Y$5001,"<>")=0,"",SUMIFS(Base!$Y$3:$Y$5001,Base!$A$3:$A$5001,L$3,Base!$B$3:$B$5001,$A$79))) | M91: =IF(M$3="","",IF(COUNTIFS(Base!$A$3:$A$5001,M$3,Base!$B$3:$B$5001,$A$79,Base!$Y$3:$Y$5001,"<>")=0,"",SUMIFS(Base!$Y$3:$Y$5001,Base!$A$3:$A$5001,M$3,Base!$B$3:$B$5001,$A$79))) | ... AJ91: =IF(AJ$3="","",IF(COUNTIFS(Base!$A$3:$A$5001,AJ$3,Base!$B$3:$B$5001,$A$79,Base!$Y$3:$Y$5001,"<>")=0,"",SUMIFS(Base!$Y$3:$Y$5001,Base!$A$3:$A$5001,AJ$3,Base!$B$3:$B$5001,$A$79))) | AK91: =IFERROR(LOOKUP(9.99E+307,F91:AJ91),"")
C92: Taxa de Ocupação | D92: =IFERROR(1/(1/INDEX(calculos!$C$55:$K$83,MATCH("Taxa de Ocupação",calculos!$A$55:$A$83,0),MATCH($A$79,calculos!$C$54:$K$54,0))),"") | F92: =IF(AND(ISNUMBER(F90),ISNUMBER(F91)),IF(F90>0,F91/F90,""),"") | G92: =IF(AND(ISNUMBER(G90),ISNUMBER(G91)),IF(G90>0,G91/G90,""),"") | H92: =IF(AND(ISNUMBER(H90),ISNUMBER(H91)),IF(H90>0,H91/H90,""),"") | I92: =IF(AND(ISNUMBER(I90),ISNUMBER(I91)),IF(I90>0,I91/I90,""),"") | J92: =IF(AND(ISNUMBER(J90),ISNUMBER(J91)),IF(J90>0,J91/J90,""),"") | K92: =IF(AND(ISNUMBER(K90),ISNUMBER(K91)),IF(K90>0,K91/K90,""),"") | L92: =IF(AND(ISNUMBER(L90),ISNUMBER(L91)),IF(L90>0,L91/L90,""),"") | M92: =IF(AND(ISNUMBER(M90),ISNUMBER(M91)),IF(M90>0,M91/M90,""),"") | ... AK92: =IF(AND(ISNUMBER(AK90),ISNUMBER(AK91)),IF(AK90>0,AK91/AK90,""),"")
B93: GENTE | C93: Efetivo | D93: =IFERROR(1/(1/INDEX(calculos!$C$55:$K$83,MATCH("Efetivo",calculos!$A$55:$A$83,0),MATCH($A$79,calculos!$C$54:$K$54,0))),"") | F93: =IF(F$3="","",IF(COUNTIFS(Base!$A$3:$A$5001,F$3,Base!$B$3:$B$5001,$A$79,Base!$Z$3:$Z$5001,"<>")=0,"",SUMIFS(Base!$Z$3:$Z$5001,Base!$A$3:$A$5001,F$3,Base!$B$3:$B$5001,$A$79))) | G93: =IF(G$3="","",IF(COUNTIFS(Base!$A$3:$A$5001,G$3,Base!$B$3:$B$5001,$A$79,Base!$Z$3:$Z$5001,"<>")=0,"",SUMIFS(Base!$Z$3:$Z$5001,Base!$A$3:$A$5001,G$3,Base!$B$3:$B$5001,$A$79))) | H93: =IF(H$3="","",IF(COUNTIFS(Base!$A$3:$A$5001,H$3,Base!$B$3:$B$5001,$A$79,Base!$Z$3:$Z$5001,"<>")=0,"",SUMIFS(Base!$Z$3:$Z$5001,Base!$A$3:$A$5001,H$3,Base!$B$3:$B$5001,$A$79))) | I93: =IF(I$3="","",IF(COUNTIFS(Base!$A$3:$A$5001,I$3,Base!$B$3:$B$5001,$A$79,Base!$Z$3:$Z$5001,"<>")=0,"",SUMIFS(Base!$Z$3:$Z$5001,Base!$A$3:$A$5001,I$3,Base!$B$3:$B$5001,$A$79))) | J93: =IF(J$3="","",IF(COUNTIFS(Base!$A$3:$A$5001,J$3,Base!$B$3:$B$5001,$A$79,Base!$Z$3:$Z$5001,"<>")=0,"",SUMIFS(Base!$Z$3:$Z$5001,Base!$A$3:$A$5001,J$3,Base!$B$3:$B$5001,$A$79))) | K93: =IF(K$3="","",IF(COUNTIFS(Base!$A$3:$A$5001,K$3,Base!$B$3:$B$5001,$A$79,Base!$Z$3:$Z$5001,"<>")=0,"",SUMIFS(Base!$Z$3:$Z$5001,Base!$A$3:$A$5001,K$3,Base!$B$3:$B$5001,$A$79))) | L93: =IF(L$3="","",IF(COUNTIFS(Base!$A$3:$A$5001,L$3,Base!$B$3:$B$5001,$A$79,Base!$Z$3:$Z$5001,"<>")=0,"",SUMIFS(Base!$Z$3:$Z$5001,Base!$A$3:$A$5001,L$3,Base!$B$3:$B$5001,$A$79))) | M93: =IF(M$3="","",IF(COUNTIFS(Base!$A$3:$A$5001,M$3,Base!$B$3:$B$5001,$A$79,Base!$Z$3:$Z$5001,"<>")=0,"",SUMIFS(Base!$Z$3:$Z$5001,Base!$A$3:$A$5001,M$3,Base!$B$3:$B$5001,$A$79))) | ... AJ93: =IF(AJ$3="","",IF(COUNTIFS(Base!$A$3:$A$5001,AJ$3,Base!$B$3:$B$5001,$A$79,Base!$Z$3:$Z$5001,"<>")=0,"",SUMIFS(Base!$Z$3:$Z$5001,Base!$A$3:$A$5001,AJ$3,Base!$B$3:$B$5001,$A$79))) | AK93: =IFERROR(LOOKUP(9.99E+307,F93:AJ93),"")
C94: Falta | D94: =IFERROR(1/(1/INDEX(calculos!$C$55:$K$83,MATCH("Falta",calculos!$A$55:$A$83,0),MATCH($A$79,calculos!$C$54:$K$54,0))),"") | F94: =IF(F$3="","",IF(COUNTIFS(Base!$A$3:$A$5001,F$3,Base!$B$3:$B$5001,$A$79,Base!$AA$3:$AA$5001,"<>")=0,"",SUMIFS(Base!$AA$3:$AA$5001,Base!$A$3:$A$5001,F$3,Base!$B$3:$B$5001,$A$79))) | G94: =IF(G$3="","",IF(COUNTIFS(Base!$A$3:$A$5001,G$3,Base!$B$3:$B$5001,$A$79,Base!$AA$3:$AA$5001,"<>")=0,"",SUMIFS(Base!$AA$3:$AA$5001,Base!$A$3:$A$5001,G$3,Base!$B$3:$B$5001,$A$79))) | H94: =IF(H$3="","",IF(COUNTIFS(Base!$A$3:$A$5001,H$3,Base!$B$3:$B$5001,$A$79,Base!$AA$3:$AA$5001,"<>")=0,"",SUMIFS(Base!$AA$3:$AA$5001,Base!$A$3:$A$5001,H$3,Base!$B$3:$B$5001,$A$79))) | I94: =IF(I$3="","",IF(COUNTIFS(Base!$A$3:$A$5001,I$3,Base!$B$3:$B$5001,$A$79,Base!$AA$3:$AA$5001,"<>")=0,"",SUMIFS(Base!$AA$3:$AA$5001,Base!$A$3:$A$5001,I$3,Base!$B$3:$B$5001,$A$79))) | J94: =IF(J$3="","",IF(COUNTIFS(Base!$A$3:$A$5001,J$3,Base!$B$3:$B$5001,$A$79,Base!$AA$3:$AA$5001,"<>")=0,"",SUMIFS(Base!$AA$3:$AA$5001,Base!$A$3:$A$5001,J$3,Base!$B$3:$B$5001,$A$79))) | K94: =IF(K$3="","",IF(COUNTIFS(Base!$A$3:$A$5001,K$3,Base!$B$3:$B$5001,$A$79,Base!$AA$3:$AA$5001,"<>")=0,"",SUMIFS(Base!$AA$3:$AA$5001,Base!$A$3:$A$5001,K$3,Base!$B$3:$B$5001,$A$79))) | L94: =IF(L$3="","",IF(COUNTIFS(Base!$A$3:$A$5001,L$3,Base!$B$3:$B$5001,$A$79,Base!$AA$3:$AA$5001,"<>")=0,"",SUMIFS(Base!$AA$3:$AA$5001,Base!$A$3:$A$5001,L$3,Base!$B$3:$B$5001,$A$79))) | M94: =IF(M$3="","",IF(COUNTIFS(Base!$A$3:$A$5001,M$3,Base!$B$3:$B$5001,$A$79,Base!$AA$3:$AA$5001,"<>")=0,"",SUMIFS(Base!$AA$3:$AA$5001,Base!$A$3:$A$5001,M$3,Base!$B$3:$B$5001,$A$79))) | ... AJ94: =IF(AJ$3="","",IF(COUNTIFS(Base!$A$3:$A$5001,AJ$3,Base!$B$3:$B$5001,$A$79,Base!$AA$3:$AA$5001,"<>")=0,"",SUMIFS(Base!$AA$3:$AA$5001,Base!$A$3:$A$5001,AJ$3,Base!$B$3:$B$5001,$A$79))) | AK94: =IF(COUNT(F94:AJ94)=0,"",SUM(F94:AJ94))
C95: Folga | D95: =IFERROR(1/(1/INDEX(calculos!$C$55:$K$83,MATCH("Folga",calculos!$A$55:$A$83,0),MATCH($A$79,calculos!$C$54:$K$54,0))),"") | F95: =IF(F$3="","",IF(COUNTIFS(Base!$A$3:$A$5001,F$3,Base!$B$3:$B$5001,$A$79,Base!$AB$3:$AB$5001,"<>")=0,"",SUMIFS(Base!$AB$3:$AB$5001,Base!$A$3:$A$5001,F$3,Base!$B$3:$B$5001,$A$79))) | G95: =IF(G$3="","",IF(COUNTIFS(Base!$A$3:$A$5001,G$3,Base!$B$3:$B$5001,$A$79,Base!$AB$3:$AB$5001,"<>")=0,"",SUMIFS(Base!$AB$3:$AB$5001,Base!$A$3:$A$5001,G$3,Base!$B$3:$B$5001,$A$79))) | H95: =IF(H$3="","",IF(COUNTIFS(Base!$A$3:$A$5001,H$3,Base!$B$3:$B$5001,$A$79,Base!$AB$3:$AB$5001,"<>")=0,"",SUMIFS(Base!$AB$3:$AB$5001,Base!$A$3:$A$5001,H$3,Base!$B$3:$B$5001,$A$79))) | I95: =IF(I$3="","",IF(COUNTIFS(Base!$A$3:$A$5001,I$3,Base!$B$3:$B$5001,$A$79,Base!$AB$3:$AB$5001,"<>")=0,"",SUMIFS(Base!$AB$3:$AB$5001,Base!$A$3:$A$5001,I$3,Base!$B$3:$B$5001,$A$79))) | J95: =IF(J$3="","",IF(COUNTIFS(Base!$A$3:$A$5001,J$3,Base!$B$3:$B$5001,$A$79,Base!$AB$3:$AB$5001,"<>")=0,"",SUMIFS(Base!$AB$3:$AB$5001,Base!$A$3:$A$5001,J$3,Base!$B$3:$B$5001,$A$79))) | K95: =IF(K$3="","",IF(COUNTIFS(Base!$A$3:$A$5001,K$3,Base!$B$3:$B$5001,$A$79,Base!$AB$3:$AB$5001,"<>")=0,"",SUMIFS(Base!$AB$3:$AB$5001,Base!$A$3:$A$5001,K$3,Base!$B$3:$B$5001,$A$79))) | L95: =IF(L$3="","",IF(COUNTIFS(Base!$A$3:$A$5001,L$3,Base!$B$3:$B$5001,$A$79,Base!$AB$3:$AB$5001,"<>")=0,"",SUMIFS(Base!$AB$3:$AB$5001,Base!$A$3:$A$5001,L$3,Base!$B$3:$B$5001,$A$79))) | M95: =IF(M$3="","",IF(COUNTIFS(Base!$A$3:$A$5001,M$3,Base!$B$3:$B$5001,$A$79,Base!$AB$3:$AB$5001,"<>")=0,"",SUMIFS(Base!$AB$3:$AB$5001,Base!$A$3:$A$5001,M$3,Base!$B$3:$B$5001,$A$79))) | ... AJ95: =IF(AJ$3="","",IF(COUNTIFS(Base!$A$3:$A$5001,AJ$3,Base!$B$3:$B$5001,$A$79,Base!$AB$3:$AB$5001,"<>")=0,"",SUMIFS(Base!$AB$3:$AB$5001,Base!$A$3:$A$5001,AJ$3,Base!$B$3:$B$5001,$A$79))) | AK95: =IF(COUNT(F95:AJ95)=0,"",SUM(F95:AJ95))
C96: Férias | D96: =IFERROR(1/(1/INDEX(calculos!$C$55:$K$83,MATCH("Férias",calculos!$A$55:$A$83,0),MATCH($A$79,calculos!$C$54:$K$54,0))),"") | F96: =IF(F$3="","",IF(COUNTIFS(Base!$A$3:$A$5001,F$3,Base!$B$3:$B$5001,$A$79,Base!$AC$3:$AC$5001,"<>")=0,"",SUMIFS(Base!$AC$3:$AC$5001,Base!$A$3:$A$5001,F$3,Base!$B$3:$B$5001,$A$79))) | G96: =IF(G$3="","",IF(COUNTIFS(Base!$A$3:$A$5001,G$3,Base!$B$3:$B$5001,$A$79,Base!$AC$3:$AC$5001,"<>")=0,"",SUMIFS(Base!$AC$3:$AC$5001,Base!$A$3:$A$5001,G$3,Base!$B$3:$B$5001,$A$79))) | H96: =IF(H$3="","",IF(COUNTIFS(Base!$A$3:$A$5001,H$3,Base!$B$3:$B$5001,$A$79,Base!$AC$3:$AC$5001,"<>")=0,"",SUMIFS(Base!$AC$3:$AC$5001,Base!$A$3:$A$5001,H$3,Base!$B$3:$B$5001,$A$79))) | I96: =IF(I$3="","",IF(COUNTIFS(Base!$A$3:$A$5001,I$3,Base!$B$3:$B$5001,$A$79,Base!$AC$3:$AC$5001,"<>")=0,"",SUMIFS(Base!$AC$3:$AC$5001,Base!$A$3:$A$5001,I$3,Base!$B$3:$B$5001,$A$79))) | J96: =IF(J$3="","",IF(COUNTIFS(Base!$A$3:$A$5001,J$3,Base!$B$3:$B$5001,$A$79,Base!$AC$3:$AC$5001,"<>")=0,"",SUMIFS(Base!$AC$3:$AC$5001,Base!$A$3:$A$5001,J$3,Base!$B$3:$B$5001,$A$79))) | K96: =IF(K$3="","",IF(COUNTIFS(Base!$A$3:$A$5001,K$3,Base!$B$3:$B$5001,$A$79,Base!$AC$3:$AC$5001,"<>")=0,"",SUMIFS(Base!$AC$3:$AC$5001,Base!$A$3:$A$5001,K$3,Base!$B$3:$B$5001,$A$79))) | L96: =IF(L$3="","",IF(COUNTIFS(Base!$A$3:$A$5001,L$3,Base!$B$3:$B$5001,$A$79,Base!$AC$3:$AC$5001,"<>")=0,"",SUMIFS(Base!$AC$3:$AC$5001,Base!$A$3:$A$5001,L$3,Base!$B$3:$B$5001,$A$79))) | M96: =IF(M$3="","",IF(COUNTIFS(Base!$A$3:$A$5001,M$3,Base!$B$3:$B$5001,$A$79,Base!$AC$3:$AC$5001,"<>")=0,"",SUMIFS(Base!$AC$3:$AC$5001,Base!$A$3:$A$5001,M$3,Base!$B$3:$B$5001,$A$79))) | ... AJ96: =IF(AJ$3="","",IF(COUNTIFS(Base!$A$3:$A$5001,AJ$3,Base!$B$3:$B$5001,$A$79,Base!$AC$3:$AC$5001,"<>")=0,"",SUMIFS(Base!$AC$3:$AC$5001,Base!$A$3:$A$5001,AJ$3,Base!$B$3:$B$5001,$A$79))) | AK96: =IF(COUNT(F96:AJ96)=0,"",SUM(F96:AJ96))
C97: Desligamentos | D97: =IFERROR(1/(1/INDEX(calculos!$C$55:$K$83,MATCH("Desligamentos",calculos!$A$55:$A$83,0),MATCH($A$79,calculos!$C$54:$K$54,0))),"") | F97: =IF(F$3="","",IF(COUNTIFS(Base!$A$3:$A$5001,F$3,Base!$B$3:$B$5001,$A$79,Base!$AD$3:$AD$5001,"<>")=0,"",SUMIFS(Base!$AD$3:$AD$5001,Base!$A$3:$A$5001,F$3,Base!$B$3:$B$5001,$A$79))) | G97: =IF(G$3="","",IF(COUNTIFS(Base!$A$3:$A$5001,G$3,Base!$B$3:$B$5001,$A$79,Base!$AD$3:$AD$5001,"<>")=0,"",SUMIFS(Base!$AD$3:$AD$5001,Base!$A$3:$A$5001,G$3,Base!$B$3:$B$5001,$A$79))) | H97: =IF(H$3="","",IF(COUNTIFS(Base!$A$3:$A$5001,H$3,Base!$B$3:$B$5001,$A$79,Base!$AD$3:$AD$5001,"<>")=0,"",SUMIFS(Base!$AD$3:$AD$5001,Base!$A$3:$A$5001,H$3,Base!$B$3:$B$5001,$A$79))) | I97: =IF(I$3="","",IF(COUNTIFS(Base!$A$3:$A$5001,I$3,Base!$B$3:$B$5001,$A$79,Base!$AD$3:$AD$5001,"<>")=0,"",SUMIFS(Base!$AD$3:$AD$5001,Base!$A$3:$A$5001,I$3,Base!$B$3:$B$5001,$A$79))) | J97: =IF(J$3="","",IF(COUNTIFS(Base!$A$3:$A$5001,J$3,Base!$B$3:$B$5001,$A$79,Base!$AD$3:$AD$5001,"<>")=0,"",SUMIFS(Base!$AD$3:$AD$5001,Base!$A$3:$A$5001,J$3,Base!$B$3:$B$5001,$A$79))) | K97: =IF(K$3="","",IF(COUNTIFS(Base!$A$3:$A$5001,K$3,Base!$B$3:$B$5001,$A$79,Base!$AD$3:$AD$5001,"<>")=0,"",SUMIFS(Base!$AD$3:$AD$5001,Base!$A$3:$A$5001,K$3,Base!$B$3:$B$5001,$A$79))) | L97: =IF(L$3="","",IF(COUNTIFS(Base!$A$3:$A$5001,L$3,Base!$B$3:$B$5001,$A$79,Base!$AD$3:$AD$5001,"<>")=0,"",SUMIFS(Base!$AD$3:$AD$5001,Base!$A$3:$A$5001,L$3,Base!$B$3:$B$5001,$A$79))) | M97: =IF(M$3="","",IF(COUNTIFS(Base!$A$3:$A$5001,M$3,Base!$B$3:$B$5001,$A$79,Base!$AD$3:$AD$5001,"<>")=0,"",SUMIFS(Base!$AD$3:$AD$5001,Base!$A$3:$A$5001,M$3,Base!$B$3:$B$5001,$A$79))) | ... AJ97: =IF(AJ$3="","",IF(COUNTIFS(Base!$A$3:$A$5001,AJ$3,Base!$B$3:$B$5001,$A$79,Base!$AD$3:$AD$5001,"<>")=0,"",SUMIFS(Base!$AD$3:$AD$5001,Base!$A$3:$A$5001,AJ$3,Base!$B$3:$B$5001,$A$79))) | AK97: =IF(COUNT(F97:AJ97)=0,"",SUM(F97:AJ97))
A99: VESTAS | B99: IN | C99: Veículos Recebidos | D99: =IFERROR(1/(1/INDEX(calculos!$C$55:$K$83,MATCH("IN Veículos Recebidos",calculos!$A$55:$A$83,0),MATCH($A$99,calculos!$C$54:$K$54,0))),"") | F99: =IF(F$3="","",IF(COUNTIFS(Base!$A$3:$A$5001,F$3,Base!$B$3:$B$5001,$A$99,Base!$C$3:$C$5001,"<>")=0,"",SUMIFS(Base!$C$3:$C$5001,Base!$A$3:$A$5001,F$3,Base!$B$3:$B$5001,$A$99))) | G99: =IF(G$3="","",IF(COUNTIFS(Base!$A$3:$A$5001,G$3,Base!$B$3:$B$5001,$A$99,Base!$C$3:$C$5001,"<>")=0,"",SUMIFS(Base!$C$3:$C$5001,Base!$A$3:$A$5001,G$3,Base!$B$3:$B$5001,$A$99))) | H99: =IF(H$3="","",IF(COUNTIFS(Base!$A$3:$A$5001,H$3,Base!$B$3:$B$5001,$A$99,Base!$C$3:$C$5001,"<>")=0,"",SUMIFS(Base!$C$3:$C$5001,Base!$A$3:$A$5001,H$3,Base!$B$3:$B$5001,$A$99))) | I99: =IF(I$3="","",IF(COUNTIFS(Base!$A$3:$A$5001,I$3,Base!$B$3:$B$5001,$A$99,Base!$C$3:$C$5001,"<>")=0,"",SUMIFS(Base!$C$3:$C$5001,Base!$A$3:$A$5001,I$3,Base!$B$3:$B$5001,$A$99))) | J99: =IF(J$3="","",IF(COUNTIFS(Base!$A$3:$A$5001,J$3,Base!$B$3:$B$5001,$A$99,Base!$C$3:$C$5001,"<>")=0,"",SUMIFS(Base!$C$3:$C$5001,Base!$A$3:$A$5001,J$3,Base!$B$3:$B$5001,$A$99))) | K99: =IF(K$3="","",IF(COUNTIFS(Base!$A$3:$A$5001,K$3,Base!$B$3:$B$5001,$A$99,Base!$C$3:$C$5001,"<>")=0,"",SUMIFS(Base!$C$3:$C$5001,Base!$A$3:$A$5001,K$3,Base!$B$3:$B$5001,$A$99))) | L99: =IF(L$3="","",IF(COUNTIFS(Base!$A$3:$A$5001,L$3,Base!$B$3:$B$5001,$A$99,Base!$C$3:$C$5001,"<>")=0,"",SUMIFS(Base!$C$3:$C$5001,Base!$A$3:$A$5001,L$3,Base!$B$3:$B$5001,$A$99))) | M99: =IF(M$3="","",IF(COUNTIFS(Base!$A$3:$A$5001,M$3,Base!$B$3:$B$5001,$A$99,Base!$C$3:$C$5001,"<>")=0,"",SUMIFS(Base!$C$3:$C$5001,Base!$A$3:$A$5001,M$3,Base!$B$3:$B$5001,$A$99))) | ... AJ99: =IF(AJ$3="","",IF(COUNTIFS(Base!$A$3:$A$5001,AJ$3,Base!$B$3:$B$5001,$A$99,Base!$C$3:$C$5001,"<>")=0,"",SUMIFS(Base!$C$3:$C$5001,Base!$A$3:$A$5001,AJ$3,Base!$B$3:$B$5001,$A$99))) | AK99: =IF(COUNT(F99:AJ99)=0,"",SUM(F99:AJ99))
C100: Linhas NF | D100: =IFERROR(1/(1/INDEX(calculos!$C$55:$K$83,MATCH("IN Linhas NF",calculos!$A$55:$A$83,0),MATCH($A$99,calculos!$C$54:$K$54,0))),"") | F100: =IF(F$3="","",IF(COUNTIFS(Base!$A$3:$A$5001,F$3,Base!$B$3:$B$5001,$A$99,Base!$K$3:$K$5001,"<>")=0,"",SUMIFS(Base!$K$3:$K$5001,Base!$A$3:$A$5001,F$3,Base!$B$3:$B$5001,$A$99))) | G100: =IF(G$3="","",IF(COUNTIFS(Base!$A$3:$A$5001,G$3,Base!$B$3:$B$5001,$A$99,Base!$K$3:$K$5001,"<>")=0,"",SUMIFS(Base!$K$3:$K$5001,Base!$A$3:$A$5001,G$3,Base!$B$3:$B$5001,$A$99))) | H100: =IF(H$3="","",IF(COUNTIFS(Base!$A$3:$A$5001,H$3,Base!$B$3:$B$5001,$A$99,Base!$K$3:$K$5001,"<>")=0,"",SUMIFS(Base!$K$3:$K$5001,Base!$A$3:$A$5001,H$3,Base!$B$3:$B$5001,$A$99))) | I100: =IF(I$3="","",IF(COUNTIFS(Base!$A$3:$A$5001,I$3,Base!$B$3:$B$5001,$A$99,Base!$K$3:$K$5001,"<>")=0,"",SUMIFS(Base!$K$3:$K$5001,Base!$A$3:$A$5001,I$3,Base!$B$3:$B$5001,$A$99))) | J100: =IF(J$3="","",IF(COUNTIFS(Base!$A$3:$A$5001,J$3,Base!$B$3:$B$5001,$A$99,Base!$K$3:$K$5001,"<>")=0,"",SUMIFS(Base!$K$3:$K$5001,Base!$A$3:$A$5001,J$3,Base!$B$3:$B$5001,$A$99))) | K100: =IF(K$3="","",IF(COUNTIFS(Base!$A$3:$A$5001,K$3,Base!$B$3:$B$5001,$A$99,Base!$K$3:$K$5001,"<>")=0,"",SUMIFS(Base!$K$3:$K$5001,Base!$A$3:$A$5001,K$3,Base!$B$3:$B$5001,$A$99))) | L100: =IF(L$3="","",IF(COUNTIFS(Base!$A$3:$A$5001,L$3,Base!$B$3:$B$5001,$A$99,Base!$K$3:$K$5001,"<>")=0,"",SUMIFS(Base!$K$3:$K$5001,Base!$A$3:$A$5001,L$3,Base!$B$3:$B$5001,$A$99))) | M100: =IF(M$3="","",IF(COUNTIFS(Base!$A$3:$A$5001,M$3,Base!$B$3:$B$5001,$A$99,Base!$K$3:$K$5001,"<>")=0,"",SUMIFS(Base!$K$3:$K$5001,Base!$A$3:$A$5001,M$3,Base!$B$3:$B$5001,$A$99))) | ... AJ100: =IF(AJ$3="","",IF(COUNTIFS(Base!$A$3:$A$5001,AJ$3,Base!$B$3:$B$5001,$A$99,Base!$K$3:$K$5001,"<>")=0,"",SUMIFS(Base!$K$3:$K$5001,Base!$A$3:$A$5001,AJ$3,Base!$B$3:$B$5001,$A$99))) | AK100: =IF(COUNT(F100:AJ100)=0,"",SUM(F100:AJ100))
B101: OUT | C101: Veículos Expedidos | D101: =IFERROR(1/(1/INDEX(calculos!$C$55:$K$83,MATCH("OUT Veículos Expedidos",calculos!$A$55:$A$83,0),MATCH($A$99,calculos!$C$54:$K$54,0))),"") | F101: =IF(F$3="","",IF(COUNTIFS(Base!$A$3:$A$5001,F$3,Base!$B$3:$B$5001,$A$99,Base!$L$3:$L$5001,"<>")=0,"",SUMIFS(Base!$L$3:$L$5001,Base!$A$3:$A$5001,F$3,Base!$B$3:$B$5001,$A$99))) | G101: =IF(G$3="","",IF(COUNTIFS(Base!$A$3:$A$5001,G$3,Base!$B$3:$B$5001,$A$99,Base!$L$3:$L$5001,"<>")=0,"",SUMIFS(Base!$L$3:$L$5001,Base!$A$3:$A$5001,G$3,Base!$B$3:$B$5001,$A$99))) | H101: =IF(H$3="","",IF(COUNTIFS(Base!$A$3:$A$5001,H$3,Base!$B$3:$B$5001,$A$99,Base!$L$3:$L$5001,"<>")=0,"",SUMIFS(Base!$L$3:$L$5001,Base!$A$3:$A$5001,H$3,Base!$B$3:$B$5001,$A$99))) | I101: =IF(I$3="","",IF(COUNTIFS(Base!$A$3:$A$5001,I$3,Base!$B$3:$B$5001,$A$99,Base!$L$3:$L$5001,"<>")=0,"",SUMIFS(Base!$L$3:$L$5001,Base!$A$3:$A$5001,I$3,Base!$B$3:$B$5001,$A$99))) | J101: =IF(J$3="","",IF(COUNTIFS(Base!$A$3:$A$5001,J$3,Base!$B$3:$B$5001,$A$99,Base!$L$3:$L$5001,"<>")=0,"",SUMIFS(Base!$L$3:$L$5001,Base!$A$3:$A$5001,J$3,Base!$B$3:$B$5001,$A$99))) | K101: =IF(K$3="","",IF(COUNTIFS(Base!$A$3:$A$5001,K$3,Base!$B$3:$B$5001,$A$99,Base!$L$3:$L$5001,"<>")=0,"",SUMIFS(Base!$L$3:$L$5001,Base!$A$3:$A$5001,K$3,Base!$B$3:$B$5001,$A$99))) | L101: =IF(L$3="","",IF(COUNTIFS(Base!$A$3:$A$5001,L$3,Base!$B$3:$B$5001,$A$99,Base!$L$3:$L$5001,"<>")=0,"",SUMIFS(Base!$L$3:$L$5001,Base!$A$3:$A$5001,L$3,Base!$B$3:$B$5001,$A$99))) | M101: =IF(M$3="","",IF(COUNTIFS(Base!$A$3:$A$5001,M$3,Base!$B$3:$B$5001,$A$99,Base!$L$3:$L$5001,"<>")=0,"",SUMIFS(Base!$L$3:$L$5001,Base!$A$3:$A$5001,M$3,Base!$B$3:$B$5001,$A$99))) | ... AJ101: =IF(AJ$3="","",IF(COUNTIFS(Base!$A$3:$A$5001,AJ$3,Base!$B$3:$B$5001,$A$99,Base!$L$3:$L$5001,"<>")=0,"",SUMIFS(Base!$L$3:$L$5001,Base!$A$3:$A$5001,AJ$3,Base!$B$3:$B$5001,$A$99))) | AK101: =IF(COUNT(F101:AJ101)=0,"",SUM(F101:AJ101))
C102: Linhas NF | D102: =IFERROR(1/(1/INDEX(calculos!$C$55:$K$83,MATCH("OUT Linhas NF",calculos!$A$55:$A$83,0),MATCH($A$99,calculos!$C$54:$K$54,0))),"") | F102: =IF(F$3="","",IF(COUNTIFS(Base!$A$3:$A$5001,F$3,Base!$B$3:$B$5001,$A$99,Base!$T$3:$T$5001,"<>")=0,"",SUMIFS(Base!$T$3:$T$5001,Base!$A$3:$A$5001,F$3,Base!$B$3:$B$5001,$A$99))) | G102: =IF(G$3="","",IF(COUNTIFS(Base!$A$3:$A$5001,G$3,Base!$B$3:$B$5001,$A$99,Base!$T$3:$T$5001,"<>")=0,"",SUMIFS(Base!$T$3:$T$5001,Base!$A$3:$A$5001,G$3,Base!$B$3:$B$5001,$A$99))) | H102: =IF(H$3="","",IF(COUNTIFS(Base!$A$3:$A$5001,H$3,Base!$B$3:$B$5001,$A$99,Base!$T$3:$T$5001,"<>")=0,"",SUMIFS(Base!$T$3:$T$5001,Base!$A$3:$A$5001,H$3,Base!$B$3:$B$5001,$A$99))) | I102: =IF(I$3="","",IF(COUNTIFS(Base!$A$3:$A$5001,I$3,Base!$B$3:$B$5001,$A$99,Base!$T$3:$T$5001,"<>")=0,"",SUMIFS(Base!$T$3:$T$5001,Base!$A$3:$A$5001,I$3,Base!$B$3:$B$5001,$A$99))) | J102: =IF(J$3="","",IF(COUNTIFS(Base!$A$3:$A$5001,J$3,Base!$B$3:$B$5001,$A$99,Base!$T$3:$T$5001,"<>")=0,"",SUMIFS(Base!$T$3:$T$5001,Base!$A$3:$A$5001,J$3,Base!$B$3:$B$5001,$A$99))) | K102: =IF(K$3="","",IF(COUNTIFS(Base!$A$3:$A$5001,K$3,Base!$B$3:$B$5001,$A$99,Base!$T$3:$T$5001,"<>")=0,"",SUMIFS(Base!$T$3:$T$5001,Base!$A$3:$A$5001,K$3,Base!$B$3:$B$5001,$A$99))) | L102: =IF(L$3="","",IF(COUNTIFS(Base!$A$3:$A$5001,L$3,Base!$B$3:$B$5001,$A$99,Base!$T$3:$T$5001,"<>")=0,"",SUMIFS(Base!$T$3:$T$5001,Base!$A$3:$A$5001,L$3,Base!$B$3:$B$5001,$A$99))) | M102: =IF(M$3="","",IF(COUNTIFS(Base!$A$3:$A$5001,M$3,Base!$B$3:$B$5001,$A$99,Base!$T$3:$T$5001,"<>")=0,"",SUMIFS(Base!$T$3:$T$5001,Base!$A$3:$A$5001,M$3,Base!$B$3:$B$5001,$A$99))) | ... AJ102: =IF(AJ$3="","",IF(COUNTIFS(Base!$A$3:$A$5001,AJ$3,Base!$B$3:$B$5001,$A$99,Base!$T$3:$T$5001,"<>")=0,"",SUMIFS(Base!$T$3:$T$5001,Base!$A$3:$A$5001,AJ$3,Base!$B$3:$B$5001,$A$99))) | AK102: =IF(COUNT(F102:AJ102)=0,"",SUM(F102:AJ102))
B103: NC | C103: Incidentes | D103: =IFERROR(1/(1/INDEX(calculos!$C$55:$K$83,MATCH("NC Incidentes",calculos!$A$55:$A$83,0),MATCH($A$99,calculos!$C$54:$K$54,0))),"") | F103: =IF(F$3="","",IF(COUNTIFS(Base!$A$3:$A$5001,F$3,Base!$B$3:$B$5001,$A$99,Base!$U$3:$U$5001,"<>")=0,"",SUMIFS(Base!$U$3:$U$5001,Base!$A$3:$A$5001,F$3,Base!$B$3:$B$5001,$A$99))) | G103: =IF(G$3="","",IF(COUNTIFS(Base!$A$3:$A$5001,G$3,Base!$B$3:$B$5001,$A$99,Base!$U$3:$U$5001,"<>")=0,"",SUMIFS(Base!$U$3:$U$5001,Base!$A$3:$A$5001,G$3,Base!$B$3:$B$5001,$A$99))) | H103: =IF(H$3="","",IF(COUNTIFS(Base!$A$3:$A$5001,H$3,Base!$B$3:$B$5001,$A$99,Base!$U$3:$U$5001,"<>")=0,"",SUMIFS(Base!$U$3:$U$5001,Base!$A$3:$A$5001,H$3,Base!$B$3:$B$5001,$A$99))) | I103: =IF(I$3="","",IF(COUNTIFS(Base!$A$3:$A$5001,I$3,Base!$B$3:$B$5001,$A$99,Base!$U$3:$U$5001,"<>")=0,"",SUMIFS(Base!$U$3:$U$5001,Base!$A$3:$A$5001,I$3,Base!$B$3:$B$5001,$A$99))) | J103: =IF(J$3="","",IF(COUNTIFS(Base!$A$3:$A$5001,J$3,Base!$B$3:$B$5001,$A$99,Base!$U$3:$U$5001,"<>")=0,"",SUMIFS(Base!$U$3:$U$5001,Base!$A$3:$A$5001,J$3,Base!$B$3:$B$5001,$A$99))) | K103: =IF(K$3="","",IF(COUNTIFS(Base!$A$3:$A$5001,K$3,Base!$B$3:$B$5001,$A$99,Base!$U$3:$U$5001,"<>")=0,"",SUMIFS(Base!$U$3:$U$5001,Base!$A$3:$A$5001,K$3,Base!$B$3:$B$5001,$A$99))) | L103: =IF(L$3="","",IF(COUNTIFS(Base!$A$3:$A$5001,L$3,Base!$B$3:$B$5001,$A$99,Base!$U$3:$U$5001,"<>")=0,"",SUMIFS(Base!$U$3:$U$5001,Base!$A$3:$A$5001,L$3,Base!$B$3:$B$5001,$A$99))) | M103: =IF(M$3="","",IF(COUNTIFS(Base!$A$3:$A$5001,M$3,Base!$B$3:$B$5001,$A$99,Base!$U$3:$U$5001,"<>")=0,"",SUMIFS(Base!$U$3:$U$5001,Base!$A$3:$A$5001,M$3,Base!$B$3:$B$5001,$A$99))) | ... AJ103: =IF(AJ$3="","",IF(COUNTIFS(Base!$A$3:$A$5001,AJ$3,Base!$B$3:$B$5001,$A$99,Base!$U$3:$U$5001,"<>")=0,"",SUMIFS(Base!$U$3:$U$5001,Base!$A$3:$A$5001,AJ$3,Base!$B$3:$B$5001,$A$99))) | AK103: =IF(COUNT(F103:AJ103)=0,"",SUM(F103:AJ103))
C104: No show | D104: =IFERROR(1/(1/INDEX(calculos!$C$55:$K$83,MATCH("NC No show",calculos!$A$55:$A$83,0),MATCH($A$99,calculos!$C$54:$K$54,0))),"") | F104: =IF(F$3="","",IF(COUNTIFS(Base!$A$3:$A$5001,F$3,Base!$B$3:$B$5001,$A$99,Base!$V$3:$V$5001,"<>")=0,"",SUMIFS(Base!$V$3:$V$5001,Base!$A$3:$A$5001,F$3,Base!$B$3:$B$5001,$A$99))) | G104: =IF(G$3="","",IF(COUNTIFS(Base!$A$3:$A$5001,G$3,Base!$B$3:$B$5001,$A$99,Base!$V$3:$V$5001,"<>")=0,"",SUMIFS(Base!$V$3:$V$5001,Base!$A$3:$A$5001,G$3,Base!$B$3:$B$5001,$A$99))) | H104: =IF(H$3="","",IF(COUNTIFS(Base!$A$3:$A$5001,H$3,Base!$B$3:$B$5001,$A$99,Base!$V$3:$V$5001,"<>")=0,"",SUMIFS(Base!$V$3:$V$5001,Base!$A$3:$A$5001,H$3,Base!$B$3:$B$5001,$A$99))) | I104: =IF(I$3="","",IF(COUNTIFS(Base!$A$3:$A$5001,I$3,Base!$B$3:$B$5001,$A$99,Base!$V$3:$V$5001,"<>")=0,"",SUMIFS(Base!$V$3:$V$5001,Base!$A$3:$A$5001,I$3,Base!$B$3:$B$5001,$A$99))) | J104: =IF(J$3="","",IF(COUNTIFS(Base!$A$3:$A$5001,J$3,Base!$B$3:$B$5001,$A$99,Base!$V$3:$V$5001,"<>")=0,"",SUMIFS(Base!$V$3:$V$5001,Base!$A$3:$A$5001,J$3,Base!$B$3:$B$5001,$A$99))) | K104: =IF(K$3="","",IF(COUNTIFS(Base!$A$3:$A$5001,K$3,Base!$B$3:$B$5001,$A$99,Base!$V$3:$V$5001,"<>")=0,"",SUMIFS(Base!$V$3:$V$5001,Base!$A$3:$A$5001,K$3,Base!$B$3:$B$5001,$A$99))) | L104: =IF(L$3="","",IF(COUNTIFS(Base!$A$3:$A$5001,L$3,Base!$B$3:$B$5001,$A$99,Base!$V$3:$V$5001,"<>")=0,"",SUMIFS(Base!$V$3:$V$5001,Base!$A$3:$A$5001,L$3,Base!$B$3:$B$5001,$A$99))) | M104: =IF(M$3="","",IF(COUNTIFS(Base!$A$3:$A$5001,M$3,Base!$B$3:$B$5001,$A$99,Base!$V$3:$V$5001,"<>")=0,"",SUMIFS(Base!$V$3:$V$5001,Base!$A$3:$A$5001,M$3,Base!$B$3:$B$5001,$A$99))) | ... AJ104: =IF(AJ$3="","",IF(COUNTIFS(Base!$A$3:$A$5001,AJ$3,Base!$B$3:$B$5001,$A$99,Base!$V$3:$V$5001,"<>")=0,"",SUMIFS(Base!$V$3:$V$5001,Base!$A$3:$A$5001,AJ$3,Base!$B$3:$B$5001,$A$99))) | AK104: =IF(COUNT(F104:AJ104)=0,"",SUM(F104:AJ104))
C105: Backlog | D105: =IFERROR(1/(1/INDEX(calculos!$C$55:$K$83,MATCH("NC Backlog",calculos!$A$55:$A$83,0),MATCH($A$99,calculos!$C$54:$K$54,0))),"") | F105: =IF(F$3="","",IF(COUNTIFS(Base!$A$3:$A$5001,F$3,Base!$B$3:$B$5001,$A$99,Base!$W$3:$W$5001,"<>")=0,"",SUMIFS(Base!$W$3:$W$5001,Base!$A$3:$A$5001,F$3,Base!$B$3:$B$5001,$A$99))) | G105: =IF(G$3="","",IF(COUNTIFS(Base!$A$3:$A$5001,G$3,Base!$B$3:$B$5001,$A$99,Base!$W$3:$W$5001,"<>")=0,"",SUMIFS(Base!$W$3:$W$5001,Base!$A$3:$A$5001,G$3,Base!$B$3:$B$5001,$A$99))) | H105: =IF(H$3="","",IF(COUNTIFS(Base!$A$3:$A$5001,H$3,Base!$B$3:$B$5001,$A$99,Base!$W$3:$W$5001,"<>")=0,"",SUMIFS(Base!$W$3:$W$5001,Base!$A$3:$A$5001,H$3,Base!$B$3:$B$5001,$A$99))) | I105: =IF(I$3="","",IF(COUNTIFS(Base!$A$3:$A$5001,I$3,Base!$B$3:$B$5001,$A$99,Base!$W$3:$W$5001,"<>")=0,"",SUMIFS(Base!$W$3:$W$5001,Base!$A$3:$A$5001,I$3,Base!$B$3:$B$5001,$A$99))) | J105: =IF(J$3="","",IF(COUNTIFS(Base!$A$3:$A$5001,J$3,Base!$B$3:$B$5001,$A$99,Base!$W$3:$W$5001,"<>")=0,"",SUMIFS(Base!$W$3:$W$5001,Base!$A$3:$A$5001,J$3,Base!$B$3:$B$5001,$A$99))) | K105: =IF(K$3="","",IF(COUNTIFS(Base!$A$3:$A$5001,K$3,Base!$B$3:$B$5001,$A$99,Base!$W$3:$W$5001,"<>")=0,"",SUMIFS(Base!$W$3:$W$5001,Base!$A$3:$A$5001,K$3,Base!$B$3:$B$5001,$A$99))) | L105: =IF(L$3="","",IF(COUNTIFS(Base!$A$3:$A$5001,L$3,Base!$B$3:$B$5001,$A$99,Base!$W$3:$W$5001,"<>")=0,"",SUMIFS(Base!$W$3:$W$5001,Base!$A$3:$A$5001,L$3,Base!$B$3:$B$5001,$A$99))) | M105: =IF(M$3="","",IF(COUNTIFS(Base!$A$3:$A$5001,M$3,Base!$B$3:$B$5001,$A$99,Base!$W$3:$W$5001,"<>")=0,"",SUMIFS(Base!$W$3:$W$5001,Base!$A$3:$A$5001,M$3,Base!$B$3:$B$5001,$A$99))) | ... AJ105: =IF(AJ$3="","",IF(COUNTIFS(Base!$A$3:$A$5001,AJ$3,Base!$B$3:$B$5001,$A$99,Base!$W$3:$W$5001,"<>")=0,"",SUMIFS(Base!$W$3:$W$5001,Base!$A$3:$A$5001,AJ$3,Base!$B$3:$B$5001,$A$99))) | AK105: =IFERROR(LOOKUP(9.99E+307,F105:AJ105),"")
B106: OCUPAÇÃO (P.P) | C106: Posições Disponíveis | D106: =IFERROR(1/(1/INDEX(calculos!$C$55:$K$83,MATCH("Posições Disponíveis",calculos!$A$55:$A$83,0),MATCH($A$99,calculos!$C$54:$K$54,0))),"") | F106: =IF(F$3="","",IF(COUNTIFS(Base!$A$3:$A$5001,F$3,Base!$B$3:$B$5001,$A$99,Base!$X$3:$X$5001,"<>")=0,"",SUMIFS(Base!$X$3:$X$5001,Base!$A$3:$A$5001,F$3,Base!$B$3:$B$5001,$A$99))) | G106: =IF(G$3="","",IF(COUNTIFS(Base!$A$3:$A$5001,G$3,Base!$B$3:$B$5001,$A$99,Base!$X$3:$X$5001,"<>")=0,"",SUMIFS(Base!$X$3:$X$5001,Base!$A$3:$A$5001,G$3,Base!$B$3:$B$5001,$A$99))) | H106: =IF(H$3="","",IF(COUNTIFS(Base!$A$3:$A$5001,H$3,Base!$B$3:$B$5001,$A$99,Base!$X$3:$X$5001,"<>")=0,"",SUMIFS(Base!$X$3:$X$5001,Base!$A$3:$A$5001,H$3,Base!$B$3:$B$5001,$A$99))) | I106: =IF(I$3="","",IF(COUNTIFS(Base!$A$3:$A$5001,I$3,Base!$B$3:$B$5001,$A$99,Base!$X$3:$X$5001,"<>")=0,"",SUMIFS(Base!$X$3:$X$5001,Base!$A$3:$A$5001,I$3,Base!$B$3:$B$5001,$A$99))) | J106: =IF(J$3="","",IF(COUNTIFS(Base!$A$3:$A$5001,J$3,Base!$B$3:$B$5001,$A$99,Base!$X$3:$X$5001,"<>")=0,"",SUMIFS(Base!$X$3:$X$5001,Base!$A$3:$A$5001,J$3,Base!$B$3:$B$5001,$A$99))) | K106: =IF(K$3="","",IF(COUNTIFS(Base!$A$3:$A$5001,K$3,Base!$B$3:$B$5001,$A$99,Base!$X$3:$X$5001,"<>")=0,"",SUMIFS(Base!$X$3:$X$5001,Base!$A$3:$A$5001,K$3,Base!$B$3:$B$5001,$A$99))) | L106: =IF(L$3="","",IF(COUNTIFS(Base!$A$3:$A$5001,L$3,Base!$B$3:$B$5001,$A$99,Base!$X$3:$X$5001,"<>")=0,"",SUMIFS(Base!$X$3:$X$5001,Base!$A$3:$A$5001,L$3,Base!$B$3:$B$5001,$A$99))) | M106: =IF(M$3="","",IF(COUNTIFS(Base!$A$3:$A$5001,M$3,Base!$B$3:$B$5001,$A$99,Base!$X$3:$X$5001,"<>")=0,"",SUMIFS(Base!$X$3:$X$5001,Base!$A$3:$A$5001,M$3,Base!$B$3:$B$5001,$A$99))) | ... AJ106: =IF(AJ$3="","",IF(COUNTIFS(Base!$A$3:$A$5001,AJ$3,Base!$B$3:$B$5001,$A$99,Base!$X$3:$X$5001,"<>")=0,"",SUMIFS(Base!$X$3:$X$5001,Base!$A$3:$A$5001,AJ$3,Base!$B$3:$B$5001,$A$99))) | AK106: =IFERROR(LOOKUP(9.99E+307,F106:AJ106),"")
...

Sheet Quadro de Indicadores
E1: QUADRO DE INDICADORES · DETALHE DO MÊS | V1: SETEMBRO · 2026
B3: ="Cliente: "&calculos_quadro!$B$2&" · para trocar o cliente, use o filtro da aba Indicadores" -> Cliente: Todos · para trocar o cliente, use o filtro da aba Indicadores | Q3: =IF(calculos_quadro!$B$9=0,"Sem dados na Base para o mês escolhido","Dados até "&TEXT(calculos_quadro!$C$7+calculos_quadro!$B$9-1,"dd/mm")&"/"&YEAR(calculos_quadro!$C$7)&" · comparação: "&calculos_quadro!$B$8&", dias 1 a "&calculos_quadro!$B$9) -> Sem dados na Base para o mês escolhido
B5: QUADRO DE INDICADORES · cliente e mês selecionados
B6: GRUPO | D6: INDICADOR | H6: META | J6: REALIZADO | M6: MÉDIA / DIA | O6: MÁXIMO NO DIA | R6: MÊS ANTERIOR | T6: VARIAÇÃO | W6: % DA META | Y6: STATUS
B7: IN | D7: =IF(calculos_quadro!$D$2="","",MID(calculos_quadro!$D$2,FIND(" ",calculos_quadro!$D$2)+1,99)) -> Veículos Recebidos | H7: =IF(calculos_quadro!$D$2="","",INDEX(calculos_quadro!$C$48:$AE$48,MATCH(calculos_quadro!$D$2,calculos_quadro!$C$11:$AE$11,0))) | J7: =IF(calculos_quadro!$D$2="","",INDEX(calculos_quadro!$C$43:$AE$43,MATCH(calculos_quadro!$D$2,calculos_quadro!$C$11:$AE$11,0))) -> 0 | M7: =IF(calculos_quadro!$D$2="","",INDEX(calculos_quadro!$C$44:$AE$44,MATCH(calculos_quadro!$D$2,calculos_quadro!$C$11:$AE$11,0))) | O7: =IF(calculos_quadro!$D$2="","",INDEX(calculos_quadro!$C$45:$AE$45,MATCH(calculos_quadro!$D$2,calculos_quadro!$C$11:$AE$11,0))) -> 0 | R7: =IF(calculos_quadro!$D$2="","",INDEX(calculos_quadro!$C$46:$AE$46,MATCH(calculos_quadro!$D$2,calculos_quadro!$C$11:$AE$11,0))) -> 0 | T7: =IF(calculos_quadro!$D$2="","",INDEX(calculos_quadro!$C$47:$AE$47,MATCH(calculos_quadro!$D$2,calculos_quadro!$C$11:$AE$11,0))) | W7: =IF(calculos_quadro!$D$2="","",INDEX(calculos_quadro!$C$49:$AE$49,MATCH(calculos_quadro!$D$2,calculos_quadro!$C$11:$AE$11,0))) | Y7: =IF(calculos_quadro!$D$2="","",INDEX(calculos_quadro!$C$50:$AE$50,MATCH(calculos_quadro!$D$2,calculos_quadro!$C$11:$AE$11,0)))
D8: =IF(calculos_quadro!$E$2="","",MID(calculos_quadro!$E$2,FIND(" ",calculos_quadro!$E$2)+1,99)) -> Pallets Movimentados | H8: =IF(calculos_quadro!$E$2="","",INDEX(calculos_quadro!$C$48:$AE$48,MATCH(calculos_quadro!$E$2,calculos_quadro!$C$11:$AE$11,0))) | J8: =IF(calculos_quadro!$E$2="","",INDEX(calculos_quadro!$C$43:$AE$43,MATCH(calculos_quadro!$E$2,calculos_quadro!$C$11:$AE$11,0))) -> 0 | M8: =IF(calculos_quadro!$E$2="","",INDEX(calculos_quadro!$C$44:$AE$44,MATCH(calculos_quadro!$E$2,calculos_quadro!$C$11:$AE$11,0))) | O8: =IF(calculos_quadro!$E$2="","",INDEX(calculos_quadro!$C$45:$AE$45,MATCH(calculos_quadro!$E$2,calculos_quadro!$C$11:$AE$11,0))) -> 0 | R8: =IF(calculos_quadro!$E$2="","",INDEX(calculos_quadro!$C$46:$AE$46,MATCH(calculos_quadro!$E$2,calculos_quadro!$C$11:$AE$11,0))) -> 0 | T8: =IF(calculos_quadro!$E$2="","",INDEX(calculos_quadro!$C$47:$AE$47,MATCH(calculos_quadro!$E$2,calculos_quadro!$C$11:$AE$11,0))) | W8: =IF(calculos_quadro!$E$2="","",INDEX(calculos_quadro!$C$49:$AE$49,MATCH(calculos_quadro!$E$2,calculos_quadro!$C$11:$AE$11,0))) | Y8: =IF(calculos_quadro!$E$2="","",INDEX(calculos_quadro!$C$50:$AE$50,MATCH(calculos_quadro!$E$2,calculos_quadro!$C$11:$AE$11,0)))
D9: =IF(calculos_quadro!$F$2="","",MID(calculos_quadro!$F$2,FIND(" ",calculos_quadro!$F$2)+1,99)) -> Toneladas Movimentadas | H9: =IF(calculos_quadro!$F$2="","",INDEX(calculos_quadro!$C$48:$AE$48,MATCH(calculos_quadro!$F$2,calculos_quadro!$C$11:$AE$11,0))) | J9: =IF(calculos_quadro!$F$2="","",INDEX(calculos_quadro!$C$43:$AE$43,MATCH(calculos_quadro!$F$2,calculos_quadro!$C$11:$AE$11,0))) -> 0 | M9: =IF(calculos_quadro!$F$2="","",INDEX(calculos_quadro!$C$44:$AE$44,MATCH(calculos_quadro!$F$2,calculos_quadro!$C$11:$AE$11,0))) | O9: =IF(calculos_quadro!$F$2="","",INDEX(calculos_quadro!$C$45:$AE$45,MATCH(calculos_quadro!$F$2,calculos_quadro!$C$11:$AE$11,0))) -> 0 | R9: =IF(calculos_quadro!$F$2="","",INDEX(calculos_quadro!$C$46:$AE$46,MATCH(calculos_quadro!$F$2,calculos_quadro!$C$11:$AE$11,0))) -> 0 | T9: =IF(calculos_quadro!$F$2="","",INDEX(calculos_quadro!$C$47:$AE$47,MATCH(calculos_quadro!$F$2,calculos_quadro!$C$11:$AE$11,0))) | W9: =IF(calculos_quadro!$F$2="","",INDEX(calculos_quadro!$C$49:$AE$49,MATCH(calculos_quadro!$F$2,calculos_quadro!$C$11:$AE$11,0))) | Y9: =IF(calculos_quadro!$F$2="","",INDEX(calculos_quadro!$C$50:$AE$50,MATCH(calculos_quadro!$F$2,calculos_quadro!$C$11:$AE$11,0)))
D10: =IF(calculos_quadro!$G$2="","",MID(calculos_quadro!$G$2,FIND(" ",calculos_quadro!$G$2)+1,99)) -> Linhas NF | H10: =IF(calculos_quadro!$G$2="","",INDEX(calculos_quadro!$C$48:$AE$48,MATCH(calculos_quadro!$G$2,calculos_quadro!$C$11:$AE$11,0))) | J10: =IF(calculos_quadro!$G$2="","",INDEX(calculos_quadro!$C$43:$AE$43,MATCH(calculos_quadro!$G$2,calculos_quadro!$C$11:$AE$11,0))) -> 0 | M10: =IF(calculos_quadro!$G$2="","",INDEX(calculos_quadro!$C$44:$AE$44,MATCH(calculos_quadro!$G$2,calculos_quadro!$C$11:$AE$11,0))) | O10: =IF(calculos_quadro!$G$2="","",INDEX(calculos_quadro!$C$45:$AE$45,MATCH(calculos_quadro!$G$2,calculos_quadro!$C$11:$AE$11,0))) -> 0 | R10: =IF(calculos_quadro!$G$2="","",INDEX(calculos_quadro!$C$46:$AE$46,MATCH(calculos_quadro!$G$2,calculos_quadro!$C$11:$AE$11,0))) -> 0 | T10: =IF(calculos_quadro!$G$2="","",INDEX(calculos_quadro!$C$47:$AE$47,MATCH(calculos_quadro!$G$2,calculos_quadro!$C$11:$AE$11,0))) | W10: =IF(calculos_quadro!$G$2="","",INDEX(calculos_quadro!$C$49:$AE$49,MATCH(calculos_quadro!$G$2,calculos_quadro!$C$11:$AE$11,0))) | Y10: =IF(calculos_quadro!$G$2="","",INDEX(calculos_quadro!$C$50:$AE$50,MATCH(calculos_quadro!$G$2,calculos_quadro!$C$11:$AE$11,0)))
B11: OUT | D11: =IF(calculos_quadro!$H$2="","",MID(calculos_quadro!$H$2,FIND(" ",calculos_quadro!$H$2)+1,99)) -> Veículos Expedidos | H11: =IF(calculos_quadro!$H$2="","",INDEX(calculos_quadro!$C$48:$AE$48,MATCH(calculos_quadro!$H$2,calculos_quadro!$C$11:$AE$11,0))) | J11: =IF(calculos_quadro!$H$2="","",INDEX(calculos_quadro!$C$43:$AE$43,MATCH(calculos_quadro!$H$2,calculos_quadro!$C$11:$AE$11,0))) -> 0 | M11: =IF(calculos_quadro!$H$2="","",INDEX(calculos_quadro!$C$44:$AE$44,MATCH(calculos_quadro!$H$2,calculos_quadro!$C$11:$AE$11,0))) | O11: =IF(calculos_quadro!$H$2="","",INDEX(calculos_quadro!$C$45:$AE$45,MATCH(calculos_quadro!$H$2,calculos_quadro!$C$11:$AE$11,0))) -> 0 | R11: =IF(calculos_quadro!$H$2="","",INDEX(calculos_quadro!$C$46:$AE$46,MATCH(calculos_quadro!$H$2,calculos_quadro!$C$11:$AE$11,0))) -> 0 | T11: =IF(calculos_quadro!$H$2="","",INDEX(calculos_quadro!$C$47:$AE$47,MATCH(calculos_quadro!$H$2,calculos_quadro!$C$11:$AE$11,0))) | W11: =IF(calculos_quadro!$H$2="","",INDEX(calculos_quadro!$C$49:$AE$49,MATCH(calculos_quadro!$H$2,calculos_quadro!$C$11:$AE$11,0))) | Y11: =IF(calculos_quadro!$H$2="","",INDEX(calculos_quadro!$C$50:$AE$50,MATCH(calculos_quadro!$H$2,calculos_quadro!$C$11:$AE$11,0)))
D12: =IF(calculos_quadro!$I$2="","",MID(calculos_quadro!$I$2,FIND(" ",calculos_quadro!$I$2)+1,99)) -> Pallets Movimentados | H12: =IF(calculos_quadro!$I$2="","",INDEX(calculos_quadro!$C$48:$AE$48,MATCH(calculos_quadro!$I$2,calculos_quadro!$C$11:$AE$11,0))) | J12: =IF(calculos_quadro!$I$2="","",INDEX(calculos_quadro!$C$43:$AE$43,MATCH(calculos_quadro!$I$2,calculos_quadro!$C$11:$AE$11,0))) -> 0 | M12: =IF(calculos_quadro!$I$2="","",INDEX(calculos_quadro!$C$44:$AE$44,MATCH(calculos_quadro!$I$2,calculos_quadro!$C$11:$AE$11,0))) | O12: =IF(calculos_quadro!$I$2="","",INDEX(calculos_quadro!$C$45:$AE$45,MATCH(calculos_quadro!$I$2,calculos_quadro!$C$11:$AE$11,0))) -> 0 | R12: =IF(calculos_quadro!$I$2="","",INDEX(calculos_quadro!$C$46:$AE$46,MATCH(calculos_quadro!$I$2,calculos_quadro!$C$11:$AE$11,0))) -> 0 | T12: =IF(calculos_quadro!$I$2="","",INDEX(calculos_quadro!$C$47:$AE$47,MATCH(calculos_quadro!$I$2,calculos_quadro!$C$11:$AE$11,0))) | W12: =IF(calculos_quadro!$I$2="","",INDEX(calculos_quadro!$C$49:$AE$49,MATCH(calculos_quadro!$I$2,calculos_quadro!$C$11:$AE$11,0))) | Y12: =IF(calculos_quadro!$I$2="","",INDEX(calculos_quadro!$C$50:$AE$50,MATCH(calculos_quadro!$I$2,calculos_quadro!$C$11:$AE$11,0)))
D13: =IF(calculos_quadro!$J$2="","",MID(calculos_quadro!$J$2,FIND(" ",calculos_quadro!$J$2)+1,99)) -> Toneladas Movimentadas | H13: =IF(calculos_quadro!$J$2="","",INDEX(calculos_quadro!$C$48:$AE$48,MATCH(calculos_quadro!$J$2,calculos_quadro!$C$11:$AE$11,0))) | J13: =IF(calculos_quadro!$J$2="","",INDEX(calculos_quadro!$C$43:$AE$43,MATCH(calculos_quadro!$J$2,calculos_quadro!$C$11:$AE$11,0))) -> 0 | M13: =IF(calculos_quadro!$J$2="","",INDEX(calculos_quadro!$C$44:$AE$44,MATCH(calculos_quadro!$J$2,calculos_quadro!$C$11:$AE$11,0))) | O13: =IF(calculos_quadro!$J$2="","",INDEX(calculos_quadro!$C$45:$AE$45,MATCH(calculos_quadro!$J$2,calculos_quadro!$C$11:$AE$11,0))) -> 0 | R13: =IF(calculos_quadro!$J$2="","",INDEX(calculos_quadro!$C$46:$AE$46,MATCH(calculos_quadro!$J$2,calculos_quadro!$C$11:$AE$11,0))) -> 0 | T13: =IF(calculos_quadro!$J$2="","",INDEX(calculos_quadro!$C$47:$AE$47,MATCH(calculos_quadro!$J$2,calculos_quadro!$C$11:$AE$11,0))) | W13: =IF(calculos_quadro!$J$2="","",INDEX(calculos_quadro!$C$49:$AE$49,MATCH(calculos_quadro!$J$2,calculos_quadro!$C$11:$AE$11,0))) | Y13: =IF(calculos_quadro!$J$2="","",INDEX(calculos_quadro!$C$50:$AE$50,MATCH(calculos_quadro!$J$2,calculos_quadro!$C$11:$AE$11,0)))
D14: =IF(calculos_quadro!$K$2="","",MID(calculos_quadro!$K$2,FIND(" ",calculos_quadro!$K$2)+1,99)) -> Linhas NF | H14: =IF(calculos_quadro!$K$2="","",INDEX(calculos_quadro!$C$48:$AE$48,MATCH(calculos_quadro!$K$2,calculos_quadro!$C$11:$AE$11,0))) | J14: =IF(calculos_quadro!$K$2="","",INDEX(calculos_quadro!$C$43:$AE$43,MATCH(calculos_quadro!$K$2,calculos_quadro!$C$11:$AE$11,0))) -> 0 | M14: =IF(calculos_quadro!$K$2="","",INDEX(calculos_quadro!$C$44:$AE$44,MATCH(calculos_quadro!$K$2,calculos_quadro!$C$11:$AE$11,0))) | O14: =IF(calculos_quadro!$K$2="","",INDEX(calculos_quadro!$C$45:$AE$45,MATCH(calculos_quadro!$K$2,calculos_quadro!$C$11:$AE$11,0))) -> 0 | R14: =IF(calculos_quadro!$K$2="","",INDEX(calculos_quadro!$C$46:$AE$46,MATCH(calculos_quadro!$K$2,calculos_quadro!$C$11:$AE$11,0))) -> 0 | T14: =IF(calculos_quadro!$K$2="","",INDEX(calculos_quadro!$C$47:$AE$47,MATCH(calculos_quadro!$K$2,calculos_quadro!$C$11:$AE$11,0))) | W14: =IF(calculos_quadro!$K$2="","",INDEX(calculos_quadro!$C$49:$AE$49,MATCH(calculos_quadro!$K$2,calculos_quadro!$C$11:$AE$11,0))) | Y14: =IF(calculos_quadro!$K$2="","",INDEX(calculos_quadro!$C$50:$AE$50,MATCH(calculos_quadro!$K$2,calculos_quadro!$C$11:$AE$11,0)))
B15: NC | D15: Incidentes | H15: =calculos_quadro!$U$48 | J15: =calculos_quadro!$U$43 -> 0 | M15: =calculos_quadro!$U$44 | O15: =calculos_quadro!$U$45 -> 0 | R15: =calculos_quadro!$U$46 -> 0 | T15: =calculos_quadro!$U$47 | W15: =calculos_quadro!$U$49 | Y15: =calculos_quadro!$U$50
D16: No show | H16: =calculos_quadro!$V$48 | J16: =calculos_quadro!$V$43 -> 0 | M16: =calculos_quadro!$V$44 | O16: =calculos_quadro!$V$45 -> 0 | R16: =calculos_quadro!$V$46 -> 0 | T16: =calculos_quadro!$V$47 | W16: =calculos_quadro!$V$49 | Y16: =calculos_quadro!$V$50
D17: Backlog | H17: =calculos_quadro!$W$48 | J17: =calculos_quadro!$W$43 | M17: =calculos_quadro!$W$44 | O17: =calculos_quadro!$W$45 | R17: =calculos_quadro!$W$46 | T17: =calculos_quadro!$W$47 | W17: =calculos_quadro!$W$49 | Y17: =calculos_quadro!$W$50
B18: OCUPAÇÃO (P.P) | D18: Posições Disponíveis | H18: =calculos_quadro!$X$48 | J18: =calculos_quadro!$X$43 | O18: =calculos_quadro!$X$45 | R18: =calculos_quadro!$X$46 | T18: =calculos_quadro!$X$47 | W18: =calculos_quadro!$X$49 | Y18: =calculos_quadro!$X$50
D19: Posições Ocupadas | H19: =calculos_quadro!$Y$48 | J19: =calculos_quadro!$Y$43 | M19: =calculos_quadro!$Y$44 | O19: =calculos_quadro!$Y$45 | R19: =calculos_quadro!$Y$46 | T19: =calculos_quadro!$Y$47 | W19: =calculos_quadro!$Y$49 | Y19: =calculos_quadro!$Y$50
D20: Taxa de Ocupação | H20: =calculos_quadro!$Z$48 | J20: =calculos_quadro!$Z$43 | M20: =calculos_quadro!$Z$44 | O20: =calculos_quadro!$Z$45 | R20: =calculos_quadro!$Z$46 | T20: =calculos_quadro!$Z$47 | W20: =calculos_quadro!$Z$49 | Y20: =calculos_quadro!$Z$50
B21: GENTE | D21: Efetivo | H21: =calculos_quadro!$AA$48 | J21: =calculos_quadro!$AA$43 | M21: =calculos_quadro!$AA$44 | O21: =calculos_quadro!$AA$45 | R21: =calculos_quadro!$AA$46 | T21: =calculos_quadro!$AA$47 | W21: =calculos_quadro!$AA$49 | Y21: =calculos_quadro!$AA$50
D22: Falta | H22: =calculos_quadro!$AB$48 | J22: =calculos_quadro!$AB$43 -> 0 | M22: =calculos_quadro!$AB$44 | O22: =calculos_quadro!$AB$45 -> 0 | R22: =calculos_quadro!$AB$46 -> 0 | T22: =calculos_quadro!$AB$47 | W22: =calculos_quadro!$AB$49 | Y22: =calculos_quadro!$AB$50
D23: Folga | H23: =calculos_quadro!$AC$48 | J23: =calculos_quadro!$AC$43 -> 0 | M23: =calculos_quadro!$AC$44 | O23: =calculos_quadro!$AC$45 -> 0 | R23: =calculos_quadro!$AC$46 -> 0 | T23: =calculos_quadro!$AC$47 | W23: =calculos_quadro!$AC$49 | Y23: =calculos_quadro!$AC$50
D24: Férias | H24: =calculos_quadro!$AD$48 | J24: =calculos_quadro!$AD$43 -> 0 | M24: =calculos_quadro!$AD$44 | O24: =calculos_quadro!$AD$45 -> 0 | R24: =calculos_quadro!$AD$46 -> 0 | T24: =calculos_quadro!$AD$47 | W24: =calculos_quadro!$AD$49 | Y24: =calculos_quadro!$AD$50
D25: Desligamentos | H25: =calculos_quadro!$AE$48 | J25: =calculos_quadro!$AE$43 -> 0 | M25: =calculos_quadro!$AE$44 | O25: =calculos_quadro!$AE$45 -> 0 | R25: =calculos_quadro!$AE$46 -> 0 | T25: =calculos_quadro!$AE$47 | W25: =calculos_quadro!$AE$49 | Y25: =calculos_quadro!$AE$50
B26: IN e OUT mostram os indicadores do cliente escolhido na aba Indicadores (em "Todos": veículos, pallets, toneladas e linhas NF). Realizado: soma do mês nos fluxos; último valor em backlog, posições e efetivo. Média/dia: dias com movimento. Metas e faixas: aba calculos (oculta). Vazio = sem registro.
B28: RESUMO POR CLIENTE · mês inteiro (1/2) · "—" = indicador não usado pelo cliente
B29: GRUPO | D29: INDICADOR | H29: BASF | J29: BEAUTYBIZ | M29: BOTICÁRIO | O29: SUPPLY | R29: GE VERNOVA | T29: TOTAL CD
B30: IN | D30: Veículos Recebidos | H30: =calculos_quadro!B96 -> 0 | J30: =calculos_quadro!C96 -> 0 | M30: =calculos_quadro!D96 -> 0 | O30: =calculos_quadro!E96 -> 0 | R30: =calculos_quadro!F96 -> 0 | T30: =calculos_quadro!K96 -> 0
D31: Pallets Movimentados | H31: =calculos_quadro!B97 -> 0 | J31: =calculos_quadro!C97 -> 0 | M31: =calculos_quadro!D97 -> — | O31: =calculos_quadro!E97 -> 0 | R31: =calculos_quadro!F97 -> 0 | T31: =calculos_quadro!K97 -> 0
D32: Toneladas Movimentadas | H32: =calculos_quadro!B98 -> 0 | J32: =calculos_quadro!C98 -> — | M32: =calculos_quadro!D98 -> — | O32: =calculos_quadro!E98 -> 0 | R32: =calculos_quadro!F98 -> — | T32: =calculos_quadro!K98 -> 0
D33: Caixas Movimentadas | H33: =calculos_quadro!B99 -> — | J33: =calculos_quadro!C99 -> 0 | M33: =calculos_quadro!D99 -> — | O33: =calculos_quadro!E99 -> — | R33: =calculos_quadro!F99 -> — | T33: =calculos_quadro!K99 -> 0
D34: Itens Recebidos CX Mista | H34: =calculos_quadro!B100 -> — | J34: =calculos_quadro!C100 -> — | M34: =calculos_quadro!D100 -> 0 | O34: =calculos_quadro!E100 -> — | R34: =calculos_quadro!F100 -> — | T34: =calculos_quadro!K100 -> 0
D35: Caixas Mistas Recebidas | H35: =calculos_quadro!B101 -> — | J35: =calculos_quadro!C101 -> — | M35: =calculos_quadro!D101 -> 0 | O35: =calculos_quadro!E101 -> — | R35: =calculos_quadro!F101 -> — | T35: =calculos_quadro!K101 -> 0
D36: Caixas Fechadas | H36: =calculos_quadro!B102 -> — | J36: =calculos_quadro!C102 -> — | M36: =calculos_quadro!D102 -> 0 | O36: =calculos_quadro!E102 -> — | R36: =calculos_quadro!F102 -> — | T36: =calculos_quadro!K102 -> 0
D37: Peças Movimentadas | H37: =calculos_quadro!B103 -> — | J37: =calculos_quadro!C103 -> — | M37: =calculos_quadro!D103 -> — | O37: =calculos_quadro!E103 -> — | R37: =calculos_quadro!F103 -> 0 | T37: =calculos_quadro!K103 -> 0
D38: Linhas NF | H38: =calculos_quadro!B104 -> — | J38: =calculos_quadro!C104 -> — | M38: =calculos_quadro!D104 -> — | O38: =calculos_quadro!E104 -> — | R38: =calculos_quadro!F104 -> 0 | T38: =calculos_quadro!K104 -> 0
B39: OUT | D39: Veículos Expedidos | H39: =calculos_quadro!B105 -> 0 | J39: =calculos_quadro!C105 -> 0 | M39: =calculos_quadro!D105 -> 0 | O39: =calculos_quadro!E105 -> 0 | R39: =calculos_quadro!F105 -> 0 | T39: =calculos_quadro!K105 -> 0
D40: Pallets Movimentados | H40: =calculos_quadro!B106 -> 0 | J40: =calculos_quadro!C106 -> 0 | M40: =calculos_quadro!D106 -> 0 | O40: =calculos_quadro!E106 -> 0 | R40: =calculos_quadro!F106 -> 0 | T40: =calculos_quadro!K106 -> 0
D41: Toneladas Movimentadas | H41: =calculos_quadro!B107 -> 0 | J41: =calculos_quadro!C107 -> — | M41: =calculos_quadro!D107 -> — | O41: =calculos_quadro!E107 -> 0 | R41: =calculos_quadro!F107 -> — | T41: =calculos_quadro!K107 -> 0
D42: Pedidos Expedidos | H42: =calculos_quadro!B109 -> — | J42: =calculos_quadro!C109 -> 0 | M42: =calculos_quadro!D109 -> — | O42: =calculos_quadro!E109 -> — | R42: =calculos_quadro!F109 -> — | T42: =calculos_quadro!K109 -> 0
D43: Pedidos Faturados | H43: =calculos_quadro!B110 -> — | J43: =calculos_quadro!C110 -> — | M43: =calculos_quadro!D110 -> 0 | O43: =calculos_quadro!E110 -> — | R43: =calculos_quadro!F110 -> — | T43: =calculos_quadro!K110 -> 0
D44: Itens Expedidos | H44: =calculos_quadro!B111 -> — | J44: =calculos_quadro!C111 -> — | M44: =calculos_quadro!D111 -> 0 | O44: =calculos_quadro!E111 -> — | R44: =calculos_quadro!F111 -> — | T44: =calculos_quadro!K111 -> 0
D45: Peças Movimentadas | H45: =calculos_quadro!B112 -> — | J45: =calculos_quadro!C112 -> — | M45: =calculos_quadro!D112 -> — | O45: =calculos_quadro!E112 -> — | R45: =calculos_quadro!F112 -> 0 | T45: =calculos_quadro!K112 -> 0
D46: Linhas NF | H46: =calculos_quadro!B113 -> — | J46: =calculos_quadro!C113 -> — | M46: =calculos_quadro!D113 -> — | O46: =calculos_quadro!E113 -> — | R46: =calculos_quadro!F113 -> 0 | T46: =calculos_quadro!K113 -> 0
B47: NC | D47: Incidentes | H47: =calculos_quadro!B114 -> 0 | J47: =calculos_quadro!C114 -> 0 | M47: =calculos_quadro!D114 -> 0 | O47: =calculos_quadro!E114 -> 0 | R47: =calculos_quadro!F114 -> 0 | T47: =calculos_quadro!K114 -> 0
D48: No show | H48: =calculos_quadro!B115 -> 0 | J48: =calculos_quadro!C115 -> 0 | M48: =calculos_quadro!D115 -> 0 | O48: =calculos_quadro!E115 -> 0 | R48: =calculos_quadro!F115 -> 0 | T48: =calculos_quadro!K115 -> 0
D49: Backlog | H49: =calculos_quadro!B116 | J49: =calculos_quadro!C116 | M49: =calculos_quadro!D116 | O49: =calculos_quadro!E116 | R49: =calculos_quadro!F116 | T49: =calculos_quadro!K116
B50: OCUPAÇÃO (P.P) | D50: Posições Disponíveis | H50: =calculos_quadro!B117 | J50: =calculos_quadro!C117 | M50: =calculos_quadro!D117 | O50: =calculos_quadro!E117 | R50: =calculos_quadro!F117 | T50: =calculos_quadro!K117
D51: Posições Ocupadas | H51: =calculos_quadro!B118 | J51: =calculos_quadro!C118 | M51: =calculos_quadro!D118 | O51: =calculos_quadro!E118 | R51: =calculos_quadro!F118 | T51: =calculos_quadro!K118
D52: Taxa de Ocupação | H52: =calculos_quadro!B119 | J52: =calculos_quadro!C119 | M52: =calculos_quadro!D119 | O52: =calculos_quadro!E119 | R52: =calculos_quadro!F119 | T52: =calculos_quadro!K119
B53: GENTE | D53: Efetivo | H53: =calculos_quadro!B120 | J53: =calculos_quadro!C120 | M53: =calculos_quadro!D120 | O53: =calculos_quadro!E120 | R53: =calculos_quadro!F120 | T53: =calculos_quadro!K120
D54: Falta | H54: =calculos_quadro!B121 -> 0 | J54: =calculos_quadro!C121 -> 0 | M54: =calculos_quadro!D121 -> 0 | O54: =calculos_quadro!E121 -> 0 | R54: =calculos_quadro!F121 -> 0 | T54: =calculos_quadro!K121 -> 0
D55: Folga | H55: =calculos_quadro!B122 -> 0 | J55: =calculos_quadro!C122 -> 0 | M55: =calculos_quadro!D122 -> 0 | O55: =calculos_quadro!E122 -> 0 | R55: =calculos_quadro!F122 -> 0 | T55: =calculos_quadro!K122 -> 0
D56: Férias | H56: =calculos_quadro!B123 -> 0 | J56: =calculos_quadro!C123 -> 0 | M56: =calculos_quadro!D123 -> 0 | O56: =calculos_quadro!E123 -> 0 | R56: =calculos_quadro!F123 -> 0 | T56: =calculos_quadro!K123 -> 0
D57: Desligamentos | H57: =calculos_quadro!B124 -> 0 | J57: =calculos_quadro!C124 -> 0 | M57: =calculos_quadro!D124 -> 0 | O57: =calculos_quadro!E124 -> 0 | R57: =calculos_quadro!F124 -> 0 | T57: =calculos_quadro!K124 -> 0
B59: RESUMO POR CLIENTE · mês inteiro (2/2) · "—" = indicador não usado pelo cliente
B60: GRUPO | D60: INDICADOR | H60: VESTAS | J60: VEDACIT | M60: OMNLIFE | O60: ALPARGATAS | T60: TOTAL CD
B61: IN | D61: Veículos Recebidos | H61: =calculos_quadro!G96 -> 0 | J61: =calculos_quadro!H96 -> 0 | M61: =calculos_quadro!I96 -> 0 | O61: =calculos_quadro!J96 -> 0 | T61: =calculos_quadro!K96 -> 0
D62: Pallets Movimentados | H62: =calculos_quadro!G97 -> — | J62: =calculos_quadro!H97 -> 0 | M62: =calculos_quadro!I97 -> 0 | O62: =calculos_quadro!J97 -> — | T62: =calculos_quadro!K97 -> 0
D63: Caixas Movimentadas | H63: =calculos_quadro!G99 -> — | J63: =calculos_quadro!H99 -> — | M63: =calculos_quadro!I99 -> — | O63: =calculos_quadro!J99 -> 0 | T63: =calculos_quadro!K99 -> 0
D64: Linhas NF | H64: =calculos_quadro!G104 -> 0 | J64: =calculos_quadro!H104 -> — | M64: =calculos_quadro!I104 -> — | O64: =calculos_quadro!J104 -> — | T64: =calculos_quadro!K104 -> 0
B65: OUT | D65: Veículos Expedidos | H65: =calculos_quadro!G105 -> 0 | J65: =calculos_quadro!H105 -> 0 | M65: =calculos_quadro!I105 -> 0 | O65: =calculos_quadro!J105 -> 0 | T65: =calculos_quadro!K105 -> 0
D66: Pallets Movimentados | H66: =calculos_quadro!G106 -> — | J66: =calculos_quadro!H106 -> 0 | M66: =calculos_quadro!I106 -> 0 | O66: =calculos_quadro!J106 -> — | T66: =calculos_quadro!K106 -> 0
D67: Caixas Expedidas | H67: =calculos_quadro!G108 -> — | J67: =calculos_quadro!H108 -> — | M67: =calculos_quadro!I108 -> — | O67: =calculos_quadro!J108 -> 0 | T67: =calculos_quadro!K108 -> 0
D68: Linhas NF | H68: =calculos_quadro!G113 -> 0 | J68: =calculos_quadro!H113 -> — | M68: =calculos_quadro!I113 -> — | O68: =calculos_quadro!J113 -> — | T68: =calculos_quadro!K113 -> 0
B69: NC | D69: Incidentes | H69: =calculos_quadro!G114 -> 0 | J69: =calculos_quadro!H114 -> 0 | M69: =calculos_quadro!I114 -> 0 | O69: =calculos_quadro!J114 -> 0 | T69: =calculos_quadro!K114 -> 0
